"crop_rep_number","crop_id","crop_label_english","crop_label","crop_name","season_grown","season_grown.all_year","season_grown.dry_cold","season_grown.dry_hot","season_grown.rain","crop_measurement","crop_measurement_q_en","crop_measurement_q_fr","crop_area","crop_area_unit","crop_area_unit_label","crop_area_conversion","crop_area_conversion_input","crop_area_conversion_col","crop_area_ha","crop_area_ha_2dp","crop_area_ha_note","crop_harvest","crop_yield","crop_yield_units","crop_yield_units_label","crop_yield_units_conversion","crop_yield_conversion_input","crop_yield_units_conversion_col","crop_yield_kg","crop_yield_kg_2dp","crop_yield_note","crop_yield_area","crop_yield_area_2dp","crop_yield_kg_ha","crop_yield_kg_ha_2dp","crop_yield_note2","crop_yield_note3","crop_intercrop","crop_land_area","crop_no2","crop_use","crop_use.eat","crop_use.feed_livestock","crop_use.givetrade","crop_use.no_answer","crop_use.no_harvest","crop_use.save_seed","crop_use.sell","crop_no3","crop_consumed_prop","crop_sold_prop","crop_feed_lstk_prop","crop_seed_saved_prop","crop_no4","crop_sold_income","crop_sold_price_quantityunits","crop_price_quantityunits_other","crop_no5","crop_who_control_revenue","crop_who_control_revenue.Female_adult","crop_who_control_revenue.Female_Youth","crop_who_control_revenue.Male_adult","crop_who_control_revenue.Male_Child","crop_who_control_revenue.Male_Youth","crop_who_control_revenue.no_answer","crop_consume_control","crop_consume_control.Female_adult","crop_consume_control.Female_Youth","crop_consume_control.Male_adult","crop_consume_control.Male_Child","crop_consume_control.Male_Youth","crop_consume_control.no_answer","crop_no6","crop_residue_use","crop_residue_use.burn","crop_residue_use.compost","crop_residue_use.construction","crop_residue_use.feed","crop_residue_use.fuel","crop_residue_use.no_answer","crop_residue_use.sell","crop_residue_use.soil","PARENT_KEY","KEY","crop_label_french","household_id"
1,36,"Peanut","Arachide",NA,"rain",0,0,0,1,"area","In total, how much land did you use for growing Arachide during the last 12 months?","Au total, quelle superficie avez-vous utilisée pour Arachide au cours des 12 dernier mois ?",25,2,"Hectares",1,NA,1,25,25,NA,"normal_harvest",15,2,"Tonnes",1000,NA,1000,15000,15000,NA,0.6,0.6,600,600,NA,NA,"monoculture","All",NA,"eat sell feed_livestock save_seed",1,1,0,0,0,1,1,NA,"All","UnderHalf","Little","UnderHalf",NA,4575000,"total_income_per_year",NA,NA,"Male_adult",0,0,1,0,0,0,"Male_adult",0,0,1,0,0,0,NA,"feed",0,0,0,1,0,0,0,0,"uuid:4f6afde8-c888-45a2-9a84-7fb3e46c969a","uuid:4f6afde8-c888-45a2-9a84-7fb3e46c969a/survey_grp/SECTION_Crop_Productivity/crop_repeat[1]","Arachide","88"
1,36,"Peanut","Arachide",NA,"rain",0,0,0,1,"area","In total, how much land did you use for growing Arachide during the last 12 months?","Au total, quelle superficie avez-vous utilisée pour Arachide au cours des 12 dernier mois ?",1,2,"Hectares",1,NA,1,1,1,NA,"normal_harvest",600,1,"Kg",1,NA,1,600,600,NA,600,600,600,600,NA,NA,"monoculture","Most",NA,"eat feed_livestock save_seed",1,1,0,0,0,1,0,NA,"All","","Little","UnderHalf",NA,NA,"",NA,NA,"",0,0,0,0,0,0,"no_answer",0,0,0,0,0,1,NA,"feed",0,0,0,1,0,0,0,0,"uuid:fc1c3a8a-7a2d-42f1-a6a0-058a2dcaabcd","uuid:fc1c3a8a-7a2d-42f1-a6a0-058a2dcaabcd/survey_grp/SECTION_Crop_Productivity/crop_repeat[1]","Arachide","89"
2,37,"Millet","Mil",NA,"rain",0,0,0,1,"area","In total, how much land did you use for growing Mil during the last 12 months?","Au total, quelle superficie avez-vous utilisée pour Mil au cours des 12 dernier mois ?",2,2,"Hectares",1,NA,1,2,2,NA,"normal_harvest",2,2,"Tonnes",1000,NA,1000,2000,2000,NA,1,1,1000,1000,NA,NA,"monoculture","Most",NA,"eat feed_livestock save_seed",1,1,0,0,0,1,0,NA,"All","","Little","UnderHalf",NA,NA,"",NA,NA,"",0,0,0,0,0,0,"no_answer",0,0,0,0,0,1,NA,"feed",0,0,0,1,0,0,0,0,"uuid:fc1c3a8a-7a2d-42f1-a6a0-058a2dcaabcd","uuid:fc1c3a8a-7a2d-42f1-a6a0-058a2dcaabcd/survey_grp/SECTION_Crop_Productivity/crop_repeat[2]","Mil","89"
1,37,"Millet","Mil",NA,"rain",0,0,0,1,"area","In total, how much land did you use for growing Mil during the last 12 months?","Au total, quelle superficie avez-vous utilisée pour Mil au cours des 12 dernier mois ?",6,2,"Hectares",1,NA,1,6,6,NA,"normal_harvest",10,2,"Tonnes",1000,NA,1000,10000,10000,NA,1.6666666666666667,1.67,1666.6666666666667,1666.67,NA,NA,"monoculture","All",NA,"eat sell feed_livestock save_seed",1,1,0,0,0,1,1,NA,"All","Most","Little","UnderHalf",NA,175,"price_per_kg",NA,NA,"no_answer",0,0,0,0,0,1,"no_answer",0,0,0,0,0,1,NA,"feed",0,0,0,1,0,0,0,0,"uuid:5ba80515-cd72-459f-81bb-19eddeae6414","uuid:5ba80515-cd72-459f-81bb-19eddeae6414/survey_grp/SECTION_Crop_Productivity/crop_repeat[1]","Mil","X4OBZH"
2,36,"Peanut","Arachide",NA,"rain",0,0,0,1,"area","In total, how much land did you use for growing Arachide during the last 12 months?","Au total, quelle superficie avez-vous utilisée pour Arachide au cours des 12 dernier mois ?",4,2,"Hectares",1,NA,1,4,4,NA,"normal_harvest",4,2,"Tonnes",1000,NA,1000,4000,4000,NA,1,1,1000,1000,NA,NA,"monoculture","All",NA,"eat save_seed feed_livestock sell",1,1,0,0,0,1,1,NA,"All","Little","Little","UnderHalf",NA,305,"price_per_kg",NA,NA,"no_answer",0,0,0,0,0,1,"no_answer",0,0,0,0,0,1,NA,"feed",0,0,0,1,0,0,0,0,"uuid:5ba80515-cd72-459f-81bb-19eddeae6414","uuid:5ba80515-cd72-459f-81bb-19eddeae6414/survey_grp/SECTION_Crop_Productivity/crop_repeat[2]","Arachide","X4OBZH"
3,1,"Maize","Maïs",NA,"rain",0,0,0,1,"area","In total, how much land did you use for growing Maïs during the last 12 months?","Au total, quelle superficie avez-vous utilisée pour Maïs au cours des 12 dernier mois ?",2,2,"Hectares",1,NA,1,2,2,NA,"normal_harvest",6,2,"Tonnes",1000,NA,1000,6000,6000,NA,3,3,3000,3000,NA,NA,"monoculture","All",NA,"eat sell feed_livestock save_seed",1,1,0,0,0,1,1,NA,"All","UnderHalf","Little","UnderHalf",NA,150,"price_per_kg",NA,NA,"no_answer",0,0,0,0,0,1,"no_answer",0,0,0,0,0,1,NA,"feed",0,0,0,1,0,0,0,0,"uuid:5ba80515-cd72-459f-81bb-19eddeae6414","uuid:5ba80515-cd72-459f-81bb-19eddeae6414/survey_grp/SECTION_Crop_Productivity/crop_repeat[3]","Maïs","X4OBZH"
1,36,"Peanut","Arachide",NA,"rain",0,0,0,1,"area","In total, how much land did you use for growing Arachide during the last 12 months?","Au total, quelle superficie avez-vous utilisée pour Arachide au cours des 12 dernier mois ?",2,2,"Hectares",1,NA,1,2,2,NA,"normal_harvest",1350,1,"Kg",1,NA,1,1350,1350,NA,675,675,675,675,NA,NA,"monoculture","Most",NA,"save_seed",0,0,0,0,0,1,0,NA,"","","","",NA,NA,"",NA,NA,"",0,0,0,0,0,0,"",0,0,0,0,0,0,NA,"soil feed sell",0,0,0,1,0,0,1,1,"uuid:e51a4193-b91b-4952-8765-acf9e7f684b4","uuid:e51a4193-b91b-4952-8765-acf9e7f684b4/survey_grp/SECTION_Crop_Productivity/crop_repeat[1]","Arachide","71"
1,30,"Onion","Oignon",NA,"dry_cold dry_hot",0,1,1,0,"area","In total, how much land did you use for growing Oignon during the last 12 months?","Au total, quelle superficie avez-vous utilisée pour Oignon au cours des 12 dernier mois ?",1,2,"Hectares",1,NA,1,1,1,NA,"normal_harvest",6800,1,"Kg",1,NA,1,6800,6800,NA,6800,6800,6800,6800,NA,NA,"intercrop","Half",NA,"eat sell",1,0,0,0,0,0,1,NA,"Little","Most","","",NA,600000,"total_income_per_year",NA,NA,"Male_adult",0,0,1,0,0,0,"Male_adult Female_Youth",0,1,1,0,0,0,NA,"soil compost",0,1,0,0,0,0,0,1,"uuid:2615701c-647c-4d1a-8261-7e7aaca72815","uuid:2615701c-647c-4d1a-8261-7e7aaca72815/survey_grp/SECTION_Crop_Productivity/crop_repeat[1]","Oignon","21"
1,30,"Onion","Oignon",NA,"dry_cold dry_hot",0,1,1,0,"area","In total, how much land did you use for growing Oignon during the last 12 months?","Au total, quelle superficie avez-vous utilisée pour Oignon au cours des 12 dernier mois ?",1,2,"Hectares",1,NA,1,1,1,NA,"normal_harvest",6.5,2,"Tonnes",1000,NA,1000,6500,6500,NA,6.5,6.5,6500,6500,NA,NA,"intercrop","Most",NA,"eat sell",1,0,0,0,0,0,1,NA,"Little","Most","","",NA,650000,"total_income_per_year",NA,NA,"Female_adult Male_Youth",1,0,0,0,1,0,"Female_adult Male_Youth",1,0,0,0,1,0,NA,"soil",0,0,0,0,0,0,0,1,"uuid:58f0bd1f-700d-40f5-aca0-f8a3f19fb3ec","uuid:58f0bd1f-700d-40f5-aca0-f8a3f19fb3ec/survey_grp/SECTION_Crop_Productivity/crop_repeat[1]","Oignon","22"
1,30,"Onion","Oignon",NA,"dry_hot dry_cold",0,1,1,0,"area","In total, how much land did you use for growing Oignon during the last 12 months?","Au total, quelle superficie avez-vous utilisée pour Oignon au cours des 12 dernier mois ?",1,2,"Hectares",1,NA,1,1,1,NA,"normal_harvest",6500,1,"Kg",1,NA,1,6500,6500,NA,6500,6500,6500,6500,NA,NA,"intercrop","Half",NA,"eat sell",1,0,0,0,0,0,1,NA,"Little","Most","","",NA,650000,"total_income_per_year",NA,NA,"Male_adult",0,0,1,0,0,0,"Male_adult",0,0,1,0,0,0,NA,"compost soil",0,1,0,0,0,0,0,1,"uuid:befcb4be-5146-4f08-869f-15a6b6e18086","uuid:befcb4be-5146-4f08-869f-15a6b6e18086/survey_grp/SECTION_Crop_Productivity/crop_repeat[1]","Oignon","20"
1,30,"Onion","Oignon",NA,"dry_cold dry_hot",0,1,1,0,"area","In total, how much land did you use for growing Oignon during the last 12 months?","Au total, quelle superficie avez-vous utilisée pour Oignon au cours des 12 dernier mois ?",1,2,"Hectares",1,NA,1,1,1,NA,"normal_harvest",6500,1,"Kg",1,NA,1,6500,6500,NA,6500,6500,6500,6500,NA,NA,"intercrop","Most",NA,"eat sell",1,0,0,0,0,0,1,NA,"UnderHalf","Most","","",NA,450000,"total_income_per_year",NA,NA,"Female_adult Female_Youth",1,1,0,0,0,0,"Female_adult Female_Youth",1,1,0,0,0,0,NA,"soil",0,0,0,0,0,0,0,1,"uuid:48dc26b1-7bb0-4a31-bc01-0b5d0a1999ea","uuid:48dc26b1-7bb0-4a31-bc01-0b5d0a1999ea/survey_grp/SECTION_Crop_Productivity/crop_repeat[1]","Oignon","8"
1,36,"Peanut","Arachide",NA,"rain",0,0,0,1,"area","In total, how much land did you use for growing Arachide during the last 12 months?","Au total, quelle superficie avez-vous utilisée pour Arachide au cours des 12 dernier mois ?",1,2,"Hectares",1,NA,1,1,1,NA,"normal_harvest",400,1,"Kg",1,NA,1,400,400,NA,400,400,400,400,NA,NA,"monoculture","Most",NA,"eat sell feed_livestock",1,1,0,0,0,0,1,NA,"UnderHalf","Most","Little","",NA,150000,"total_income_per_year",NA,NA,"Male_adult",0,0,1,0,0,0,"Male_adult Female_adult",1,0,1,0,0,0,NA,"feed sell",0,0,0,1,0,0,1,0,"uuid:f3980787-4c02-4e6d-b63e-af1ee9c7a90f","uuid:f3980787-4c02-4e6d-b63e-af1ee9c7a90f/survey_grp/SECTION_Crop_Productivity/crop_repeat[1]","Arachide","5"
1,37,"Millet","Mil",NA,"rain",0,0,0,1,"area","In total, how much land did you use for growing Mil during the last 12 months?","Au total, quelle superficie avez-vous utilisée pour Mil au cours des 12 dernier mois ?",0.25,2,"Hectares",1,NA,1,0.25,0.25,NA,"normal_harvest",4,8,"Sac de 50 Kg",50,NA,50,200,200,NA,16,16,800,800,NA,NA,"intercrop","Half",NA,"eat save_seed sell",1,0,0,0,0,1,1,NA,"UnderHalf","UnderHalf","","Little",NA,30000,"total_income_per_year",NA,NA,"Male_adult",0,0,1,0,0,0,"Male_adult",0,0,1,0,0,0,NA,"soil feed compost",0,1,0,1,0,0,0,1,"uuid:040b8d42-9bb3-4567-9935-470a89460410","uuid:040b8d42-9bb3-4567-9935-470a89460410/survey_grp/SECTION_Crop_Productivity/crop_repeat[1]","Mil","308"
2,53,"Cowpea","Niébé",NA,"rain",0,0,0,1,"area","In total, how much land did you use for growing Niébé during the last 12 months?","Au total, quelle superficie avez-vous utilisée pour Niébé au cours des 12 dernier mois ?",0.2,2,"Hectares",1,NA,1,0.2,0.2,NA,"bad_harvest",2,8,"Sac de 50 Kg",50,NA,50,100,100,NA,10,10,500,500,NA,NA,"intercrop","UnderHalf",NA,"eat sell save_seed",1,0,0,0,0,1,1,NA,"None","Half","","Little",NA,40000,"total_income_per_year",NA,NA,"Male_adult",0,0,1,0,0,0,"Male_adult",0,0,1,0,0,0,NA,"feed soil compost",0,1,0,1,0,0,0,1,"uuid:040b8d42-9bb3-4567-9935-470a89460410","uuid:040b8d42-9bb3-4567-9935-470a89460410/survey_grp/SECTION_Crop_Productivity/crop_repeat[2]","Niébé","308"
1,37,"Millet","Mil",NA,"rain",0,0,0,1,"area","In total, how much land did you use for growing Mil during the last 12 months?","Au total, quelle superficie avez-vous utilisée pour Mil au cours des 12 dernier mois ?",0.5,2,"Hectares",1,NA,1,0.5,0.5,NA,"bad_harvest",2,8,"Sac de 50 Kg",50,NA,50,100,100,NA,4,4,200,200,NA,NA,"monoculture","All",NA,"eat",1,0,0,0,0,0,0,NA,"","","","",NA,NA,"",NA,NA,"",0,0,0,0,0,0,"Male_adult",0,0,1,0,0,0,NA,"compost feed",0,1,0,1,0,0,0,0,"uuid:7319a80c-42ab-46b7-8b82-07910f7a8263","uuid:7319a80c-42ab-46b7-8b82-07910f7a8263/survey_grp/SECTION_Crop_Productivity/crop_repeat[1]","Mil","447"
1,37,"Millet","Mil",NA,"rain",0,0,0,1,"area","In total, how much land did you use for growing Mil during the last 12 months?","Au total, quelle superficie avez-vous utilisée pour Mil au cours des 12 dernier mois ?",0.4,2,"Hectares",1,NA,1,0.4,0.4,NA,"normal_harvest",20,8,"Sac de 50 Kg",50,NA,50,1000,1000,NA,50,50,2500,2500,NA,NA,"monoculture","All",NA,"eat givetrade save_seed",1,0,1,0,0,1,0,NA,"Half","","","Little",NA,NA,"",NA,NA,"",0,0,0,0,0,0,"Male_adult",0,0,1,0,0,0,NA,"feed soil compost",0,1,0,1,0,0,0,1,"uuid:ee614033-2861-48fd-a0dd-cdd6c87d1864","uuid:ee614033-2861-48fd-a0dd-cdd6c87d1864/survey_grp/SECTION_Crop_Productivity/crop_repeat[1]","Mil","O74I8E"
1,37,"Millet","Mil",NA,"rain",0,0,0,1,"area","In total, how much land did you use for growing Mil during the last 12 months?","Au total, quelle superficie avez-vous utilisée pour Mil au cours des 12 dernier mois ?",1.5,2,"Hectares",1,NA,1,1.5,1.5,NA,"good_harvest",15,8,"Sac de 50 Kg",50,NA,50,750,750,NA,10,10,500,500,NA,NA,"intercrop","UnderHalf",NA,"eat save_seed",1,0,0,0,0,1,0,NA,"Most","","","UnderHalf",NA,NA,"",NA,NA,"",0,0,0,0,0,0,"Male_adult Female_adult",1,0,1,0,0,0,NA,"soil feed compost",0,1,0,1,0,0,0,1,"uuid:d1f9a901-0ddc-4811-a3e5-319da503fccb","uuid:d1f9a901-0ddc-4811-a3e5-319da503fccb/survey_grp/SECTION_Crop_Productivity/crop_repeat[1]","Mil","193"
2,36,"Peanut","Arachide",NA,"rain",0,0,0,1,"area","In total, how much land did you use for growing Arachide during the last 12 months?","Au total, quelle superficie avez-vous utilisée pour Arachide au cours des 12 dernier mois ?",1.5,2,"Hectares",1,NA,1,1.5,1.5,NA,"bad_harvest",100,1,"Kg",1,NA,1,100,100,NA,66.66666666666667,66.67,66.66666666666667,66.67,NA,NA,"intercrop","UnderHalf",NA,"eat save_seed feed_livestock",1,1,0,0,0,1,0,NA,"UnderHalf","","Little","Half",NA,NA,"",NA,NA,"",0,0,0,0,0,0,"Male_adult Female_adult",1,0,1,0,0,0,NA,"feed soil compost",0,1,0,1,0,0,0,1,"uuid:d1f9a901-0ddc-4811-a3e5-319da503fccb","uuid:d1f9a901-0ddc-4811-a3e5-319da503fccb/survey_grp/SECTION_Crop_Productivity/crop_repeat[2]","Arachide","193"
1,36,"Peanut","Arachide",NA,"rain",0,0,0,1,"area","In total, how much land did you use for growing Arachide during the last 12 months?","Au total, quelle superficie avez-vous utilisée pour Arachide au cours des 12 dernier mois ?",1,2,"Hectares",1,NA,1,1,1,NA,"bad_harvest",150,1,"Kg",1,NA,1,150,150,NA,150,150,150,150,NA,NA,"monoculture","UnderHalf",NA,"eat feed_livestock",1,1,0,0,0,0,0,NA,"All","","Little","",NA,NA,"",NA,NA,"",0,0,0,0,0,0,"Female_adult Male_adult",1,0,1,0,0,0,NA,"feed soil compost",0,1,0,1,0,0,0,1,"uuid:dde7db34-7aed-457e-9b46-f3b96b9ce3b1","uuid:dde7db34-7aed-457e-9b46-f3b96b9ce3b1/survey_grp/SECTION_Crop_Productivity/crop_repeat[1]","Arachide","I2XEN5"
2,37,"Millet","Mil",NA,"rain",0,0,0,1,"area","In total, how much land did you use for growing Mil during the last 12 months?","Au total, quelle superficie avez-vous utilisée pour Mil au cours des 12 dernier mois ?",0.7,2,"Hectares",1,NA,1,0.7,0.7,NA,"normal_harvest",6,8,"Sac de 50 Kg",50,NA,50,300,300,NA,8.571428571428571,8.57,428.5714285714286,428.57,NA,NA,"monoculture","UnderHalf",NA,"eat",1,0,0,0,0,0,0,NA,"","","","",NA,NA,"",NA,NA,"",0,0,0,0,0,0,"Male_adult Female_adult",1,0,1,0,0,0,NA,"construction feed soil",0,0,1,1,0,0,0,1,"uuid:dde7db34-7aed-457e-9b46-f3b96b9ce3b1","uuid:dde7db34-7aed-457e-9b46-f3b96b9ce3b1/survey_grp/SECTION_Crop_Productivity/crop_repeat[2]","Mil","I2XEN5"
1,54,"Bissap","Bissap",NA,"rain dry_cold",0,1,0,1,"area","In total, how much land did you use for growing Bissap during the last 12 months?","Au total, quelle superficie avez-vous utilisée pour Bissap au cours des 12 dernier mois ?",0.5,2,"Hectares",1,NA,1,0.5,0.5,NA,"normal_harvest",9000,1,"Kg",1,NA,1,9000,9000,NA,18000,18000,18000,18000,NA,NA,"intercrop","Half",NA,"sell eat feed_livestock save_seed",1,1,0,0,0,1,1,NA,"Little","Little","Little","Little",NA,280000,"price_per_kg",NA,NA,"Female_adult",1,0,0,0,0,0,"Female_adult",1,0,0,0,0,0,NA,"soil feed compost",0,1,0,1,0,0,0,1,"uuid:c20cbd30-39f1-4c98-b58e-5ddacce681b4","uuid:c20cbd30-39f1-4c98-b58e-5ddacce681b4/survey_grp/SECTION_Crop_Productivity/crop_repeat[1]","Bissap","U8B8T1"
2,53,"Cowpea","Niébé",NA,"rain",0,0,0,1,"area","In total, how much land did you use for growing Niébé during the last 12 months?","Au total, quelle superficie avez-vous utilisée pour Niébé au cours des 12 dernier mois ?",0.25,2,"Hectares",1,NA,1,0.25,0.25,NA,"bad_harvest",50,1,"Kg",1,NA,1,50,50,NA,200,200,200,200,NA,NA,"monoculture","UnderHalf",NA,"eat feed_livestock",1,1,0,0,0,0,0,NA,"Most","","UnderHalf","",NA,NA,"",NA,NA,"",0,0,0,0,0,0,"Female_adult",1,0,0,0,0,0,NA,"soil feed compost",0,1,0,1,0,0,0,1,"uuid:c20cbd30-39f1-4c98-b58e-5ddacce681b4","uuid:c20cbd30-39f1-4c98-b58e-5ddacce681b4/survey_grp/SECTION_Crop_Productivity/crop_repeat[2]","Niébé","U8B8T1"
2,37,"Millet","Mil",NA,"rain",0,0,0,1,"area","In total, how much land did you use for growing Mil during the last 12 months?","Au total, quelle superficie avez-vous utilisée pour Mil au cours des 12 dernier mois ?",1,2,"Hectares",1,NA,1,1,1,NA,"normal_harvest",1,2,"Tonnes",1000,NA,1000,1000,1000,NA,1,1,1000,1000,NA,NA,"monoculture","All",NA,"eat feed_livestock save_seed",1,1,0,0,0,1,0,NA,"All","","Little","UnderHalf",NA,NA,"",NA,NA,"",0,0,0,0,0,0,"no_answer",0,0,0,0,0,1,NA,"feed",0,0,0,1,0,0,0,0,"uuid:2b80e6e7-cf79-4689-afec-c879e4d78c03","uuid:2b80e6e7-cf79-4689-afec-c879e4d78c03/survey_grp/SECTION_Crop_Productivity/crop_repeat[2]","Mil","100"
1,36,"Peanut","Arachide",NA,"rain",0,0,0,1,"area","In total, how much land did you use for growing Arachide during the last 12 months?","Au total, quelle superficie avez-vous utilisée pour Arachide au cours des 12 dernier mois ?",1,2,"Hectares",1,NA,1,1,1,NA,"normal_harvest",500,1,"Kg",1,NA,1,500,500,NA,500,500,500,500,NA,NA,"monoculture","Most",NA,"sell eat save_seed feed_livestock",1,1,0,0,0,1,1,NA,"All","UnderHalf","Little","UnderHalf",NA,250,"price_per_kg",NA,NA,"no_answer",0,0,0,0,0,1,"no_answer",0,0,0,0,0,1,NA,"feed",0,0,0,1,0,0,0,0,"uuid:87d0abc8-4559-4180-875d-779e709f7059","uuid:87d0abc8-4559-4180-875d-779e709f7059/survey_grp/SECTION_Crop_Productivity/crop_repeat[1]","Arachide","97"
2,37,"Millet","Mil",NA,"rain",0,0,0,1,"area","In total, how much land did you use for growing Mil during the last 12 months?","Au total, quelle superficie avez-vous utilisée pour Mil au cours des 12 dernier mois ?",1,2,"Hectares",1,NA,1,1,1,NA,"normal_harvest",2,2,"Tonnes",1000,NA,1000,2000,2000,NA,2,2,2000,2000,NA,NA,"monoculture","All",NA,"eat feed_livestock save_seed",1,1,0,0,0,1,0,NA,"All","","Little","UnderHalf",NA,NA,"",NA,NA,"",0,0,0,0,0,0,"no_answer",0,0,0,0,0,1,NA,"feed",0,0,0,1,0,0,0,0,"uuid:87d0abc8-4559-4180-875d-779e709f7059","uuid:87d0abc8-4559-4180-875d-779e709f7059/survey_grp/SECTION_Crop_Productivity/crop_repeat[2]","Mil","97"
1,36,"Peanut","Arachide",NA,"rain",0,0,0,1,"area","In total, how much land did you use for growing Arachide during the last 12 months?","Au total, quelle superficie avez-vous utilisée pour Arachide au cours des 12 dernier mois ?",1,2,"Hectares",1,NA,1,1,1,NA,"normal_harvest",500,1,"Kg",1,NA,1,500,500,NA,500,500,500,500,NA,NA,"monoculture","Most",NA,"eat sell feed_livestock save_seed",1,1,0,0,0,1,1,NA,"All","UnderHalf","Little","UnderHalf",NA,250,"price_per_kg",NA,NA,"no_answer",0,0,0,0,0,1,"no_answer",0,0,0,0,0,1,NA,"feed",0,0,0,1,0,0,0,0,"uuid:98fd8f14-9a18-4f20-aa79-35c3bb959a3d","uuid:98fd8f14-9a18-4f20-aa79-35c3bb959a3d/survey_grp/SECTION_Crop_Productivity/crop_repeat[1]","Arachide","SOR48M"
1,36,"Peanut","Arachide",NA,"rain",0,0,0,1,"area","In total, how much land did you use for growing Arachide during the last 12 months?","Au total, quelle superficie avez-vous utilisée pour Arachide au cours des 12 dernier mois ?",1,2,"Hectares",1,NA,1,1,1,NA,"normal_harvest",1,2,"Tonnes",1000,NA,1000,1000,1000,NA,1,1,1000,1000,NA,NA,"intercrop","UnderHalf",NA,"sell eat save_seed",1,0,0,0,0,1,1,NA,"UnderHalf","Most","","Little",NA,300000,"total_income_per_year",NA,NA,"Female_adult",1,0,0,0,0,0,"Female_adult",1,0,0,0,0,0,NA,"feed",0,0,0,1,0,0,0,0,"uuid:7a1e33cd-7931-4083-ba87-1e4c8f764f7a","uuid:7a1e33cd-7931-4083-ba87-1e4c8f764f7a/survey_grp/SECTION_Crop_Productivity/crop_repeat[1]","Arachide","98"
1,36,"Peanut","Arachide",NA,"rain",0,0,0,1,"area","In total, how much land did you use for growing Arachide during the last 12 months?","Au total, quelle superficie avez-vous utilisée pour Arachide au cours des 12 dernier mois ?",2,2,"Hectares",1,NA,1,2,2,NA,"normal_harvest",2,2,"Tonnes",1000,NA,1000,2000,2000,NA,1,1,1000,1000,NA,NA,"intercrop","Most",NA,"eat sell save_seed feed_livestock",1,1,0,0,0,1,1,NA,"UnderHalf","Most","Little","Little",NA,500000,"total_income_per_year",NA,NA,"Male_adult",0,0,1,0,0,0,"Male_adult",0,0,1,0,0,0,NA,"soil feed",0,0,0,1,0,0,0,1,"uuid:58673e62-c32b-4a0d-8732-5fc7d5680cd1","uuid:58673e62-c32b-4a0d-8732-5fc7d5680cd1/survey_grp/SECTION_Crop_Productivity/crop_repeat[1]","Arachide","103"
1,37,"Millet","Mil",NA,"rain",0,0,0,1,"area","In total, how much land did you use for growing Mil during the last 12 months?","Au total, quelle superficie avez-vous utilisée pour Mil au cours des 12 dernier mois ?",3,2,"Hectares",1,NA,1,3,3,NA,"bad_harvest",700,1,"Kg",1,NA,1,700,700,NA,233.33333333333334,233.33,233.33333333333334,233.33,NA,NA,"monoculture","UnderHalf",NA,"eat",1,0,0,0,0,0,0,NA,"","","","",NA,NA,"",NA,NA,"",0,0,0,0,0,0,"Male_adult",0,0,1,0,0,0,NA,"soil feed compost construction",0,1,1,1,0,0,0,1,"uuid:033c7523-b0f8-4adf-8aa0-f0ae6af44258","uuid:033c7523-b0f8-4adf-8aa0-f0ae6af44258/survey_grp/SECTION_Crop_Productivity/crop_repeat[1]","Mil","F395Z8"
1,36,"Peanut","Arachide",NA,"rain",0,0,0,1,"area","In total, how much land did you use for growing Arachide during the last 12 months?","Au total, quelle superficie avez-vous utilisée pour Arachide au cours des 12 dernier mois ?",1,2,"Hectares",1,NA,1,1,1,NA,"normal_harvest",700,1,"Kg",1,NA,1,700,700,NA,700,700,700,700,NA,NA,"intercrop","Half",NA,"eat sell save_seed feed_livestock",1,1,0,0,0,1,1,NA,"Half","Half","Little","Little",NA,0,"total_income_per_year",NA,NA,"Female_adult",1,0,0,0,0,0,"Female_adult",1,0,0,0,0,0,NA,"soil feed compost construction sell",0,1,1,1,0,0,1,1,"uuid:e3f977a7-65a7-48a1-bea6-ce531a020075","uuid:e3f977a7-65a7-48a1-bea6-ce531a020075/survey_grp/SECTION_Crop_Productivity/crop_repeat[1]","Arachide","104"
1,37,"Millet","Mil",NA,"rain",0,0,0,1,"area","In total, how much land did you use for growing Mil during the last 12 months?","Au total, quelle superficie avez-vous utilisée pour Mil au cours des 12 dernier mois ?",1,2,"Hectares",1,NA,1,1,1,NA,"normal_harvest",125,1,"Kg",1,NA,1,125,125,NA,125,125,125,125,NA,NA,"monoculture","Little",NA,"eat",1,0,0,0,0,0,0,NA,"","","","",NA,NA,"",NA,NA,"",0,0,0,0,0,0,"Male_Youth",0,0,0,0,1,0,NA,"construction",0,0,1,0,0,0,0,0,"uuid:ec6d8d4c-708e-462b-9c40-75ec525a34c1","uuid:ec6d8d4c-708e-462b-9c40-75ec525a34c1/survey_grp/SECTION_Crop_Productivity/crop_repeat[1]","Mil","1PV5DM"
1,36,"Peanut","Arachide",NA,"rain",0,0,0,1,"area","In total, how much land did you use for growing Arachide during the last 12 months?","Au total, quelle superficie avez-vous utilisée pour Arachide au cours des 12 dernier mois ?",1.5,2,"Hectares",1,NA,1,1.5,1.5,NA,"normal_harvest",400,1,"Kg",1,NA,1,400,400,NA,266.6666666666667,266.67,266.6666666666667,266.67,NA,NA,"monoculture","Half",NA,"sell eat save_seed",1,0,0,0,0,1,1,NA,"Half","Half","","Half",NA,80000,"total_income_per_year",NA,NA,"Male_adult Male_Youth",0,0,1,0,1,0,"Male_adult",0,0,1,0,0,0,NA,"feed sell",0,0,0,1,0,0,1,0,"uuid:45d1f26d-0f5e-44db-ad7c-ea39e9b433b3","uuid:45d1f26d-0f5e-44db-ad7c-ea39e9b433b3/survey_grp/SECTION_Crop_Productivity/crop_repeat[1]","Arachide","526"
1,37,"Millet","Mil",NA,"rain",0,0,0,1,"area","In total, how much land did you use for growing Mil during the last 12 months?","Au total, quelle superficie avez-vous utilisée pour Mil au cours des 12 dernier mois ?",2,2,"Hectares",1,NA,1,2,2,NA,"normal_harvest",630,1,"Kg",1,NA,1,630,630,NA,315,315,315,315,NA,NA,"monoculture","Most",NA,"eat sell save_seed",1,0,0,0,0,1,1,NA,"Half","Half","","Little",NA,61250,"total_income_per_year",NA,NA,"Male_adult",0,0,1,0,0,0,"Male_adult",0,0,1,0,0,0,NA,"soil",0,0,0,0,0,0,0,1,"uuid:0f1e7912-04b8-4c4e-be1d-728814a35fd0","uuid:0f1e7912-04b8-4c4e-be1d-728814a35fd0/survey_grp/SECTION_Crop_Productivity/crop_repeat[1]","Mil","584"
1,30,"Onion","Oignon",NA,"dry_cold dry_hot",0,1,1,0,"area","In total, how much land did you use for growing Oignon during the last 12 months?","Au total, quelle superficie avez-vous utilisée pour Oignon au cours des 12 dernier mois ?",0.4,2,"Hectares",1,NA,1,0.4,0.4,NA,"normal_harvest",3500,1,"Kg",1,NA,1,3500,3500,NA,8750,8750,8750,8750,NA,NA,"intercrop","Most",NA,"eat sell",1,0,0,0,0,0,1,NA,"UnderHalf","Most","","",NA,500000,"total_income_per_year",NA,NA,"Male_adult",0,0,1,0,0,0,"Male_adult Female_adult",1,0,1,0,0,0,NA,"soil fuel compost",0,1,0,0,1,0,0,1,"uuid:986762f5-9e62-4b36-a67f-194fe6e0cb9f","uuid:986762f5-9e62-4b36-a67f-194fe6e0cb9f/survey_grp/SECTION_Crop_Productivity/crop_repeat[1]","Oignon","14"
2,49,"Tomatoes","Tomates",NA,"dry_cold dry_hot",0,1,1,0,"area","In total, how much land did you use for growing Tomates during the last 12 months?","Au total, quelle superficie avez-vous utilisée pour Tomates au cours des 12 dernier mois ?",0.3,2,"Hectares",1,NA,1,0.3,0.3,NA,"normal_harvest",500,1,"Kg",1,NA,1,500,500,NA,1666.6666666666667,1666.67,1666.6666666666667,1666.67,NA,NA,"intercrop","Most",NA,"eat sell",1,0,0,0,0,0,1,NA,"UnderHalf","Most","","",NA,200000,"total_income_per_year",NA,NA,"Male_adult",0,0,1,0,0,0,"Male_adult Female_adult",1,0,1,0,0,0,NA,"soil fuel compost",0,1,0,0,1,0,0,1,"uuid:986762f5-9e62-4b36-a67f-194fe6e0cb9f","uuid:986762f5-9e62-4b36-a67f-194fe6e0cb9f/survey_grp/SECTION_Crop_Productivity/crop_repeat[2]","Tomates","14"
1,38,"Rice","Riz",NA,"rain",0,0,0,1,"area","In total, how much land did you use for growing Riz during the last 12 months?","Au total, quelle superficie avez-vous utilisée pour Riz au cours des 12 dernier mois ?",1,2,"Hectares",1,NA,1,1,1,NA,"normal_harvest",400,1,"Kg",1,NA,1,400,400,NA,400,400,400,400,NA,NA,"monoculture","All",NA,"save_seed eat",1,0,0,0,0,1,0,NA,"All","","","UnderHalf",NA,NA,"",NA,NA,"",0,0,0,0,0,0,"Male_adult",0,0,1,0,0,0,NA,"feed",0,0,0,1,0,0,0,0,"uuid:687010a0-8bd2-4003-b08e-0a37769d118a","uuid:687010a0-8bd2-4003-b08e-0a37769d118a/survey_grp/SECTION_Crop_Productivity/crop_repeat[1]","Riz","9V1SWT"
2,37,"Millet","Mil",NA,"rain",0,0,0,1,"area","In total, how much land did you use for growing Mil during the last 12 months?","Au total, quelle superficie avez-vous utilisée pour Mil au cours des 12 dernier mois ?",3,2,"Hectares",1,NA,1,3,3,NA,"normal_harvest",2,2,"Tonnes",1000,NA,1000,2000,2000,NA,0.6666666666666666,0.67,666.6666666666666,666.67,NA,NA,"monoculture","Most",NA,"eat",1,0,0,0,0,0,0,NA,"","","","",NA,NA,"",NA,NA,"",0,0,0,0,0,0,"Male_adult",0,0,1,0,0,0,NA,"feed",0,0,0,1,0,0,0,0,"uuid:687010a0-8bd2-4003-b08e-0a37769d118a","uuid:687010a0-8bd2-4003-b08e-0a37769d118a/survey_grp/SECTION_Crop_Productivity/crop_repeat[2]","Mil","9V1SWT"
3,36,"Peanut","Arachide",NA,"rain",0,0,0,1,"area","In total, how much land did you use for growing Arachide during the last 12 months?","Au total, quelle superficie avez-vous utilisée pour Arachide au cours des 12 dernier mois ?",3,2,"Hectares",1,NA,1,3,3,NA,"normal_harvest",1,2,"Tonnes",1000,NA,1000,1000,1000,NA,0.3333333333333333,0.33,333.3333333333333,333.33,NA,NA,"monoculture","Most",NA,"eat save_seed feed_livestock",1,1,0,0,0,1,0,NA,"All","","UnderHalf","UnderHalf",NA,NA,"",NA,NA,"",0,0,0,0,0,0,"Male_adult",0,0,1,0,0,0,NA,"feed",0,0,0,1,0,0,0,0,"uuid:687010a0-8bd2-4003-b08e-0a37769d118a","uuid:687010a0-8bd2-4003-b08e-0a37769d118a/survey_grp/SECTION_Crop_Productivity/crop_repeat[3]","Arachide","9V1SWT"
4,1,"Maize","Maïs",NA,"rain",0,0,0,1,"area","In total, how much land did you use for growing Maïs during the last 12 months?","Au total, quelle superficie avez-vous utilisée pour Maïs au cours des 12 dernier mois ?",1,2,"Hectares",1,NA,1,1,1,NA,"normal_harvest",1,2,"Tonnes",1000,NA,1000,1000,1000,NA,1,1,1000,1000,NA,NA,"monoculture","All",NA,"eat feed_livestock save_seed",1,1,0,0,0,1,0,NA,"UnderHalf","","UnderHalf","UnderHalf",NA,NA,"",NA,NA,"",0,0,0,0,0,0,"Male_adult",0,0,1,0,0,0,NA,"feed",0,0,0,1,0,0,0,0,"uuid:687010a0-8bd2-4003-b08e-0a37769d118a","uuid:687010a0-8bd2-4003-b08e-0a37769d118a/survey_grp/SECTION_Crop_Productivity/crop_repeat[4]","Maïs","9V1SWT"
1,37,"Millet","Mil",NA,"rain",0,0,0,1,"area","In total, how much land did you use for growing Mil during the last 12 months?","Au total, quelle superficie avez-vous utilisée pour Mil au cours des 12 dernier mois ?",2,2,"Hectares",1,NA,1,2,2,NA,"normal_harvest",3,2,"Tonnes",1000,NA,1000,3000,3000,NA,1.5,1.5,1500,1500,NA,NA,"monoculture","Most",NA,"eat save_seed",1,0,0,0,0,1,0,NA,"All","","","UnderHalf",NA,NA,"",NA,NA,"",0,0,0,0,0,0,"no_answer",0,0,0,0,0,1,NA,"feed",0,0,0,1,0,0,0,0,"uuid:6d792e46-9979-49c4-a081-b34faa5e9bc6","uuid:6d792e46-9979-49c4-a081-b34faa5e9bc6/survey_grp/SECTION_Crop_Productivity/crop_repeat[1]","Mil","85"
1,36,"Peanut","Arachide",NA,"rain",0,0,0,1,"area","In total, how much land did you use for growing Arachide during the last 12 months?","Au total, quelle superficie avez-vous utilisée pour Arachide au cours des 12 dernier mois ?",1,2,"Hectares",1,NA,1,1,1,NA,"normal_harvest",25,1,"Kg",1,NA,1,25,25,NA,25,25,25,25,NA,NA,"monoculture","Little",NA,"eat",1,0,0,0,0,0,0,NA,"","","","",NA,NA,"",NA,NA,"",0,0,0,0,0,0,"no_answer",0,0,0,0,0,1,NA,"feed",0,0,0,1,0,0,0,0,"uuid:54937317-79b3-44e0-b334-6232beabbf14","uuid:54937317-79b3-44e0-b334-6232beabbf14/survey_grp/SECTION_Crop_Productivity/crop_repeat[1]","Arachide","102"
1,36,"Peanut","Arachide",NA,"rain",0,0,0,1,"area","In total, how much land did you use for growing Arachide during the last 12 months?","Au total, quelle superficie avez-vous utilisée pour Arachide au cours des 12 dernier mois ?",1,2,"Hectares",1,NA,1,1,1,NA,"normal_harvest",500,1,"Kg",1,NA,1,500,500,NA,500,500,500,500,NA,NA,"monoculture","Most",NA,"eat sell feed_livestock save_seed",1,1,0,0,0,1,1,NA,"All","UnderHalf","Little","UnderHalf",NA,200,"price_per_kg",NA,NA,"Female_adult",1,0,0,0,0,0,"Female_adult",1,0,0,0,0,0,NA,"feed",0,0,0,1,0,0,0,0,"uuid:6c3f78f4-7e6a-4721-8231-dd7da793568d","uuid:6c3f78f4-7e6a-4721-8231-dd7da793568d/survey_grp/SECTION_Crop_Productivity/crop_repeat[1]","Arachide","108"
1,36,"Peanut","Arachide",NA,"rain",0,0,0,1,"area","In total, how much land did you use for growing Arachide during the last 12 months?","Au total, quelle superficie avez-vous utilisée pour Arachide au cours des 12 dernier mois ?",4,2,"Hectares",1,NA,1,4,4,NA,"normal_harvest",2000,1,"Kg",1,NA,1,2000,2000,NA,500,500,500,500,NA,NA,"monoculture","Most",NA,"eat sell feed_livestock save_seed",1,1,0,0,0,1,1,NA,"All","UnderHalf","Little","UnderHalf",NA,500000,"total_income_per_year",NA,NA,"no_answer",0,0,0,0,0,1,"no_answer",0,0,0,0,0,1,NA,"feed",0,0,0,1,0,0,0,0,"uuid:21b4f227-eeac-44a9-b959-eaaeb1e7a0f7","uuid:21b4f227-eeac-44a9-b959-eaaeb1e7a0f7/survey_grp/SECTION_Crop_Productivity/crop_repeat[1]","Arachide","83"
1,36,"Peanut","Arachide",NA,"rain",0,0,0,1,"area","In total, how much land did you use for growing Arachide during the last 12 months?","Au total, quelle superficie avez-vous utilisée pour Arachide au cours des 12 dernier mois ?",2,2,"Hectares",1,NA,1,2,2,NA,"normal_harvest",1,2,"Tonnes",1000,NA,1000,1000,1000,NA,0.5,0.5,500,500,NA,NA,"monoculture","Most",NA,"eat feed_livestock save_seed",1,1,0,0,0,1,0,NA,"UnderHalf","","Little","Little",NA,NA,"",NA,NA,"",0,0,0,0,0,0,"Male_adult",0,0,1,0,0,0,NA,"soil feed compost construction",0,1,1,1,0,0,0,1,"uuid:5a363eb3-bcab-4b22-b11d-220c7d8fa854","uuid:5a363eb3-bcab-4b22-b11d-220c7d8fa854/survey_grp/SECTION_Crop_Productivity/crop_repeat[1]","Arachide","109"
1,36,"Peanut","Arachide",NA,"rain",0,0,0,1,"area","In total, how much land did you use for growing Arachide during the last 12 months?","Au total, quelle superficie avez-vous utilisée pour Arachide au cours des 12 dernier mois ?",2.5,2,"Hectares",1,NA,1,2.5,2.5,NA,"normal_harvest",3,2,"Tonnes",1000,NA,1000,3000,3000,NA,1.2,1.2,1200,1200,NA,NA,"monoculture","Half",NA,"eat sell feed_livestock save_seed",1,1,0,0,0,1,1,NA,"UnderHalf","Half","Little","Little",NA,0,"total_income_per_year",NA,NA,"Male_adult",0,0,1,0,0,0,"Male_adult",0,0,1,0,0,0,NA,"soil construction compost feed",0,1,1,1,0,0,0,1,"uuid:c236aac5-2de2-45f0-a4af-5568fa02b8e1","uuid:c236aac5-2de2-45f0-a4af-5568fa02b8e1/survey_grp/SECTION_Crop_Productivity/crop_repeat[1]","Arachide","38DLAV"
1,36,"Peanut","Arachide",NA,"rain",0,0,0,1,"area","In total, how much land did you use for growing Arachide during the last 12 months?","Au total, quelle superficie avez-vous utilisée pour Arachide au cours des 12 dernier mois ?",1,2,"Hectares",1,NA,1,1,1,NA,"normal_harvest",1,2,"Tonnes",1000,NA,1000,1000,1000,NA,1,1,1000,1000,NA,NA,"monoculture","Half",NA,"eat sell save_seed feed_livestock",1,1,0,0,0,1,1,NA,"Little","UnderHalf","Little","Little",NA,0,"total_income_per_year",NA,NA,"Male_adult",0,0,1,0,0,0,"Male_adult",0,0,1,0,0,0,NA,"soil feed compost construction",0,1,1,1,0,0,0,1,"uuid:f13596d0-7be8-49ef-90d0-d9497f9eeb57","uuid:f13596d0-7be8-49ef-90d0-d9497f9eeb57/survey_grp/SECTION_Crop_Productivity/crop_repeat[1]","Arachide","101"
2,37,"Millet","Mil",NA,"rain",0,0,0,1,"area","In total, how much land did you use for growing Mil during the last 12 months?","Au total, quelle superficie avez-vous utilisée pour Mil au cours des 12 dernier mois ?",1,2,"Hectares",1,NA,1,1,1,NA,"bad_harvest",350,1,"Kg",1,NA,1,350,350,NA,350,350,350,350,NA,NA,"monoculture","Half",NA,"eat",1,0,0,0,0,0,0,NA,"","","","",NA,NA,"",NA,NA,"",0,0,0,0,0,0,"Male_adult",0,0,1,0,0,0,NA,"soil feed compost construction",0,1,1,1,0,0,0,1,"uuid:f13596d0-7be8-49ef-90d0-d9497f9eeb57","uuid:f13596d0-7be8-49ef-90d0-d9497f9eeb57/survey_grp/SECTION_Crop_Productivity/crop_repeat[2]","Mil","101"
1,36,"Peanut","Arachide",NA,"rain",0,0,0,1,"area","In total, how much land did you use for growing Arachide during the last 12 months?","Au total, quelle superficie avez-vous utilisée pour Arachide au cours des 12 dernier mois ?",6,2,"Hectares",1,NA,1,6,6,NA,"normal_harvest",5,2,"Tonnes",1000,NA,1000,5000,5000,NA,0.8333333333333334,0.83,833.3333333333334,833.33,NA,NA,"monoculture","Most",NA,"eat sell save_seed feed_livestock",1,1,0,0,0,1,1,NA,"UnderHalf","Most","Little","Little",NA,0,"total_income_per_year",NA,NA,"Male_adult",0,0,1,0,0,0,"Male_adult",0,0,1,0,0,0,NA,"soil feed compost construction",0,1,1,1,0,0,0,1,"uuid:83b06a1a-93fb-4204-8b5f-29755f6827c1","uuid:83b06a1a-93fb-4204-8b5f-29755f6827c1/survey_grp/SECTION_Crop_Productivity/crop_repeat[1]","Arachide","80"
2,37,"Millet","Mil",NA,"rain",0,0,0,1,"area","In total, how much land did you use for growing Mil during the last 12 months?","Au total, quelle superficie avez-vous utilisée pour Mil au cours des 12 dernier mois ?",3,2,"Hectares",1,NA,1,3,3,NA,"normal_harvest",2,2,"Tonnes",1000,NA,1000,2000,2000,NA,0.6666666666666666,0.67,666.6666666666666,666.67,NA,NA,"monoculture","Half",NA,"eat sell save_seed",1,0,0,0,0,1,1,NA,"Half","Half","","Little",NA,0,"total_income_per_year",NA,NA,"Male_adult",0,0,1,0,0,0,"Male_adult",0,0,1,0,0,0,NA,"soil feed compost construction",0,1,1,1,0,0,0,1,"uuid:83b06a1a-93fb-4204-8b5f-29755f6827c1","uuid:83b06a1a-93fb-4204-8b5f-29755f6827c1/survey_grp/SECTION_Crop_Productivity/crop_repeat[2]","Mil","80"
3,1,"Maize","Maïs",NA,"rain",0,0,0,1,"area","In total, how much land did you use for growing Maïs during the last 12 months?","Au total, quelle superficie avez-vous utilisée pour Maïs au cours des 12 dernier mois ?",2,2,"Hectares",1,NA,1,2,2,NA,"normal_harvest",1.5,2,"Tonnes",1000,NA,1000,1500,1500,NA,0.75,0.75,750,750,NA,NA,"monoculture","UnderHalf",NA,"eat sell save_seed",1,0,0,0,0,1,1,NA,"UnderHalf","UnderHalf","","Little",NA,0,"total_income_per_year",NA,NA,"Male_adult",0,0,1,0,0,0,"Male_adult",0,0,1,0,0,0,NA,"soil feed compost construction",0,1,1,1,0,0,0,1,"uuid:83b06a1a-93fb-4204-8b5f-29755f6827c1","uuid:83b06a1a-93fb-4204-8b5f-29755f6827c1/survey_grp/SECTION_Crop_Productivity/crop_repeat[3]","Maïs","80"
1,37,"Millet","Mil",NA,"rain",0,0,0,1,"area","In total, how much land did you use for growing Mil during the last 12 months?","Au total, quelle superficie avez-vous utilisée pour Mil au cours des 12 dernier mois ?",3,2,"Hectares",1,NA,1,3,3,NA,"normal_harvest",1,2,"Tonnes",1000,NA,1000,1000,1000,NA,0.3333333333333333,0.33,333.3333333333333,333.33,NA,NA,"monoculture","Most",NA,"eat sell feed_livestock save_seed",1,1,0,0,0,1,1,NA,"Half","UnderHalf","Little","Little",NA,0,"total_income_per_year",NA,NA,"Male_adult",0,0,1,0,0,0,"Male_adult",0,0,1,0,0,0,NA,"soil feed compost construction",0,1,1,1,0,0,0,1,"uuid:c3f80571-3c09-4d07-88f0-ae5b66f943a6","uuid:c3f80571-3c09-4d07-88f0-ae5b66f943a6/survey_grp/SECTION_Crop_Productivity/crop_repeat[1]","Mil","106"
1,36,"Peanut","Arachide",NA,"rain",0,0,0,1,"area","In total, how much land did you use for growing Arachide during the last 12 months?","Au total, quelle superficie avez-vous utilisée pour Arachide au cours des 12 dernier mois ?",1,2,"Hectares",1,NA,1,1,1,NA,"normal_harvest",1,2,"Tonnes",1000,NA,1000,1000,1000,NA,1,1,1000,1000,NA,NA,"intercrop","UnderHalf",NA,"eat sell save_seed feed_livestock",1,1,0,0,0,1,1,NA,"Half","UnderHalf","Little","Little",NA,200000,"total_income_per_year",NA,NA,"Female_adult",1,0,0,0,0,0,"Female_adult",1,0,0,0,0,0,NA,"feed soil",0,0,0,1,0,0,0,1,"uuid:82816ab1-03c0-4317-8390-da69343f05d1","uuid:82816ab1-03c0-4317-8390-da69343f05d1/survey_grp/SECTION_Crop_Productivity/crop_repeat[1]","Arachide","0RUTJS"
2,37,"Millet","Mil",NA,"rain",0,0,0,1,"area","In total, how much land did you use for growing Mil during the last 12 months?","Au total, quelle superficie avez-vous utilisée pour Mil au cours des 12 dernier mois ?",1,2,"Hectares",1,NA,1,1,1,NA,"normal_harvest",1,2,"Tonnes",1000,NA,1000,1000,1000,NA,1,1,1000,1000,NA,NA,"monoculture","UnderHalf",NA,"eat save_seed",1,0,0,0,0,1,0,NA,"All","","","Little",NA,NA,"",NA,NA,"",0,0,0,0,0,0,"Female_adult",1,0,0,0,0,0,NA,"construction soil feed",0,0,1,1,0,0,0,1,"uuid:82816ab1-03c0-4317-8390-da69343f05d1","uuid:82816ab1-03c0-4317-8390-da69343f05d1/survey_grp/SECTION_Crop_Productivity/crop_repeat[2]","Mil","0RUTJS"
1,37,"Millet","Mil",NA,"rain",0,0,0,1,"area","In total, how much land did you use for growing Mil during the last 12 months?","Au total, quelle superficie avez-vous utilisée pour Mil au cours des 12 dernier mois ?",2,2,"Hectares",1,NA,1,2,2,NA,"normal_harvest",3,2,"Tonnes",1000,NA,1000,3000,3000,NA,1.5,1.5,1500,1500,NA,NA,"monoculture","Half",NA,"eat feed_livestock save_seed",1,1,0,0,0,1,0,NA,"Most","","Little","Little",NA,NA,"",NA,NA,"",0,0,0,0,0,0,"Male_adult",0,0,1,0,0,0,NA,"feed fuel construction",0,0,1,1,1,0,0,0,"uuid:5f8afbd1-f448-43d4-93d4-38b8d05833b1","uuid:5f8afbd1-f448-43d4-93d4-38b8d05833b1/survey_grp/SECTION_Crop_Productivity/crop_repeat[1]","Mil","82"
1,36,"Peanut","Arachide",NA,"rain",0,0,0,1,"area","In total, how much land did you use for growing Arachide during the last 12 months?","Au total, quelle superficie avez-vous utilisée pour Arachide au cours des 12 dernier mois ?",1,2,"Hectares",1,NA,1,1,1,NA,"normal_harvest",1,7,"Sac de 25 kg",25,NA,25,25,25,NA,1,1,25,25,NA,NA,"intercrop","All",NA,"eat feed_livestock",1,1,0,0,0,0,0,NA,"All","","Little","",NA,NA,"",NA,NA,"",0,0,0,0,0,0,"Male_Youth",0,0,0,0,1,0,NA,"soil feed",0,0,0,1,0,0,0,1,"uuid:5df51d33-bf4e-415e-91d5-5817b2a15f61","uuid:5df51d33-bf4e-415e-91d5-5817b2a15f61/survey_grp/SECTION_Crop_Productivity/crop_repeat[1]","Arachide","107"
1,36,"Peanut","Arachide",NA,"rain",0,0,0,1,"area","In total, how much land did you use for growing Arachide during the last 12 months?","Au total, quelle superficie avez-vous utilisée pour Arachide au cours des 12 dernier mois ?",5,2,"Hectares",1,NA,1,5,5,NA,"normal_harvest",5,2,"Tonnes",1000,NA,1000,5000,5000,NA,1,1,1000,1000,NA,NA,"intercrop","Half",NA,"eat sell feed_livestock save_seed",1,1,0,0,0,1,1,NA,"UnderHalf","Half","Little","Little",NA,1200000,"total_income_per_year",NA,NA,"Male_Youth",0,0,0,0,1,0,"Male_Youth",0,0,0,0,1,0,NA,"feed",0,0,0,1,0,0,0,0,"uuid:381638e4-68e3-4761-83e7-371bdc66759d","uuid:381638e4-68e3-4761-83e7-371bdc66759d/survey_grp/SECTION_Crop_Productivity/crop_repeat[1]","Arachide","1FW6P0"
1,36,"Peanut","Arachide",NA,"rain",0,0,0,1,"area","In total, how much land did you use for growing Arachide during the last 12 months?","Au total, quelle superficie avez-vous utilisée pour Arachide au cours des 12 dernier mois ?",3,2,"Hectares",1,NA,1,3,3,NA,"normal_harvest",2.5,2,"Tonnes",1000,NA,1000,2500,2500,NA,0.8333333333333334,0.83,833.3333333333334,833.33,NA,NA,"intercrop","UnderHalf",NA,"eat sell save_seed",1,0,0,0,0,1,1,NA,"UnderHalf","UnderHalf","","Little",NA,700000,"total_income_per_year",NA,NA,"Male_adult",0,0,1,0,0,0,"Male_adult",0,0,1,0,0,0,NA,"feed",0,0,0,1,0,0,0,0,"uuid:ba4e7930-364b-430b-929a-22814d7479ba","uuid:ba4e7930-364b-430b-929a-22814d7479ba/survey_grp/SECTION_Crop_Productivity/crop_repeat[1]","Arachide","110"
1,1,"Maize","Maïs",NA,"rain",0,0,0,1,"area","In total, how much land did you use for growing Maïs during the last 12 months?","Au total, quelle superficie avez-vous utilisée pour Maïs au cours des 12 dernier mois ?",1,2,"Hectares",1,NA,1,1,1,NA,"normal_harvest",950,1,"Kg",1,NA,1,950,950,NA,950,950,950,950,NA,NA,"monoculture","UnderHalf",NA,"eat feed_livestock",1,1,0,0,0,0,0,NA,"Half","","UnderHalf","",NA,NA,"",NA,NA,"",0,0,0,0,0,0,"Male_adult",0,0,1,0,0,0,NA,"soil feed compost construction",0,1,1,1,0,0,0,1,"uuid:112a254b-2387-4153-900d-932532960ea3","uuid:112a254b-2387-4153-900d-932532960ea3/survey_grp/SECTION_Crop_Productivity/crop_repeat[1]","Maïs","49BPWD"
2,36,"Peanut","Arachide",NA,"rain",0,0,0,1,"area","In total, how much land did you use for growing Arachide during the last 12 months?","Au total, quelle superficie avez-vous utilisée pour Arachide au cours des 12 dernier mois ?",3.5,2,"Hectares",1,NA,1,3.5,3.5,NA,"normal_harvest",1.5,2,"Tonnes",1000,NA,1000,1500,1500,NA,0.42857142857142855,0.43,428.57142857142856,428.57,NA,NA,"intercrop","Half",NA,"eat sell feed_livestock save_seed",1,1,0,0,0,1,1,NA,"UnderHalf","Half","Little","Little",NA,0,"total_income_per_year",NA,NA,"Male_adult",0,0,1,0,0,0,"Male_adult",0,0,1,0,0,0,NA,"soil feed compost construction sell",0,1,1,1,0,0,1,1,"uuid:112a254b-2387-4153-900d-932532960ea3","uuid:112a254b-2387-4153-900d-932532960ea3/survey_grp/SECTION_Crop_Productivity/crop_repeat[2]","Arachide","49BPWD"
3,37,"Millet","Mil",NA,"rain",0,0,0,1,"area","In total, how much land did you use for growing Mil during the last 12 months?","Au total, quelle superficie avez-vous utilisée pour Mil au cours des 12 dernier mois ?",2.5,2,"Hectares",1,NA,1,2.5,2.5,NA,"normal_harvest",1.5,2,"Tonnes",1000,NA,1000,1500,1500,NA,0.6,0.6,600,600,NA,NA,"monoculture","Half",NA,"eat sell feed_livestock save_seed",1,1,0,0,0,1,1,NA,"Half","Half","Little","Little",NA,0,"total_income_per_year",NA,NA,"Male_adult",0,0,1,0,0,0,"Male_adult",0,0,1,0,0,0,NA,"soil feed compost construction",0,1,1,1,0,0,0,1,"uuid:112a254b-2387-4153-900d-932532960ea3","uuid:112a254b-2387-4153-900d-932532960ea3/survey_grp/SECTION_Crop_Productivity/crop_repeat[3]","Mil","49BPWD"
1,37,"Millet","Mil",NA,"rain",0,0,0,1,"area","In total, how much land did you use for growing Mil during the last 12 months?","Au total, quelle superficie avez-vous utilisée pour Mil au cours des 12 dernier mois ?",2,2,"Hectares",1,NA,1,2,2,NA,"good_harvest",900,1,"Kg",1,NA,1,900,900,NA,450,450,450,450,NA,NA,"monoculture","UnderHalf",NA,"eat save_seed sell givetrade",1,0,1,0,0,1,1,NA,"Half","UnderHalf","","Little",NA,66000,"total_income_per_year",NA,NA,"Male_adult",0,0,1,0,0,0,"Male_adult",0,0,1,0,0,0,NA,"soil",0,0,0,0,0,0,0,1,"uuid:aec04af1-9eea-4c01-b650-8f508bcaf0ca","uuid:aec04af1-9eea-4c01-b650-8f508bcaf0ca/survey_grp/SECTION_Crop_Productivity/crop_repeat[1]","Mil","1AY9KM"
2,36,"Peanut","Arachide",NA,"rain",0,0,0,1,"area","In total, how much land did you use for growing Arachide during the last 12 months?","Au total, quelle superficie avez-vous utilisée pour Arachide au cours des 12 dernier mois ?",2.5,2,"Hectares",1,NA,1,2.5,2.5,NA,"good_harvest",2,2,"Tonnes",1000,NA,1000,2000,2000,NA,0.8,0.8,800,800,NA,NA,"intercrop","Most",NA,"sell eat save_seed",1,0,0,0,0,1,1,NA,"UnderHalf","Half","","Little",NA,100000,"total_income_per_year",NA,NA,"Male_adult",0,0,1,0,0,0,"Male_adult",0,0,1,0,0,0,NA,"sell",0,0,0,0,0,0,1,0,"uuid:aec04af1-9eea-4c01-b650-8f508bcaf0ca","uuid:aec04af1-9eea-4c01-b650-8f508bcaf0ca/survey_grp/SECTION_Crop_Productivity/crop_repeat[2]","Arachide","1AY9KM"
1,37,"Millet","Mil",NA,"rain",0,0,0,1,"area","In total, how much land did you use for growing Mil during the last 12 months?","Au total, quelle superficie avez-vous utilisée pour Mil au cours des 12 dernier mois ?",2,2,"Hectares",1,NA,1,2,2,NA,"good_harvest",3,2,"Tonnes",1000,NA,1000,3000,3000,NA,1.5,1.5,1500,1500,NA,NA,"monoculture","UnderHalf",NA,"eat feed_livestock",1,1,0,0,0,0,0,NA,"All","","Little","",NA,NA,"",NA,NA,"",0,0,0,0,0,0,"Male_adult Female_adult",1,0,1,0,0,0,NA,"feed soil",0,0,0,1,0,0,0,1,"uuid:12c6bc70-ad10-4331-91cf-e2e2147a9b17","uuid:12c6bc70-ad10-4331-91cf-e2e2147a9b17/survey_grp/SECTION_Crop_Productivity/crop_repeat[1]","Mil","597"
2,36,"Peanut","Arachide",NA,"rain",0,0,0,1,"area","In total, how much land did you use for growing Arachide during the last 12 months?","Au total, quelle superficie avez-vous utilisée pour Arachide au cours des 12 dernier mois ?",3,2,"Hectares",1,NA,1,3,3,NA,"normal_harvest",2,2,"Tonnes",1000,NA,1000,2000,2000,NA,0.6666666666666666,0.67,666.6666666666666,666.67,NA,NA,"intercrop","Half",NA,"eat sell save_seed",1,0,0,0,0,1,1,NA,"UnderHalf","Most","","Little",NA,270000,"total_income_per_year",NA,NA,"Male_adult",0,0,1,0,0,0,"Male_adult",0,0,1,0,0,0,NA,"feed",0,0,0,1,0,0,0,0,"uuid:12c6bc70-ad10-4331-91cf-e2e2147a9b17","uuid:12c6bc70-ad10-4331-91cf-e2e2147a9b17/survey_grp/SECTION_Crop_Productivity/crop_repeat[2]","Arachide","597"
1,36,"Peanut","Arachide",NA,"rain",0,0,0,1,"area","In total, how much land did you use for growing Arachide during the last 12 months?","Au total, quelle superficie avez-vous utilisée pour Arachide au cours des 12 dernier mois ?",2,2,"Hectares",1,NA,1,2,2,NA,"normal_harvest",1100,1,"Kg",1,NA,1,1100,1100,NA,550,550,550,550,NA,NA,"monoculture","Most",NA,"eat sell feed_livestock save_seed",1,1,0,0,0,1,1,NA,"Little","Most","Little","Little",NA,350000,"total_income_per_year",NA,NA,"Male_adult",0,0,1,0,0,0,"Male_adult",0,0,1,0,0,0,NA,"feed sell",0,0,0,1,0,0,1,0,"uuid:5537e72e-0014-482a-bce5-d46576f9eddd","uuid:5537e72e-0014-482a-bce5-d46576f9eddd/survey_grp/SECTION_Crop_Productivity/crop_repeat[1]","Arachide","AR9EXT"
1,36,"Peanut","Arachide",NA,"rain",0,0,0,1,"area","In total, how much land did you use for growing Arachide during the last 12 months?","Au total, quelle superficie avez-vous utilisée pour Arachide au cours des 12 dernier mois ?",2,2,"Hectares",1,NA,1,2,2,NA,"normal_harvest",1200,1,"Kg",1,NA,1,1200,1200,NA,600,600,600,600,NA,NA,"monoculture","Most",NA,"eat sell",1,0,0,0,0,0,1,NA,"Little","Most","","",NA,425000,"total_income_per_year",NA,NA,"Male_adult",0,0,1,0,0,0,"Male_adult",0,0,1,0,0,0,NA,"feed sell",0,0,0,1,0,0,1,0,"uuid:519dbc7c-e65f-46e7-bd82-219c76f9c0de","uuid:519dbc7c-e65f-46e7-bd82-219c76f9c0de/survey_grp/SECTION_Crop_Productivity/crop_repeat[1]","Arachide","0RA7VU"
1,36,"Peanut","Arachide",NA,"rain",0,0,0,1,"area","In total, how much land did you use for growing Arachide during the last 12 months?","Au total, quelle superficie avez-vous utilisée pour Arachide au cours des 12 dernier mois ?",1,2,"Hectares",1,NA,1,1,1,NA,"normal_harvest",900,1,"Kg",1,NA,1,900,900,NA,900,900,900,900,NA,NA,"monoculture","UnderHalf",NA,"eat sell feed_livestock",1,1,0,0,0,0,1,NA,"Little","Most","Little","",NA,500000,"total_income_per_year",NA,NA,"Male_adult Female_adult",1,0,1,0,0,0,"Male_adult",0,0,1,0,0,0,NA,"feed sell",0,0,0,1,0,0,1,0,"uuid:ad44205e-314e-458a-ac4e-d39bea2f8bba","uuid:ad44205e-314e-458a-ac4e-d39bea2f8bba/survey_grp/SECTION_Crop_Productivity/crop_repeat[1]","Arachide","W3K1C7"
1,36,"Peanut","Arachide",NA,"rain",0,0,0,1,"area","In total, how much land did you use for growing Arachide during the last 12 months?","Au total, quelle superficie avez-vous utilisée pour Arachide au cours des 12 dernier mois ?",2,2,"Hectares",1,NA,1,2,2,NA,"normal_harvest",1350,1,"Kg",1,NA,1,1350,1350,NA,675,675,675,675,NA,NA,"monoculture","Most",NA,"eat sell",1,0,0,0,0,0,1,NA,"Most","Little","","",NA,400000,"total_income_per_year",NA,NA,"Male_adult",0,0,1,0,0,0,"Male_adult",0,0,1,0,0,0,NA,"feed sell",0,0,0,1,0,0,1,0,"uuid:a2b6d660-a3fd-4fd2-8485-9ec10c293138","uuid:a2b6d660-a3fd-4fd2-8485-9ec10c293138/survey_grp/SECTION_Crop_Productivity/crop_repeat[1]","Arachide","PEQ0SV"
1,36,"Peanut","Arachide",NA,"rain",0,0,0,1,"area","In total, how much land did you use for growing Arachide during the last 12 months?","Au total, quelle superficie avez-vous utilisée pour Arachide au cours des 12 dernier mois ?",0.5,2,"Hectares",1,NA,1,0.5,0.5,NA,"good_harvest",3,8,"Sac de 50 Kg",50,NA,50,150,150,NA,6,6,300,300,NA,NA,"monoculture","All",NA,"eat",1,0,0,0,0,0,0,NA,"","","","",NA,NA,"",NA,NA,"",0,0,0,0,0,0,"Male_adult",0,0,1,0,0,0,NA,"burn",1,0,0,0,0,0,0,0,"uuid:db50af09-61eb-4420-99dd-485557e43b56","uuid:db50af09-61eb-4420-99dd-485557e43b56/survey_grp/SECTION_Crop_Productivity/crop_repeat[1]","Arachide","SMANFV"
1,37,"Millet","Mil",NA,"rain",0,0,0,1,"area","In total, how much land did you use for growing Mil during the last 12 months?","Au total, quelle superficie avez-vous utilisée pour Mil au cours des 12 dernier mois ?",1.5,2,"Hectares",1,NA,1,1.5,1.5,NA,"good_harvest",19,8,"Sac de 50 Kg",50,NA,50,950,950,NA,12.666666666666666,12.67,633.3333333333334,633.33,NA,NA,"monoculture","Half",NA,"eat sell",1,0,0,0,0,0,1,NA,"Half","Half","","",NA,305000,"price_per_kg",NA,NA,"Male_adult",0,0,1,0,0,0,"Female_adult",1,0,0,0,0,0,NA,"burn",1,0,0,0,0,0,0,0,"uuid:d65eb045-f6f0-4800-a851-3524ad8c2726","uuid:d65eb045-f6f0-4800-a851-3524ad8c2726/survey_grp/SECTION_Crop_Productivity/crop_repeat[1]","Mil","606"
1,36,"Peanut","Arachide",NA,"rain",0,0,0,1,"area","In total, how much land did you use for growing Arachide during the last 12 months?","Au total, quelle superficie avez-vous utilisée pour Arachide au cours des 12 dernier mois ?",0.5,2,"Hectares",1,NA,1,0.5,0.5,NA,"normal_harvest",500,1,"Kg",1,NA,1,500,500,NA,1000,1000,1000,1000,NA,NA,"intercrop","All",NA,"eat sell feed_livestock save_seed",1,1,0,0,0,1,1,NA,"Most","UnderHalf","UnderHalf","UnderHalf",NA,125000,"total_income_per_year",NA,NA,"Male_adult",0,0,1,0,0,0,"Female_adult Male_adult",1,0,1,0,0,0,NA,"soil feed compost",0,1,0,1,0,0,0,1,"uuid:0838a61d-fbce-4dda-a0ac-c9bc58d022a3","uuid:0838a61d-fbce-4dda-a0ac-c9bc58d022a3/survey_grp/SECTION_Crop_Productivity/crop_repeat[1]","Arachide","XGGLW5"
2,37,"Millet","Mil",NA,"rain",0,0,0,1,"area","In total, how much land did you use for growing Mil during the last 12 months?","Au total, quelle superficie avez-vous utilisée pour Mil au cours des 12 dernier mois ?",1.5,2,"Hectares",1,NA,1,1.5,1.5,NA,"normal_harvest",25,8,"Sac de 50 Kg",50,NA,50,1250,1250,NA,16.666666666666668,16.67,833.3333333333334,833.33,NA,NA,"monoculture","Most",NA,"eat sell feed_livestock save_seed",1,1,0,0,0,1,1,NA,"Most","UnderHalf","UnderHalf","Little",NA,70000,"total_income_per_year",NA,NA,"Male_adult",0,0,1,0,0,0,"Female_adult Male_adult",1,0,1,0,0,0,NA,"soil feed construction compost",0,1,1,1,0,0,0,1,"uuid:0838a61d-fbce-4dda-a0ac-c9bc58d022a3","uuid:0838a61d-fbce-4dda-a0ac-c9bc58d022a3/survey_grp/SECTION_Crop_Productivity/crop_repeat[2]","Mil","XGGLW5"
1,37,"Millet","Mil",NA,"all_year",1,0,0,0,"area","In total, how much land did you use for growing Mil during the last 12 months?","Au total, quelle superficie avez-vous utilisée pour Mil au cours des 12 dernier mois ?",0.8,2,"Hectares",1,NA,1,0.8,0.8,NA,"normal_harvest",1500,1,"Kg",1,NA,1,1500,1500,NA,1875,1875,1875,1875,NA,NA,"intercrop","Most",NA,"eat sell save_seed",1,0,0,0,0,1,1,NA,"UnderHalf","Most","","Little",NA,700000,"total_income_per_year",NA,NA,"Male_adult",0,0,1,0,0,0,"Male_adult",0,0,1,0,0,0,NA,"soil feed compost",0,1,0,1,0,0,0,1,"uuid:8528ddc9-ad33-4686-87f1-f5f48fe28fdf","uuid:8528ddc9-ad33-4686-87f1-f5f48fe28fdf/survey_grp/SECTION_Crop_Productivity/crop_repeat[1]","Mil","LJ5FH1"
2,36,"Peanut","Arachide",NA,"rain",0,0,0,1,"area","In total, how much land did you use for growing Arachide during the last 12 months?","Au total, quelle superficie avez-vous utilisée pour Arachide au cours des 12 dernier mois ?",1,2,"Hectares",1,NA,1,1,1,NA,"normal_harvest",20,8,"Sac de 50 Kg",50,NA,50,1000,1000,NA,20,20,1000,1000,NA,NA,"intercrop","Most",NA,"eat feed_livestock save_seed",1,1,0,0,0,1,0,NA,"Most","","Most","Little",NA,NA,"",NA,NA,"",0,0,0,0,0,0,"Male_adult",0,0,1,0,0,0,NA,"soil feed",0,0,0,1,0,0,0,1,"uuid:8528ddc9-ad33-4686-87f1-f5f48fe28fdf","uuid:8528ddc9-ad33-4686-87f1-f5f48fe28fdf/survey_grp/SECTION_Crop_Productivity/crop_repeat[2]","Arachide","LJ5FH1"
1,36,"Peanut","Arachide",NA,"rain",0,0,0,1,"area","In total, how much land did you use for growing Arachide during the last 12 months?","Au total, quelle superficie avez-vous utilisée pour Arachide au cours des 12 dernier mois ?",1.5,2,"Hectares",1,NA,1,1.5,1.5,NA,"normal_harvest",2000,1,"Kg",1,NA,1,2000,2000,NA,1333.3333333333333,1333.33,1333.3333333333333,1333.33,NA,NA,"monoculture","All",NA,"eat sell save_seed feed_livestock",1,1,0,0,0,1,1,NA,"Most","Most","UnderHalf","Little",NA,275000,"total_income_per_year",NA,NA,"Male_adult",0,0,1,0,0,0,"Male_adult",0,0,1,0,0,0,NA,"soil feed compost",0,1,0,1,0,0,0,1,"uuid:a51a96e2-4092-49bb-9a9b-f9aadaed134c","uuid:a51a96e2-4092-49bb-9a9b-f9aadaed134c/survey_grp/SECTION_Crop_Productivity/crop_repeat[1]","Arachide","5IGGTV"
2,37,"Millet","Mil",NA,"rain",0,0,0,1,"area","In total, how much land did you use for growing Mil during the last 12 months?","Au total, quelle superficie avez-vous utilisée pour Mil au cours des 12 dernier mois ?",2.5,2,"Hectares",1,NA,1,2.5,2.5,NA,"normal_harvest",2000,1,"Kg",1,NA,1,2000,2000,NA,800,800,800,800,NA,NA,"monoculture","Most",NA,"eat sell save_seed feed_livestock",1,1,0,0,0,1,1,NA,"Most","UnderHalf","UnderHalf","UnderHalf",NA,180000,"total_income_per_year",NA,NA,"Male_adult",0,0,1,0,0,0,"Male_adult Female_Youth",0,1,1,0,0,0,NA,"soil feed construction",0,0,1,1,0,0,0,1,"uuid:a51a96e2-4092-49bb-9a9b-f9aadaed134c","uuid:a51a96e2-4092-49bb-9a9b-f9aadaed134c/survey_grp/SECTION_Crop_Productivity/crop_repeat[2]","Mil","5IGGTV"
2,37,"Millet","Mil",NA,"rain",0,0,0,1,"area","In total, how much land did you use for growing Mil during the last 12 months?","Au total, quelle superficie avez-vous utilisée pour Mil au cours des 12 dernier mois ?",1.5,2,"Hectares",1,NA,1,1.5,1.5,NA,"normal_harvest",22,8,"Sac de 50 Kg",50,NA,50,1100,1100,NA,14.666666666666666,14.67,733.3333333333334,733.33,NA,NA,"monoculture","Most",NA,"eat sell feed_livestock save_seed",1,1,0,0,0,1,1,NA,"Half","UnderHalf","Little","Little",NA,210000,"total_income_per_year",NA,NA,"Male_adult",0,0,1,0,0,0,"Male_adult Female_adult",1,0,1,0,0,0,NA,"soil fuel feed construction",0,0,1,1,1,0,0,1,"uuid:0bb20363-7398-44cf-8fec-ed5cb7fb86f8","uuid:0bb20363-7398-44cf-8fec-ed5cb7fb86f8/survey_grp/SECTION_Crop_Productivity/crop_repeat[2]","Mil","OCGA32"
1,37,"Millet","Mil",NA,"rain",0,0,0,1,"area","In total, how much land did you use for growing Mil during the last 12 months?","Au total, quelle superficie avez-vous utilisée pour Mil au cours des 12 dernier mois ?",2,2,"Hectares",1,NA,1,2,2,NA,"normal_harvest",1000,1,"Kg",1,NA,1,1000,1000,NA,500,500,500,500,NA,NA,"monoculture","UnderHalf",NA,"eat save_seed feed_livestock",1,1,0,0,0,1,0,NA,"All","","UnderHalf","Little",NA,NA,"",NA,NA,"",0,0,0,0,0,0,"Male_adult",0,0,1,0,0,0,NA,"feed soil",0,0,0,1,0,0,0,1,"uuid:74c776bb-af5a-42d1-8c44-47d1a86b3fc5","uuid:74c776bb-af5a-42d1-8c44-47d1a86b3fc5/survey_grp/SECTION_Crop_Productivity/crop_repeat[1]","Mil","599"
2,36,"Peanut","Arachide",NA,"rain",0,0,0,1,"area","In total, how much land did you use for growing Arachide during the last 12 months?","Au total, quelle superficie avez-vous utilisée pour Arachide au cours des 12 dernier mois ?",1,2,"Hectares",1,NA,1,1,1,NA,"bad_harvest",300,1,"Kg",1,NA,1,300,300,NA,300,300,300,300,NA,NA,"monoculture","UnderHalf",NA,"sell eat save_seed",1,0,0,0,0,1,1,NA,"UnderHalf","Most","","Little",NA,45000,"total_income_per_year",NA,NA,"Male_adult",0,0,1,0,0,0,"Male_adult",0,0,1,0,0,0,NA,"feed",0,0,0,1,0,0,0,0,"uuid:74c776bb-af5a-42d1-8c44-47d1a86b3fc5","uuid:74c776bb-af5a-42d1-8c44-47d1a86b3fc5/survey_grp/SECTION_Crop_Productivity/crop_repeat[2]","Arachide","599"
1,36,"Peanut","Arachide",NA,"rain",0,0,0,1,"area","In total, how much land did you use for growing Arachide during the last 12 months?","Au total, quelle superficie avez-vous utilisée pour Arachide au cours des 12 dernier mois ?",0.5,2,"Hectares",1,NA,1,0.5,0.5,NA,"good_harvest",2000,1,"Kg",1,NA,1,2000,2000,NA,4000,4000,4000,4000,NA,NA,"monoculture","Half",NA,"eat sell",1,0,0,0,0,0,1,NA,"UnderHalf","Most","","",NA,225000,"total_income_per_year",NA,NA,"Male_adult",0,0,1,0,0,0,"Male_adult",0,0,1,0,0,0,NA,"feed",0,0,0,1,0,0,0,0,"uuid:3cfa5a83-2b12-4080-93fc-d8c84078e2ce","uuid:3cfa5a83-2b12-4080-93fc-d8c84078e2ce/survey_grp/SECTION_Crop_Productivity/crop_repeat[1]","Arachide","428"
2,37,"Millet","Mil",NA,"rain",0,0,0,1,"area","In total, how much land did you use for growing Mil during the last 12 months?","Au total, quelle superficie avez-vous utilisée pour Mil au cours des 12 dernier mois ?",0.5,2,"Hectares",1,NA,1,0.5,0.5,NA,"normal_harvest",500,1,"Kg",1,NA,1,500,500,NA,1000,1000,1000,1000,NA,NA,"monoculture","Half",NA,"eat sell",1,0,0,0,0,0,1,NA,"Most","UnderHalf","","",NA,25000,"total_income_per_year",NA,NA,"Male_adult Female_adult",1,0,1,0,0,0,"Male_adult",0,0,1,0,0,0,NA,"feed",0,0,0,1,0,0,0,0,"uuid:3cfa5a83-2b12-4080-93fc-d8c84078e2ce","uuid:3cfa5a83-2b12-4080-93fc-d8c84078e2ce/survey_grp/SECTION_Crop_Productivity/crop_repeat[2]","Mil","428"
1,36,"Peanut","Arachide",NA,"rain",0,0,0,1,"area","In total, how much land did you use for growing Arachide during the last 12 months?","Au total, quelle superficie avez-vous utilisée pour Arachide au cours des 12 dernier mois ?",1,2,"Hectares",1,NA,1,1,1,NA,"bad_harvest",500,1,"Kg",1,NA,1,500,500,NA,500,500,500,500,NA,NA,"monoculture","All",NA,"eat save_seed",1,0,0,0,0,1,0,NA,"Little","","","Little",NA,NA,"",NA,NA,"",0,0,0,0,0,0,"Male_adult",0,0,1,0,0,0,NA,"soil feed compost construction",0,1,1,1,0,0,0,1,"uuid:49d1e1ec-247e-4125-a844-0e376cacf0f9","uuid:49d1e1ec-247e-4125-a844-0e376cacf0f9/survey_grp/SECTION_Crop_Productivity/crop_repeat[1]","Arachide","374"
1,36,"Peanut","Arachide",NA,"rain",0,0,0,1,"area","In total, how much land did you use for growing Arachide during the last 12 months?","Au total, quelle superficie avez-vous utilisée pour Arachide au cours des 12 dernier mois ?",0.5,2,"Hectares",1,NA,1,0.5,0.5,NA,"normal_harvest",0.8,2,"Tonnes",1000,NA,1000,800,800,NA,1.6,1.6,1600,1600,NA,NA,"monoculture","Half",NA,"sell eat save_seed",1,0,0,0,0,1,1,NA,"UnderHalf","Half","","Little",NA,300000,"total_income_per_year",NA,NA,"Male_adult",0,0,1,0,0,0,"Male_adult",0,0,1,0,0,0,NA,"feed",0,0,0,1,0,0,0,0,"uuid:549c062f-ab9b-4b98-a4c8-43206b22bb05","uuid:549c062f-ab9b-4b98-a4c8-43206b22bb05/survey_grp/SECTION_Crop_Productivity/crop_repeat[1]","Arachide","JQNOXK"
1,36,"Peanut","Arachide",NA,"rain",0,0,0,1,"area","In total, how much land did you use for growing Arachide during the last 12 months?","Au total, quelle superficie avez-vous utilisée pour Arachide au cours des 12 dernier mois ?",6,2,"Hectares",1,NA,1,6,6,NA,"normal_harvest",6,2,"Tonnes",1000,NA,1000,6000,6000,NA,1,1,1000,1000,NA,NA,"monoculture","Most",NA,"eat sell save_seed",1,0,0,0,0,1,1,NA,"UnderHalf","Most","","Little",NA,2000000,"total_income_per_year",NA,NA,"Male_Youth",0,0,0,0,1,0,"Male_Youth",0,0,0,0,1,0,NA,"feed",0,0,0,1,0,0,0,0,"uuid:defc7030-ae83-4108-8dae-637198053cff","uuid:defc7030-ae83-4108-8dae-637198053cff/survey_grp/SECTION_Crop_Productivity/crop_repeat[1]","Arachide","T98WR0"
1,36,"Peanut","Arachide",NA,"rain",0,0,0,1,"area","In total, how much land did you use for growing Arachide during the last 12 months?","Au total, quelle superficie avez-vous utilisée pour Arachide au cours des 12 dernier mois ?",3,2,"Hectares",1,NA,1,3,3,NA,"normal_harvest",3,2,"Tonnes",1000,NA,1000,3000,3000,NA,1,1,1000,1000,NA,NA,"monoculture","Half",NA,"save_seed sell",0,0,0,0,0,1,1,NA,"","All","","Little",NA,900000,"total_income_per_year",NA,NA,"Male_adult",0,0,1,0,0,0,"",0,0,0,0,0,0,NA,"feed",0,0,0,1,0,0,0,0,"uuid:726cdbc7-135c-437e-88e3-bee3e4dddf50","uuid:726cdbc7-135c-437e-88e3-bee3e4dddf50/survey_grp/SECTION_Crop_Productivity/crop_repeat[1]","Arachide","Q0XXGB"
1,37,"Millet","Mil",NA,"rain",0,0,0,1,"area","In total, how much land did you use for growing Mil during the last 12 months?","Au total, quelle superficie avez-vous utilisée pour Mil au cours des 12 dernier mois ?",1,2,"Hectares",1,NA,1,1,1,NA,"good_harvest",1,2,"Tonnes",1000,NA,1000,1000,1000,NA,1,1,1000,1000,NA,NA,"monoculture","Half",NA,"eat feed_livestock save_seed",1,1,0,0,0,1,0,NA,"Most","","UnderHalf","Little",NA,NA,"",NA,NA,"",0,0,0,0,0,0,"Male_adult",0,0,1,0,0,0,NA,"feed",0,0,0,1,0,0,0,0,"uuid:6c4260cc-0888-4da5-b352-8ac236384cd5","uuid:6c4260cc-0888-4da5-b352-8ac236384cd5/survey_grp/SECTION_Crop_Productivity/crop_repeat[1]","Mil","247"
2,36,"Peanut","Arachide",NA,"rain",0,0,0,1,"area","In total, how much land did you use for growing Arachide during the last 12 months?","Au total, quelle superficie avez-vous utilisée pour Arachide au cours des 12 dernier mois ?",1,2,"Hectares",1,NA,1,1,1,NA,"normal_harvest",1400,1,"Kg",1,NA,1,1400,1400,NA,1400,1400,1400,1400,NA,NA,"intercrop","Half",NA,"sell eat",1,0,0,0,0,0,1,NA,"UnderHalf","Most","","",NA,250000,"total_income_per_year",NA,NA,"Male_adult",0,0,1,0,0,0,"Male_adult",0,0,1,0,0,0,NA,"feed",0,0,0,1,0,0,0,0,"uuid:6c4260cc-0888-4da5-b352-8ac236384cd5","uuid:6c4260cc-0888-4da5-b352-8ac236384cd5/survey_grp/SECTION_Crop_Productivity/crop_repeat[2]","Arachide","247"
1,1,"Maize","Maïs",NA,"rain",0,0,0,1,"area","In total, how much land did you use for growing Maïs during the last 12 months?","Au total, quelle superficie avez-vous utilisée pour Maïs au cours des 12 dernier mois ?",1,2,"Hectares",1,NA,1,1,1,NA,"good_harvest",7,8,"Sac de 50 Kg",50,NA,50,350,350,NA,7,7,350,350,NA,NA,"monoculture","Half",NA,"eat",1,0,0,0,0,0,0,NA,"","","","",NA,NA,"",NA,NA,"",0,0,0,0,0,0,"Male_adult",0,0,1,0,0,0,NA,"burn",1,0,0,0,0,0,0,0,"uuid:0bdceebe-4639-4853-9991-45e1f044d220","uuid:0bdceebe-4639-4853-9991-45e1f044d220/survey_grp/SECTION_Crop_Productivity/crop_repeat[1]","Maïs","598"
1,36,"Peanut","Arachide",NA,"rain",0,0,0,1,"area","In total, how much land did you use for growing Arachide during the last 12 months?","Au total, quelle superficie avez-vous utilisée pour Arachide au cours des 12 dernier mois ?",1,2,"Hectares",1,NA,1,1,1,NA,"normal_harvest",1.5,2,"Tonnes",1000,NA,1000,1500,1500,NA,1.5,1.5,1500,1500,NA,NA,"monoculture","Half",NA,"eat sell feed_livestock save_seed",1,1,0,0,0,1,1,NA,"UnderHalf","Most","Little","Little",NA,0,"total_income_per_year",NA,NA,"Male_adult",0,0,1,0,0,0,"Male_adult",0,0,1,0,0,0,NA,"soil feed compost construction sell",0,1,1,1,0,0,1,1,"uuid:6357e9ae-d930-4462-8d1b-42f33f131014","uuid:6357e9ae-d930-4462-8d1b-42f33f131014/survey_grp/SECTION_Crop_Productivity/crop_repeat[1]","Arachide","Y1BBO1"
2,37,"Millet","Mil",NA,"rain",0,0,0,1,"area","In total, how much land did you use for growing Mil during the last 12 months?","Au total, quelle superficie avez-vous utilisée pour Mil au cours des 12 dernier mois ?",1,2,"Hectares",1,NA,1,1,1,NA,"normal_harvest",1,2,"Tonnes",1000,NA,1000,1000,1000,NA,1,1,1000,1000,NA,NA,"monoculture","Half",NA,"eat save_seed",1,0,0,0,0,1,0,NA,"All","","","Little",NA,NA,"",NA,NA,"",0,0,0,0,0,0,"Male_adult",0,0,1,0,0,0,NA,"soil feed compost construction",0,1,1,1,0,0,0,1,"uuid:6357e9ae-d930-4462-8d1b-42f33f131014","uuid:6357e9ae-d930-4462-8d1b-42f33f131014/survey_grp/SECTION_Crop_Productivity/crop_repeat[2]","Mil","Y1BBO1"
3,1,"Maize","Maïs",NA,"rain",0,0,0,1,"area","In total, how much land did you use for growing Maïs during the last 12 months?","Au total, quelle superficie avez-vous utilisée pour Maïs au cours des 12 dernier mois ?",1,2,"Hectares",1,NA,1,1,1,NA,"normal_harvest",1,2,"Tonnes",1000,NA,1000,1000,1000,NA,1,1,1000,1000,NA,NA,"monoculture","Most",NA,"eat save_seed",1,0,0,0,0,1,0,NA,"Most","","","Little",NA,NA,"",NA,NA,"",0,0,0,0,0,0,"Male_adult",0,0,1,0,0,0,NA,"soil feed compost construction",0,1,1,1,0,0,0,1,"uuid:6357e9ae-d930-4462-8d1b-42f33f131014","uuid:6357e9ae-d930-4462-8d1b-42f33f131014/survey_grp/SECTION_Crop_Productivity/crop_repeat[3]","Maïs","Y1BBO1"
1,1,"Maize","Maïs",NA,"rain",0,0,0,1,"area","In total, how much land did you use for growing Maïs during the last 12 months?","Au total, quelle superficie avez-vous utilisée pour Maïs au cours des 12 dernier mois ?",1,2,"Hectares",1,NA,1,1,1,NA,"bad_harvest",700,1,"Kg",1,NA,1,700,700,NA,700,700,700,700,NA,NA,"monoculture","Half",NA,"eat",1,0,0,0,0,0,0,NA,"","","","",NA,NA,"",NA,NA,"",0,0,0,0,0,0,"Male_adult",0,0,1,0,0,0,NA,"soil feed compost construction",0,1,1,1,0,0,0,1,"uuid:d4c36bbb-1a18-4980-999b-14afdac339a8","uuid:d4c36bbb-1a18-4980-999b-14afdac339a8/survey_grp/SECTION_Crop_Productivity/crop_repeat[1]","Maïs","376"
2,36,"Peanut","Arachide",NA,"rain",0,0,0,1,"area","In total, how much land did you use for growing Arachide during the last 12 months?","Au total, quelle superficie avez-vous utilisée pour Arachide au cours des 12 dernier mois ?",1,2,"Hectares",1,NA,1,1,1,NA,"bad_harvest",300,1,"Kg",1,NA,1,300,300,NA,300,300,300,300,NA,NA,"monoculture","Half",NA,"eat",1,0,0,0,0,0,0,NA,"","","","",NA,NA,"",NA,NA,"",0,0,0,0,0,0,"Male_adult",0,0,1,0,0,0,NA,"soil feed compost construction sell",0,1,1,1,0,0,1,1,"uuid:d4c36bbb-1a18-4980-999b-14afdac339a8","uuid:d4c36bbb-1a18-4980-999b-14afdac339a8/survey_grp/SECTION_Crop_Productivity/crop_repeat[2]","Arachide","376"
3,37,"Millet","Mil",NA,"rain",0,0,0,1,"area","In total, how much land did you use for growing Mil during the last 12 months?","Au total, quelle superficie avez-vous utilisée pour Mil au cours des 12 dernier mois ?",1,2,"Hectares",1,NA,1,1,1,NA,"bad_harvest",800,1,"Kg",1,NA,1,800,800,NA,800,800,800,800,NA,NA,"monoculture","Half",NA,"eat",1,0,0,0,0,0,0,NA,"","","","",NA,NA,"",NA,NA,"",0,0,0,0,0,0,"Male_adult",0,0,1,0,0,0,NA,"soil feed compost construction",0,1,1,1,0,0,0,1,"uuid:d4c36bbb-1a18-4980-999b-14afdac339a8","uuid:d4c36bbb-1a18-4980-999b-14afdac339a8/survey_grp/SECTION_Crop_Productivity/crop_repeat[3]","Mil","376"
1,36,"Peanut","Arachide",NA,"rain",0,0,0,1,"area","In total, how much land did you use for growing Arachide during the last 12 months?","Au total, quelle superficie avez-vous utilisée pour Arachide au cours des 12 dernier mois ?",1,2,"Hectares",1,NA,1,1,1,NA,"normal_harvest",1,2,"Tonnes",1000,NA,1000,1000,1000,NA,1,1,1000,1000,NA,NA,"monoculture","Most",NA,"eat feed_livestock save_seed",1,1,0,0,0,1,0,NA,"Half","","Half","UnderHalf",NA,NA,"",NA,NA,"",0,0,0,0,0,0,"Male_adult",0,0,1,0,0,0,NA,"soil feed compost construction sell",0,1,1,1,0,0,1,1,"uuid:5259e8df-1b98-4546-977e-146cbd4b91bc","uuid:5259e8df-1b98-4546-977e-146cbd4b91bc/survey_grp/SECTION_Crop_Productivity/crop_repeat[1]","Arachide","7QQCZ8"
1,36,"Peanut","Arachide",NA,"rain",0,0,0,1,"area","In total, how much land did you use for growing Arachide during the last 12 months?","Au total, quelle superficie avez-vous utilisée pour Arachide au cours des 12 dernier mois ?",3,2,"Hectares",1,NA,1,3,3,NA,"normal_harvest",5,2,"Tonnes",1000,NA,1000,5000,5000,NA,1.6666666666666667,1.67,1666.6666666666667,1666.67,NA,NA,"monoculture","Most",NA,"eat sell save_seed feed_livestock",1,1,0,0,0,1,1,NA,"Half","Most","UnderHalf","Little",NA,0,"total_income_per_year",NA,NA,"Male_adult",0,0,1,0,0,0,"Male_adult",0,0,1,0,0,0,NA,"soil feed compost construction sell",0,1,1,1,0,0,1,1,"uuid:a41ca88e-a333-4d3c-9756-c3263bc6c7fb","uuid:a41ca88e-a333-4d3c-9756-c3263bc6c7fb/survey_grp/SECTION_Crop_Productivity/crop_repeat[1]","Arachide","LUKLMY"
2,37,"Millet","Mil",NA,"rain",0,0,0,1,"area","In total, how much land did you use for growing Mil during the last 12 months?","Au total, quelle superficie avez-vous utilisée pour Mil au cours des 12 dernier mois ?",0.5,2,"Hectares",1,NA,1,0.5,0.5,NA,"normal_harvest",1.5,2,"Tonnes",1000,NA,1000,1500,1500,NA,3,3,3000,3000,NA,NA,"monoculture","UnderHalf",NA,"eat sell feed_livestock save_seed",1,1,0,0,0,1,1,NA,"Half","All","Half","Little",NA,0,"total_income_per_year",NA,NA,"Male_adult",0,0,1,0,0,0,"Male_adult",0,0,1,0,0,0,NA,"soil feed compost construction",0,1,1,1,0,0,0,1,"uuid:a41ca88e-a333-4d3c-9756-c3263bc6c7fb","uuid:a41ca88e-a333-4d3c-9756-c3263bc6c7fb/survey_grp/SECTION_Crop_Productivity/crop_repeat[2]","Mil","LUKLMY"
1,36,"Peanut","Arachide",NA,"rain",0,0,0,1,"area","In total, how much land did you use for growing Arachide during the last 12 months?","Au total, quelle superficie avez-vous utilisée pour Arachide au cours des 12 dernier mois ?",1,2,"Hectares",1,NA,1,1,1,NA,"normal_harvest",1,2,"Tonnes",1000,NA,1000,1000,1000,NA,1,1,1000,1000,NA,NA,"intercrop","Half",NA,"eat sell save_seed",1,0,0,0,0,1,1,NA,"Half","Half","","Little",NA,75000,"total_income_per_year",NA,NA,"Male_adult",0,0,1,0,0,0,"Male_adult",0,0,1,0,0,0,NA,"soil feed compost construction sell",0,1,1,1,0,0,1,1,"uuid:a7e769d0-6e5e-426f-a713-de7e258e1c98","uuid:a7e769d0-6e5e-426f-a713-de7e258e1c98/survey_grp/SECTION_Crop_Productivity/crop_repeat[1]","Arachide","118"
2,37,"Millet","Mil",NA,"rain",0,0,0,1,"area","In total, how much land did you use for growing Mil during the last 12 months?","Au total, quelle superficie avez-vous utilisée pour Mil au cours des 12 dernier mois ?",1,2,"Hectares",1,NA,1,1,1,NA,"normal_harvest",1,2,"Tonnes",1000,NA,1000,1000,1000,NA,1,1,1000,1000,NA,NA,"monoculture","Half",NA,"eat sell save_seed",1,0,0,0,0,1,1,NA,"Most","UnderHalf","","Little",NA,0,"total_income_per_year",NA,NA,"Male_adult",0,0,1,0,0,0,"Male_adult",0,0,1,0,0,0,NA,"soil feed compost construction",0,1,1,1,0,0,0,1,"uuid:a7e769d0-6e5e-426f-a713-de7e258e1c98","uuid:a7e769d0-6e5e-426f-a713-de7e258e1c98/survey_grp/SECTION_Crop_Productivity/crop_repeat[2]","Mil","118"
3,1,"Maize","Maïs",NA,"rain",0,0,0,1,"area","In total, how much land did you use for growing Maïs during the last 12 months?","Au total, quelle superficie avez-vous utilisée pour Maïs au cours des 12 dernier mois ?",1,2,"Hectares",1,NA,1,1,1,NA,"normal_harvest",350,1,"Kg",1,NA,1,350,350,NA,350,350,350,350,NA,NA,"monoculture","Half",NA,"eat sell save_seed",1,0,0,0,0,1,1,NA,"Most","UnderHalf","","Little",NA,0,"total_income_per_year",NA,NA,"Male_adult",0,0,1,0,0,0,"Male_adult",0,0,1,0,0,0,NA,"soil feed compost construction",0,1,1,1,0,0,0,1,"uuid:a7e769d0-6e5e-426f-a713-de7e258e1c98","uuid:a7e769d0-6e5e-426f-a713-de7e258e1c98/survey_grp/SECTION_Crop_Productivity/crop_repeat[3]","Maïs","118"
1,37,"Millet","Mil",NA,"rain",0,0,0,1,"area","In total, how much land did you use for growing Mil during the last 12 months?","Au total, quelle superficie avez-vous utilisée pour Mil au cours des 12 dernier mois ?",2,2,"Hectares",1,NA,1,2,2,NA,"normal_harvest",1,2,"Tonnes",1000,NA,1000,1000,1000,NA,0.5,0.5,500,500,NA,NA,"monoculture","Half",NA,"eat",1,0,0,0,0,0,0,NA,"","","","",NA,NA,"",NA,NA,"",0,0,0,0,0,0,"Male_adult",0,0,1,0,0,0,NA,"soil feed compost construction",0,1,1,1,0,0,0,1,"uuid:430ad947-ee29-4781-aae9-2da03d276bea","uuid:430ad947-ee29-4781-aae9-2da03d276bea/survey_grp/SECTION_Crop_Productivity/crop_repeat[1]","Mil","K9GK4N"
1,37,"Millet","Mil",NA,"rain",0,0,0,1,"area","In total, how much land did you use for growing Mil during the last 12 months?","Au total, quelle superficie avez-vous utilisée pour Mil au cours des 12 dernier mois ?",1.5,2,"Hectares",1,NA,1,1.5,1.5,NA,"good_harvest",600,1,"Kg",1,NA,1,600,600,NA,400,400,400,400,NA,NA,"monoculture","Half",NA,"eat",1,0,0,0,0,0,0,NA,"","","","",NA,NA,"",NA,NA,"",0,0,0,0,0,0,"Male_adult",0,0,1,0,0,0,NA,"burn",1,0,0,0,0,0,0,0,"uuid:001d8064-237a-4682-952a-af84224208b5","uuid:001d8064-237a-4682-952a-af84224208b5/survey_grp/SECTION_Crop_Productivity/crop_repeat[1]","Mil","393"
1,37,"Millet","Mil",NA,"rain",0,0,0,1,"area","In total, how much land did you use for growing Mil during the last 12 months?","Au total, quelle superficie avez-vous utilisée pour Mil au cours des 12 dernier mois ?",2,2,"Hectares",1,NA,1,2,2,NA,"good_harvest",20,8,"Sac de 50 Kg",50,NA,50,1000,1000,NA,10,10,500,500,NA,NA,"monoculture","Half",NA,"eat",1,0,0,0,0,0,0,NA,"","","","",NA,NA,"",NA,NA,"",0,0,0,0,0,0,"Female_adult",1,0,0,0,0,0,NA,"burn",1,0,0,0,0,0,0,0,"uuid:b1e2661d-efc0-4fc4-862b-d864d5414872","uuid:b1e2661d-efc0-4fc4-862b-d864d5414872/survey_grp/SECTION_Crop_Productivity/crop_repeat[1]","Mil","416"
1,37,"Millet","Mil",NA,"rain",0,0,0,1,"area","In total, how much land did you use for growing Mil during the last 12 months?","Au total, quelle superficie avez-vous utilisée pour Mil au cours des 12 dernier mois ?",0.5,2,"Hectares",1,NA,1,0.5,0.5,NA,"good_harvest",2,2,"Tonnes",1000,NA,1000,2000,2000,NA,4,4,4000,4000,NA,NA,"monoculture","Half",NA,"eat",1,0,0,0,0,0,0,NA,"","","","",NA,NA,"",NA,NA,"",0,0,0,0,0,0,"Female_adult",1,0,0,0,0,0,NA,"burn",1,0,0,0,0,0,0,0,"uuid:38e4efe5-dee3-494a-abe4-32dca58f03cd","uuid:38e4efe5-dee3-494a-abe4-32dca58f03cd/survey_grp/SECTION_Crop_Productivity/crop_repeat[1]","Mil","239"
1,36,"Peanut","Arachide",NA,"rain",0,0,0,1,"area","In total, how much land did you use for growing Arachide during the last 12 months?","Au total, quelle superficie avez-vous utilisée pour Arachide au cours des 12 dernier mois ?",2,2,"Hectares",1,NA,1,2,2,NA,"good_harvest",10,8,"Sac de 50 Kg",50,NA,50,500,500,NA,5,5,250,250,NA,NA,"monoculture","UnderHalf",NA,"sell eat",1,0,0,0,0,0,1,NA,"Half","Half","","",NA,600000,"price_per_kg",NA,NA,"Male_adult",0,0,1,0,0,0,"Male_adult",0,0,1,0,0,0,NA,"burn",1,0,0,0,0,0,0,0,"uuid:245dc15f-d35a-4858-9ac2-350e7383ba20","uuid:245dc15f-d35a-4858-9ac2-350e7383ba20/survey_grp/SECTION_Crop_Productivity/crop_repeat[1]","Arachide","591"
1,37,"Millet","Mil",NA,"rain",0,0,0,1,"area","In total, how much land did you use for growing Mil during the last 12 months?","Au total, quelle superficie avez-vous utilisée pour Mil au cours des 12 dernier mois ?",0.8,2,"Hectares",1,NA,1,0.8,0.8,NA,"normal_harvest",11,8,"Sac de 50 Kg",50,NA,50,550,550,NA,13.75,13.75,687.5,687.5,NA,NA,"monoculture","Most",NA,"eat save_seed feed_livestock",1,1,0,0,0,1,0,NA,"Most","","Little","Little",NA,NA,"",NA,NA,"",0,0,0,0,0,0,"Male_adult Female_adult",1,0,1,0,0,0,NA,"soil feed compost construction",0,1,1,1,0,0,0,1,"uuid:0d872834-7868-438a-87ab-99f433f32181","uuid:0d872834-7868-438a-87ab-99f433f32181/survey_grp/SECTION_Crop_Productivity/crop_repeat[1]","Mil","59"
1,37,"Millet","Mil",NA,"rain",0,0,0,1,"area","In total, how much land did you use for growing Mil during the last 12 months?","Au total, quelle superficie avez-vous utilisée pour Mil au cours des 12 dernier mois ?",1.5,2,"Hectares",1,NA,1,1.5,1.5,NA,"normal_harvest",20,8,"Sac de 50 Kg",50,NA,50,1000,1000,NA,13.333333333333334,13.33,666.6666666666666,666.67,NA,NA,"monoculture","Most",NA,"eat save_seed",1,0,0,0,0,1,0,NA,"Most","","","Little",NA,NA,"",NA,NA,"",0,0,0,0,0,0,"Female_adult",1,0,0,0,0,0,NA,"soil feed construction",0,0,1,1,0,0,0,1,"uuid:465add4a-27d5-4963-bf64-9d963c91a739","uuid:465add4a-27d5-4963-bf64-9d963c91a739/survey_grp/SECTION_Crop_Productivity/crop_repeat[1]","Mil","63"
2,36,"Peanut","Arachide",NA,"rain",0,0,0,1,"area","In total, how much land did you use for growing Arachide during the last 12 months?","Au total, quelle superficie avez-vous utilisée pour Arachide au cours des 12 dernier mois ?",0.5,2,"Hectares",1,NA,1,0.5,0.5,NA,"normal_harvest",8,8,"Sac de 50 Kg",50,NA,50,400,400,NA,16,16,800,800,NA,NA,"intercrop","Most",NA,"eat save_seed sell",1,0,0,0,0,1,1,NA,"Most","UnderHalf","","Little",NA,160000,"total_income_per_year",NA,NA,"Female_adult",1,0,0,0,0,0,"Female_adult",1,0,0,0,0,0,NA,"soil feed",0,0,0,1,0,0,0,1,"uuid:465add4a-27d5-4963-bf64-9d963c91a739","uuid:465add4a-27d5-4963-bf64-9d963c91a739/survey_grp/SECTION_Crop_Productivity/crop_repeat[2]","Arachide","63"
1,36,"Peanut","Arachide",NA,"rain",0,0,0,1,"area","In total, how much land did you use for growing Arachide during the last 12 months?","Au total, quelle superficie avez-vous utilisée pour Arachide au cours des 12 dernier mois ?",2,2,"Hectares",1,NA,1,2,2,NA,"normal_harvest",2400,1,"Kg",1,NA,1,2400,2400,NA,1200,1200,1200,1200,NA,NA,"intercrop","Most",NA,"eat sell save_seed",1,0,0,0,0,1,1,NA,"UnderHalf","Most","","Little",NA,275000,"total_income_per_year",NA,NA,"Female_adult",1,0,0,0,0,0,"Female_adult",1,0,0,0,0,0,NA,"feed",0,0,0,1,0,0,0,0,"uuid:f261283a-c632-4f37-b8a2-9c3984549b77","uuid:f261283a-c632-4f37-b8a2-9c3984549b77/survey_grp/SECTION_Crop_Productivity/crop_repeat[1]","Arachide","9VPWZA"
1,36,"Peanut","Arachide",NA,"rain",0,0,0,1,"area","In total, how much land did you use for growing Arachide during the last 12 months?","Au total, quelle superficie avez-vous utilisée pour Arachide au cours des 12 dernier mois ?",1.5,2,"Hectares",1,NA,1,1.5,1.5,NA,"normal_harvest",2200,1,"Kg",1,NA,1,2200,2200,NA,1466.6666666666667,1466.67,1466.6666666666667,1466.67,NA,NA,"monoculture","Most",NA,"eat save_seed",1,0,0,0,0,1,0,NA,"Most","","","Little",NA,NA,"",NA,NA,"",0,0,0,0,0,0,"Female_adult",1,0,0,0,0,0,NA,"feed",0,0,0,1,0,0,0,0,"uuid:b38cc01a-c3a3-4f6d-ac35-54fd2bfba033","uuid:b38cc01a-c3a3-4f6d-ac35-54fd2bfba033/survey_grp/SECTION_Crop_Productivity/crop_repeat[1]","Arachide","Q31P6M"
1,37,"Millet","Mil",NA,"rain",0,0,0,1,"area","In total, how much land did you use for growing Mil during the last 12 months?","Au total, quelle superficie avez-vous utilisée pour Mil au cours des 12 dernier mois ?",1,2,"Hectares",1,NA,1,1,1,NA,"normal_harvest",540,1,"Kg",1,NA,1,540,540,NA,540,540,540,540,NA,NA,"monoculture","Half",NA,"eat save_seed",1,0,0,0,0,1,0,NA,"All","","","Little",NA,NA,"",NA,NA,"",0,0,0,0,0,0,"Male_adult",0,0,1,0,0,0,NA,"soil",0,0,0,0,0,0,0,1,"uuid:82ae8db9-86a7-40f4-aa6b-6c228929dd4b","uuid:82ae8db9-86a7-40f4-aa6b-6c228929dd4b/survey_grp/SECTION_Crop_Productivity/crop_repeat[1]","Mil","409"
2,36,"Peanut","Arachide",NA,"rain",0,0,0,1,"area","In total, how much land did you use for growing Arachide during the last 12 months?","Au total, quelle superficie avez-vous utilisée pour Arachide au cours des 12 dernier mois ?",1.5,2,"Hectares",1,NA,1,1.5,1.5,NA,"normal_harvest",11,8,"Sac de 50 Kg",50,NA,50,550,550,NA,7.333333333333333,7.33,366.6666666666667,366.67,NA,NA,"monoculture","Half",NA,"eat sell save_seed",1,0,0,0,0,1,1,NA,"UnderHalf","Half","","Little",NA,100000,"total_income_per_year",NA,NA,"Male_adult",0,0,1,0,0,0,"Male_adult",0,0,1,0,0,0,NA,"feed",0,0,0,1,0,0,0,0,"uuid:82ae8db9-86a7-40f4-aa6b-6c228929dd4b","uuid:82ae8db9-86a7-40f4-aa6b-6c228929dd4b/survey_grp/SECTION_Crop_Productivity/crop_repeat[2]","Arachide","409"
1,36,"Peanut","Arachide",NA,"rain",0,0,0,1,"area","In total, how much land did you use for growing Arachide during the last 12 months?","Au total, quelle superficie avez-vous utilisée pour Arachide au cours des 12 dernier mois ?",2,2,"Hectares",1,NA,1,2,2,NA,"normal_harvest",1.5,2,"Tonnes",1000,NA,1000,1500,1500,NA,0.75,0.75,750,750,NA,NA,"monoculture","UnderHalf",NA,"eat sell",1,0,0,0,0,0,1,NA,"UnderHalf","Most","","",NA,192000,"total_income_per_year",NA,NA,"Male_adult",0,0,1,0,0,0,"Male_adult",0,0,1,0,0,0,NA,"feed",0,0,0,1,0,0,0,0,"uuid:bbe4675d-88ac-438a-aa93-88a38267cbfa","uuid:bbe4675d-88ac-438a-aa93-88a38267cbfa/survey_grp/SECTION_Crop_Productivity/crop_repeat[1]","Arachide","603"
2,37,"Millet","Mil",NA,"rain",0,0,0,1,"area","In total, how much land did you use for growing Mil during the last 12 months?","Au total, quelle superficie avez-vous utilisée pour Mil au cours des 12 dernier mois ?",1.5,2,"Hectares",1,NA,1,1.5,1.5,NA,"bad_harvest",1,2,"Tonnes",1000,NA,1000,1000,1000,NA,0.6666666666666666,0.67,666.6666666666666,666.67,NA,NA,"monoculture","UnderHalf",NA,"eat",1,0,0,0,0,0,0,NA,"","","","",NA,NA,"",NA,NA,"",0,0,0,0,0,0,"Male_adult",0,0,1,0,0,0,NA,"soil",0,0,0,0,0,0,0,1,"uuid:bbe4675d-88ac-438a-aa93-88a38267cbfa","uuid:bbe4675d-88ac-438a-aa93-88a38267cbfa/survey_grp/SECTION_Crop_Productivity/crop_repeat[2]","Mil","603"
1,37,"Millet","Mil",NA,"rain",0,0,0,1,"area","In total, how much land did you use for growing Mil during the last 12 months?","Au total, quelle superficie avez-vous utilisée pour Mil au cours des 12 dernier mois ?",1.5,2,"Hectares",1,NA,1,1.5,1.5,NA,"normal_harvest",1,2,"Tonnes",1000,NA,1000,1000,1000,NA,0.6666666666666666,0.67,666.6666666666666,666.67,NA,NA,"monoculture","Half",NA,"eat sell feed_livestock save_seed",1,1,0,0,0,1,1,NA,"Half","UnderHalf","Little","UnderHalf",NA,40000,"total_income_per_year",NA,NA,"Male_adult",0,0,1,0,0,0,"Male_adult",0,0,1,0,0,0,NA,"feed construction",0,0,1,1,0,0,0,0,"uuid:c8457af5-b785-4bbf-97d7-309c97c6ad33","uuid:c8457af5-b785-4bbf-97d7-309c97c6ad33/survey_grp/SECTION_Crop_Productivity/crop_repeat[1]","Mil","237"
2,1,"Maize","Maïs",NA,"rain",0,0,0,1,"area","In total, how much land did you use for growing Maïs during the last 12 months?","Au total, quelle superficie avez-vous utilisée pour Maïs au cours des 12 dernier mois ?",0.5,2,"Hectares",1,NA,1,0.5,0.5,NA,"normal_harvest",2,8,"Sac de 50 Kg",50,NA,50,100,100,NA,4,4,200,200,NA,NA,"monoculture","Little",NA,"eat",1,0,0,0,0,0,0,NA,"","","","",NA,NA,"",NA,NA,"",0,0,0,0,0,0,"Male_adult",0,0,1,0,0,0,NA,"feed",0,0,0,1,0,0,0,0,"uuid:c8457af5-b785-4bbf-97d7-309c97c6ad33","uuid:c8457af5-b785-4bbf-97d7-309c97c6ad33/survey_grp/SECTION_Crop_Productivity/crop_repeat[2]","Maïs","237"
3,18,"Papaya","Papaye",NA,"dry_hot dry_cold",0,1,1,0,"plants","In total, how many Papaye plants did you grow during the last 12 months?","Au total, quelle quantité de Papayeavez-vous cultivé au cours des 12 dernier mois ?",20,3,"Plantes",-99,NA,-99,NA,NA,NA,"normal_harvest",1,2,"Tonnes",1000,NA,1000,NA,NA,NA,0.05,0.05,NA,NA,NA,NA,"intercrop","UnderHalf",NA,"sell eat",1,0,0,0,0,0,1,NA,"UnderHalf","Most","","",NA,250000,"total_income_per_year",NA,NA,"Female_adult",1,0,0,0,0,0,"Female_adult",1,0,0,0,0,0,NA,"no_answer",0,0,0,0,0,1,0,0,"uuid:c8457af5-b785-4bbf-97d7-309c97c6ad33","uuid:c8457af5-b785-4bbf-97d7-309c97c6ad33/survey_grp/SECTION_Crop_Productivity/crop_repeat[3]","Papaye","237"
4,3,"Bananas","Bananes",NA,"dry_cold dry_hot rain",0,1,1,1,"plants","In total, how many Bananes plants did you grow during the last 12 months?","Au total, quelle quantité de Bananesavez-vous cultivé au cours des 12 dernier mois ?",10,3,"Plantes",-99,NA,-99,NA,NA,NA,"normal_harvest",0.5,2,"Tonnes",1000,NA,1000,NA,NA,NA,0.05,0.05,NA,NA,NA,NA,"intercrop","Little",NA,"eat sell",1,0,0,0,0,0,1,NA,"UnderHalf","Most","","",NA,175000,"total_income_per_year",NA,NA,"Female_adult",1,0,0,0,0,0,"Female_adult",1,0,0,0,0,0,NA,"no_answer",0,0,0,0,0,1,0,0,"uuid:c8457af5-b785-4bbf-97d7-309c97c6ad33","uuid:c8457af5-b785-4bbf-97d7-309c97c6ad33/survey_grp/SECTION_Crop_Productivity/crop_repeat[4]","Bananes","237"
1,37,"Millet","Mil",NA,"rain",0,0,0,1,"area","In total, how much land did you use for growing Mil during the last 12 months?","Au total, quelle superficie avez-vous utilisée pour Mil au cours des 12 dernier mois ?",2,2,"Hectares",1,NA,1,2,2,NA,"good_harvest",20,2,"Tonnes",1000,NA,1000,20000,20000,NA,10,10,10000,10000,NA,NA,"monoculture","UnderHalf",NA,"eat sell save_seed",1,0,0,0,0,1,1,NA,"Most","UnderHalf","","Little",NA,750000,"total_income_per_year",NA,NA,"Male_adult",0,0,1,0,0,0,"Male_adult",0,0,1,0,0,0,NA,"soil",0,0,0,0,0,0,0,1,"uuid:58a82746-7a3e-460e-bde4-38c3e31f8c47","uuid:58a82746-7a3e-460e-bde4-38c3e31f8c47/survey_grp/SECTION_Crop_Productivity/crop_repeat[1]","Mil","252"
2,34,"Carrot","Carotte",NA,"dry_hot dry_cold",0,1,1,0,"plants","In total, how many Carotte plants did you grow during the last 12 months?","Au total, quelle quantité de Carotteavez-vous cultivé au cours des 12 dernier mois ?",6,3,"Plantes",-99,NA,-99,NA,NA,NA,"good_harvest",100,1,"Kg",1,NA,1,NA,NA,NA,16.666666666666668,16.67,NA,NA,NA,NA,"monoculture","Half",NA,"sell eat",1,0,0,0,0,0,1,NA,"Most","UnderHalf","","",NA,30000,"total_income_per_year",NA,NA,"Female_adult",1,0,0,0,0,0,"Female_adult",1,0,0,0,0,0,NA,"soil",0,0,0,0,0,0,0,1,"uuid:58a82746-7a3e-460e-bde4-38c3e31f8c47","uuid:58a82746-7a3e-460e-bde4-38c3e31f8c47/survey_grp/SECTION_Crop_Productivity/crop_repeat[2]","Carotte","252"
3,30,"Onion","Oignon",NA,"dry_cold dry_hot",0,1,1,0,"plants","In total, how many Oignon plants did you grow during the last 12 months?","Au total, quelle quantité de Oignonavez-vous cultivé au cours des 12 dernier mois ?",1,3,"Plantes",-99,NA,-99,NA,NA,NA,"normal_harvest",80,1,"Kg",1,NA,1,NA,NA,NA,80,80,NA,NA,NA,NA,"monoculture","UnderHalf",NA,"sell eat",1,0,0,0,0,0,1,NA,"Most","UnderHalf","","",NA,32000,"total_income_per_year",NA,NA,"Female_adult",1,0,0,0,0,0,"Female_adult",1,0,0,0,0,0,NA,"soil",0,0,0,0,0,0,0,1,"uuid:58a82746-7a3e-460e-bde4-38c3e31f8c47","uuid:58a82746-7a3e-460e-bde4-38c3e31f8c47/survey_grp/SECTION_Crop_Productivity/crop_repeat[3]","Oignon","252"
4,8,"Chilli Peppers","Poivrons",NA,"dry_hot",0,0,1,0,"plants","In total, how many Poivrons plants did you grow during the last 12 months?","Au total, quelle quantité de Poivronsavez-vous cultivé au cours des 12 dernier mois ?",1,3,"Plantes",-99,NA,-99,NA,NA,NA,"normal_harvest",30,1,"Kg",1,NA,1,NA,NA,NA,30,30,NA,NA,NA,NA,"monoculture","Little",NA,"eat sell",1,0,0,0,0,0,1,NA,"All","Little","","",NA,15000,"total_income_per_year",NA,NA,"Female_adult",1,0,0,0,0,0,"Female_adult",1,0,0,0,0,0,NA,"soil",0,0,0,0,0,0,0,1,"uuid:58a82746-7a3e-460e-bde4-38c3e31f8c47","uuid:58a82746-7a3e-460e-bde4-38c3e31f8c47/survey_grp/SECTION_Crop_Productivity/crop_repeat[4]","Poivrons","252"
1,36,"Peanut","Arachide",NA,"rain",0,0,0,1,"area","In total, how much land did you use for growing Arachide during the last 12 months?","Au total, quelle superficie avez-vous utilisée pour Arachide au cours des 12 dernier mois ?",2,2,"Hectares",1,NA,1,2,2,NA,"normal_harvest",2.5,2,"Tonnes",1000,NA,1000,2500,2500,NA,1.25,1.25,1250,1250,NA,NA,"monoculture","Most",NA,"eat sell feed_livestock save_seed",1,1,0,0,0,1,1,NA,"UnderHalf","Half","Little","Little",NA,500000,"total_income_per_year",NA,NA,"Male_Youth",0,0,0,0,1,0,"Male_Youth",0,0,0,0,1,0,NA,"feed",0,0,0,1,0,0,0,0,"uuid:fe45fea3-c2a5-4c78-92af-09c39d116472","uuid:fe45fea3-c2a5-4c78-92af-09c39d116472/survey_grp/SECTION_Crop_Productivity/crop_repeat[1]","Arachide","XF0N66"
1,36,"Peanut","Arachide",NA,"rain",0,0,0,1,"area","In total, how much land did you use for growing Arachide during the last 12 months?","Au total, quelle superficie avez-vous utilisée pour Arachide au cours des 12 dernier mois ?",1,2,"Hectares",1,NA,1,1,1,NA,"normal_harvest",1,2,"Tonnes",1000,NA,1000,1000,1000,NA,1,1,1000,1000,NA,NA,"monoculture","UnderHalf",NA,"eat sell save_seed",1,0,0,0,0,1,1,NA,"Half","Half","","Little",NA,300000,"total_income_per_year",NA,NA,"Male_adult",0,0,1,0,0,0,"Male_adult",0,0,1,0,0,0,NA,"feed sell",0,0,0,1,0,0,1,0,"uuid:a843c6dc-9c63-42db-96ac-c8976784a88b","uuid:a843c6dc-9c63-42db-96ac-c8976784a88b/survey_grp/SECTION_Crop_Productivity/crop_repeat[1]","Arachide","9EEF4T"
1,36,"Peanut","Arachide",NA,"rain",0,0,0,1,"area","In total, how much land did you use for growing Arachide during the last 12 months?","Au total, quelle superficie avez-vous utilisée pour Arachide au cours des 12 dernier mois ?",3,2,"Hectares",1,NA,1,3,3,NA,"normal_harvest",3,2,"Tonnes",1000,NA,1000,3000,3000,NA,1,1,1000,1000,NA,NA,"monoculture","Most",NA,"sell eat save_seed",1,0,0,0,0,1,1,NA,"Little","All","","Little",NA,700000,"total_income_per_year",NA,NA,"Male_adult",0,0,1,0,0,0,"Male_adult",0,0,1,0,0,0,NA,"feed",0,0,0,1,0,0,0,0,"uuid:8ad1ea69-2311-4841-b9b5-5d6ea38e7d18","uuid:8ad1ea69-2311-4841-b9b5-5d6ea38e7d18/survey_grp/SECTION_Crop_Productivity/crop_repeat[1]","Arachide","C4Q91K"
1,36,"Peanut","Arachide",NA,"rain",0,0,0,1,"area","In total, how much land did you use for growing Arachide during the last 12 months?","Au total, quelle superficie avez-vous utilisée pour Arachide au cours des 12 dernier mois ?",5,2,"Hectares",1,NA,1,5,5,NA,"normal_harvest",5,2,"Tonnes",1000,NA,1000,5000,5000,NA,1,1,1000,1000,NA,NA,"monoculture","Most",NA,"sell eat save_seed",1,0,0,0,0,1,1,NA,"Most","UnderHalf","","Little",NA,1200000,"total_income_per_year",NA,NA,"Male_adult",0,0,1,0,0,0,"Male_adult",0,0,1,0,0,0,NA,"feed",0,0,0,1,0,0,0,0,"uuid:ae79fda3-cd4e-4fb3-abb5-d50f9d771a15","uuid:ae79fda3-cd4e-4fb3-abb5-d50f9d771a15/survey_grp/SECTION_Crop_Productivity/crop_repeat[1]","Arachide","138"
1,36,"Peanut","Arachide",NA,"rain",0,0,0,1,"area","In total, how much land did you use for growing Arachide during the last 12 months?","Au total, quelle superficie avez-vous utilisée pour Arachide au cours des 12 dernier mois ?",1.5,2,"Hectares",1,NA,1,1.5,1.5,NA,"normal_harvest",2,2,"Tonnes",1000,NA,1000,2000,2000,NA,1.3333333333333333,1.33,1333.3333333333333,1333.33,NA,NA,"monoculture","Most",NA,"sell save_seed",0,0,0,0,0,1,1,NA,"","All","","Little",NA,600000,"total_income_per_year",NA,NA,"Male_adult",0,0,1,0,0,0,"",0,0,0,0,0,0,NA,"feed",0,0,0,1,0,0,0,0,"uuid:8e62109b-18ea-48c7-943f-a9f1d1ab9c36","uuid:8e62109b-18ea-48c7-943f-a9f1d1ab9c36/survey_grp/SECTION_Crop_Productivity/crop_repeat[1]","Arachide","111"
1,36,"Peanut","Arachide",NA,"rain",0,0,0,1,"area","In total, how much land did you use for growing Arachide during the last 12 months?","Au total, quelle superficie avez-vous utilisée pour Arachide au cours des 12 dernier mois ?",2,2,"Hectares",1,NA,1,2,2,NA,"normal_harvest",2,2,"Tonnes",1000,NA,1000,2000,2000,NA,1,1,1000,1000,NA,NA,"monoculture","Half",NA,"sell eat save_seed",1,0,0,0,0,1,1,NA,"UnderHalf","UnderHalf","","Little",NA,500000,"total_income_per_year",NA,NA,"Male_adult",0,0,1,0,0,0,"Male_adult",0,0,1,0,0,0,NA,"feed",0,0,0,1,0,0,0,0,"uuid:71595501-2fa7-4463-9fd1-faaa5b8a51e1","uuid:71595501-2fa7-4463-9fd1-faaa5b8a51e1/survey_grp/SECTION_Crop_Productivity/crop_repeat[1]","Arachide","0DG12Y"
1,36,"Peanut","Arachide",NA,"rain",0,0,0,1,"area","In total, how much land did you use for growing Arachide during the last 12 months?","Au total, quelle superficie avez-vous utilisée pour Arachide au cours des 12 dernier mois ?",1,2,"Hectares",1,NA,1,1,1,NA,"normal_harvest",3,2,"Tonnes",1000,NA,1000,3000,3000,NA,3,3,3000,3000,NA,NA,"monoculture","Most",NA,"eat save_seed sell feed_livestock",1,1,0,0,0,1,1,NA,"All","Most","Little","UnderHalf",NA,100000,"total_income_per_year",NA,NA,"no_answer",0,0,0,0,0,1,"no_answer",0,0,0,0,0,1,NA,"feed",0,0,0,1,0,0,0,0,"uuid:53ffdc16-3b90-4ddc-9368-4f9c013570dd","uuid:53ffdc16-3b90-4ddc-9368-4f9c013570dd/survey_grp/SECTION_Crop_Productivity/crop_repeat[1]","Arachide","AEMAAR"
1,38,"Rice","Riz",NA,"rain",0,0,0,1,"area","In total, how much land did you use for growing Riz during the last 12 months?","Au total, quelle superficie avez-vous utilisée pour Riz au cours des 12 dernier mois ?",1,2,"Hectares",1,NA,1,1,1,NA,"normal_harvest",20,8,"Sac de 50 Kg",50,NA,50,1000,1000,NA,20,20,1000,1000,NA,NA,"monoculture","All",NA,"eat feed_livestock save_seed",1,1,0,0,0,1,0,NA,"UnderHalf","","UnderHalf","UnderHalf",NA,NA,"",NA,NA,"",0,0,0,0,0,0,"Male_Youth",0,0,0,0,1,0,NA,"feed",0,0,0,1,0,0,0,0,"uuid:03374d4a-1671-47a2-a019-d7b0f198460a","uuid:03374d4a-1671-47a2-a019-d7b0f198460a/survey_grp/SECTION_Crop_Productivity/crop_repeat[1]","Riz","137"
2,37,"Millet","Mil",NA,"rain",0,0,0,1,"area","In total, how much land did you use for growing Mil during the last 12 months?","Au total, quelle superficie avez-vous utilisée pour Mil au cours des 12 dernier mois ?",1,2,"Hectares",1,NA,1,1,1,NA,"normal_harvest",6,2,"Tonnes",1000,NA,1000,6000,6000,NA,6,6,6000,6000,NA,NA,"monoculture","All",NA,"feed_livestock save_seed eat sell",1,1,0,0,0,1,1,NA,"UnderHalf","UnderHalf","UnderHalf","UnderHalf",NA,1500000,"total_income_per_year",NA,NA,"Male_Youth",0,0,0,0,1,0,"Male_Youth",0,0,0,0,1,0,NA,"feed",0,0,0,1,0,0,0,0,"uuid:03374d4a-1671-47a2-a019-d7b0f198460a","uuid:03374d4a-1671-47a2-a019-d7b0f198460a/survey_grp/SECTION_Crop_Productivity/crop_repeat[2]","Mil","137"
3,36,"Peanut","Arachide",NA,"rain",0,0,0,1,"area","In total, how much land did you use for growing Arachide during the last 12 months?","Au total, quelle superficie avez-vous utilisée pour Arachide au cours des 12 dernier mois ?",1,2,"Hectares",1,NA,1,1,1,NA,"normal_harvest",1000,1,"Kg",1,NA,1,1000,1000,NA,1000,1000,1000,1000,NA,NA,"intercrop","All",NA,"eat save_seed sell",1,0,0,0,0,1,1,NA,"All","Little","","UnderHalf",NA,175000,"total_income_per_year",NA,NA,"Male_Youth",0,0,0,0,1,0,"Male_Youth",0,0,0,0,1,0,NA,"feed",0,0,0,1,0,0,0,0,"uuid:03374d4a-1671-47a2-a019-d7b0f198460a","uuid:03374d4a-1671-47a2-a019-d7b0f198460a/survey_grp/SECTION_Crop_Productivity/crop_repeat[3]","Arachide","137"
4,1,"Maize","Maïs",NA,"rain",0,0,0,1,"area","In total, how much land did you use for growing Maïs during the last 12 months?","Au total, quelle superficie avez-vous utilisée pour Maïs au cours des 12 dernier mois ?",1,2,"Hectares",1,NA,1,1,1,NA,"normal_harvest",10,2,"Tonnes",1000,NA,1000,10000,10000,NA,10,10,10000,10000,NA,NA,"monoculture","UnderHalf",NA,"eat save_seed feed_livestock sell",1,1,0,0,0,1,1,NA,"UnderHalf","UnderHalf","Little","UnderHalf",NA,125,"price_per_kg",NA,NA,"Male_Youth",0,0,0,0,1,0,"Male_Youth",0,0,0,0,1,0,NA,"feed",0,0,0,1,0,0,0,0,"uuid:03374d4a-1671-47a2-a019-d7b0f198460a","uuid:03374d4a-1671-47a2-a019-d7b0f198460a/survey_grp/SECTION_Crop_Productivity/crop_repeat[4]","Maïs","137"
1,37,"Millet","Mil",NA,"rain",0,0,0,1,"area","In total, how much land did you use for growing Mil during the last 12 months?","Au total, quelle superficie avez-vous utilisée pour Mil au cours des 12 dernier mois ?",3,2,"Hectares",1,NA,1,3,3,NA,"normal_harvest",2,2,"Tonnes",1000,NA,1000,2000,2000,NA,0.6666666666666666,0.67,666.6666666666666,666.67,NA,NA,"monoculture","UnderHalf",NA,"eat feed_livestock sell save_seed",1,1,0,0,0,1,1,NA,"Most","UnderHalf","Little","UnderHalf",NA,50000,"total_income_per_year",NA,NA,"Male_adult",0,0,1,0,0,0,"Male_adult",0,0,1,0,0,0,NA,"feed",0,0,0,1,0,0,0,0,"uuid:52ba1c2d-dccf-45ae-9653-3be1075f9b09","uuid:52ba1c2d-dccf-45ae-9653-3be1075f9b09/survey_grp/SECTION_Crop_Productivity/crop_repeat[1]","Mil","8T8BIH"
2,36,"Peanut","Arachide",NA,"rain",0,0,0,1,"area","In total, how much land did you use for growing Arachide during the last 12 months?","Au total, quelle superficie avez-vous utilisée pour Arachide au cours des 12 dernier mois ?",1,2,"Hectares",1,NA,1,1,1,NA,"normal_harvest",2000,1,"Kg",1,NA,1,2000,2000,NA,2000,2000,2000,2000,NA,NA,"monoculture","Most",NA,"eat sell feed_livestock save_seed",1,1,0,0,0,1,1,NA,"Most","UnderHalf","UnderHalf","UnderHalf",NA,100000,"total_income_per_year",NA,NA,"Male_adult",0,0,1,0,0,0,"Male_adult",0,0,1,0,0,0,NA,"feed",0,0,0,1,0,0,0,0,"uuid:52ba1c2d-dccf-45ae-9653-3be1075f9b09","uuid:52ba1c2d-dccf-45ae-9653-3be1075f9b09/survey_grp/SECTION_Crop_Productivity/crop_repeat[2]","Arachide","8T8BIH"
1,1,"Maize","Maïs",NA,"rain",0,0,0,1,"area","In total, how much land did you use for growing Maïs during the last 12 months?","Au total, quelle superficie avez-vous utilisée pour Maïs au cours des 12 dernier mois ?",1,2,"Hectares",1,NA,1,1,1,NA,"normal_harvest",2,2,"Tonnes",1000,NA,1000,2000,2000,NA,2,2,2000,2000,NA,NA,"monoculture","All",NA,"eat sell feed_livestock save_seed",1,1,0,0,0,1,1,NA,"All","UnderHalf","Little","Little",NA,150000,"total_income_per_year",NA,NA,"Male_adult",0,0,1,0,0,0,"Male_adult",0,0,1,0,0,0,NA,"feed",0,0,0,1,0,0,0,0,"uuid:d1a9b148-a9b1-410e-8272-6eeff1817c2f","uuid:d1a9b148-a9b1-410e-8272-6eeff1817c2f/survey_grp/SECTION_Crop_Productivity/crop_repeat[1]","Maïs","113"
2,37,"Millet","Mil",NA,"rain",0,0,0,1,"area","In total, how much land did you use for growing Mil during the last 12 months?","Au total, quelle superficie avez-vous utilisée pour Mil au cours des 12 dernier mois ?",1,2,"Hectares",1,NA,1,1,1,NA,"normal_harvest",500,1,"Kg",1,NA,1,500,500,NA,500,500,500,500,NA,NA,"monoculture","Most",NA,"eat feed_livestock",1,1,0,0,0,0,0,NA,"Most","","Little","",NA,NA,"",NA,NA,"",0,0,0,0,0,0,"Male_adult",0,0,1,0,0,0,NA,"feed",0,0,0,1,0,0,0,0,"uuid:3b9ea81a-91d4-4c80-988c-63162c3ac129","uuid:3b9ea81a-91d4-4c80-988c-63162c3ac129/survey_grp/SECTION_Crop_Productivity/crop_repeat[2]","Mil","QERJYC"
1,37,"Millet","Mil",NA,"rain",0,0,0,1,"area","In total, how much land did you use for growing Mil during the last 12 months?","Au total, quelle superficie avez-vous utilisée pour Mil au cours des 12 dernier mois ?",1,2,"Hectares",1,NA,1,1,1,NA,"normal_harvest",1,2,"Tonnes",1000,NA,1000,1000,1000,NA,1,1,1000,1000,NA,NA,"monoculture","All",NA,"eat feed_livestock save_seed",1,1,0,0,0,1,0,NA,"All","","Little","UnderHalf",NA,NA,"",NA,NA,"",0,0,0,0,0,0,"Female_Youth",0,1,0,0,0,0,NA,"feed",0,0,0,1,0,0,0,0,"uuid:fac42e97-d098-4351-87ab-f44e914a1ade","uuid:fac42e97-d098-4351-87ab-f44e914a1ade/survey_grp/SECTION_Crop_Productivity/crop_repeat[1]","Mil","146"
1,37,"Millet","Mil",NA,"rain",0,0,0,1,"area","In total, how much land did you use for growing Mil during the last 12 months?","Au total, quelle superficie avez-vous utilisée pour Mil au cours des 12 dernier mois ?",3,2,"Hectares",1,NA,1,3,3,NA,"normal_harvest",1600,1,"Kg",1,NA,1,1600,1600,NA,533.3333333333334,533.33,533.3333333333334,533.33,NA,NA,"intercrop","Most",NA,"eat feed_livestock save_seed",1,1,0,0,0,1,0,NA,"Most","","Little","Little",NA,NA,"",NA,NA,"",0,0,0,0,0,0,"Male_adult",0,0,1,0,0,0,NA,"soil compost construction",0,1,1,0,0,0,0,1,"uuid:7d083012-3120-4a8e-9458-26fe65f00edb","uuid:7d083012-3120-4a8e-9458-26fe65f00edb/survey_grp/SECTION_Crop_Productivity/crop_repeat[1]","Mil","31"
1,37,"Millet","Mil",NA,"rain dry_hot",0,0,1,1,"area","In total, how much land did you use for growing Mil during the last 12 months?","Au total, quelle superficie avez-vous utilisée pour Mil au cours des 12 dernier mois ?",4,2,"Hectares",1,NA,1,4,4,NA,"good_harvest",10,8,"Sac de 50 Kg",50,NA,50,500,500,NA,2.5,2.5,125,125,NA,NA,"monoculture","UnderHalf",NA,"eat",1,0,0,0,0,0,0,NA,"","","","",NA,NA,"",NA,NA,"",0,0,0,0,0,0,"Male_adult",0,0,1,0,0,0,NA,"burn",1,0,0,0,0,0,0,0,"uuid:d907d35c-cf7c-45c1-9833-8ae54d3a5d17","uuid:d907d35c-cf7c-45c1-9833-8ae54d3a5d17/survey_grp/SECTION_Crop_Productivity/crop_repeat[1]","Mil","254"
3,1,"Maize","Maïs",NA,"rain",0,0,0,1,"area","In total, how much land did you use for growing Maïs during the last 12 months?","Au total, quelle superficie avez-vous utilisée pour Maïs au cours des 12 dernier mois ?",0.5,2,"Hectares",1,NA,1,0.5,0.5,NA,"bad_harvest",2,8,"Sac de 50 Kg",50,NA,50,100,100,NA,4,4,200,200,NA,NA,"monoculture","UnderHalf",NA,"eat",1,0,0,0,0,0,0,NA,"","","","",NA,NA,"",NA,NA,"",0,0,0,0,0,0,"Male_adult",0,0,1,0,0,0,NA,"burn",1,0,0,0,0,0,0,0,"uuid:d907d35c-cf7c-45c1-9833-8ae54d3a5d17","uuid:d907d35c-cf7c-45c1-9833-8ae54d3a5d17/survey_grp/SECTION_Crop_Productivity/crop_repeat[3]","Maïs","254"
1,36,"Peanut","Arachide",NA,"rain",0,0,0,1,"area","In total, how much land did you use for growing Arachide during the last 12 months?","Au total, quelle superficie avez-vous utilisée pour Arachide au cours des 12 dernier mois ?",0.5,2,"Hectares",1,NA,1,0.5,0.5,NA,"bad_harvest",12,8,"Sac de 50 Kg",50,NA,50,600,600,NA,24,24,1200,1200,NA,NA,"monoculture","Most",NA,"eat feed_livestock save_seed",1,1,0,0,0,1,0,NA,"Most","","Little","Little",NA,NA,"",NA,NA,"",0,0,0,0,0,0,"Male_adult Male_Youth",0,0,1,0,1,0,NA,"feed soil",0,0,0,1,0,0,0,1,"uuid:5d3cfa90-9504-4ac6-b274-916bb0e890c9","uuid:5d3cfa90-9504-4ac6-b274-916bb0e890c9/survey_grp/SECTION_Crop_Productivity/crop_repeat[1]","Arachide","61"
2,37,"Millet","Mil",NA,"rain",0,0,0,1,"area","In total, how much land did you use for growing Mil during the last 12 months?","Au total, quelle superficie avez-vous utilisée pour Mil au cours des 12 dernier mois ?",1,2,"Hectares",1,NA,1,1,1,NA,"normal_harvest",8,8,"Sac de 50 Kg",50,NA,50,400,400,NA,8,8,400,400,NA,NA,"monoculture","All",NA,"eat save_seed",1,0,0,0,0,1,0,NA,"All","","","Little",NA,NA,"",NA,NA,"",0,0,0,0,0,0,"Male_adult Male_Youth",0,0,1,0,1,0,NA,"soil construction feed",0,0,1,1,0,0,0,1,"uuid:5d3cfa90-9504-4ac6-b274-916bb0e890c9","uuid:5d3cfa90-9504-4ac6-b274-916bb0e890c9/survey_grp/SECTION_Crop_Productivity/crop_repeat[2]","Mil","61"
1,37,"Millet","Mil",NA,"rain",0,0,0,1,"area","In total, how much land did you use for growing Mil during the last 12 months?","Au total, quelle superficie avez-vous utilisée pour Mil au cours des 12 dernier mois ?",1.5,2,"Hectares",1,NA,1,1.5,1.5,NA,"normal_harvest",1,2,"Tonnes",1000,NA,1000,1000,1000,NA,0.6666666666666666,0.67,666.6666666666666,666.67,NA,NA,"monoculture","All",NA,"eat save_seed",1,0,0,0,0,1,0,NA,"All","","","Little",NA,NA,"",NA,NA,"",0,0,0,0,0,0,"Female_adult Male_Youth",1,0,0,0,1,0,NA,"soil feed construction",0,0,1,1,0,0,0,1,"uuid:4e5a2017-a39c-4288-859e-0dbe7f505c90","uuid:4e5a2017-a39c-4288-859e-0dbe7f505c90/survey_grp/SECTION_Crop_Productivity/crop_repeat[1]","Mil","60"
2,36,"Peanut","Arachide",NA,"rain",0,0,0,1,"area","In total, how much land did you use for growing Arachide during the last 12 months?","Au total, quelle superficie avez-vous utilisée pour Arachide au cours des 12 dernier mois ?",0.5,2,"Hectares",1,NA,1,0.5,0.5,NA,"bad_harvest",40,8,"Sac de 50 Kg",50,NA,50,2000,2000,NA,80,80,4000,4000,NA,NA,"intercrop","All",NA,"eat sell feed_livestock save_seed",1,1,0,0,0,1,1,NA,"Half","UnderHalf","Little","Little",NA,150000,"total_income_per_year",NA,NA,"Female_adult Male_Youth",1,0,0,0,1,0,"Female_adult Male_Youth",1,0,0,0,1,0,NA,"soil feed",0,0,0,1,0,0,0,1,"uuid:4e5a2017-a39c-4288-859e-0dbe7f505c90","uuid:4e5a2017-a39c-4288-859e-0dbe7f505c90/survey_grp/SECTION_Crop_Productivity/crop_repeat[2]","Arachide","60"
1,36,"Peanut","Arachide",NA,"rain",0,0,0,1,"area","In total, how much land did you use for growing Arachide during the last 12 months?","Au total, quelle superficie avez-vous utilisée pour Arachide au cours des 12 dernier mois ?",0.5,2,"Hectares",1,NA,1,0.5,0.5,NA,"bad_harvest",1,8,"Sac de 50 Kg",50,NA,50,50,50,NA,2,2,100,100,NA,NA,"monoculture","All",NA,"eat feed_livestock",1,1,0,0,0,0,0,NA,"All","","None","",NA,NA,"",NA,NA,"",0,0,0,0,0,0,"Female_adult Male_adult",1,0,1,0,0,0,NA,"soil feed",0,0,0,1,0,0,0,1,"uuid:ecacb861-e5aa-45dc-bc4e-8c86f2d3d884","uuid:ecacb861-e5aa-45dc-bc4e-8c86f2d3d884/survey_grp/SECTION_Crop_Productivity/crop_repeat[1]","Arachide","569"
1,37,"Millet","Mil",NA,"rain",0,0,0,1,"area","In total, how much land did you use for growing Mil during the last 12 months?","Au total, quelle superficie avez-vous utilisée pour Mil au cours des 12 dernier mois ?",3,2,"Hectares",1,NA,1,3,3,NA,"normal_harvest",1700,1,"Kg",1,NA,1,1700,1700,NA,566.6666666666666,566.67,566.6666666666666,566.67,NA,NA,"intercrop","Most",NA,"eat save_seed feed_livestock",1,1,0,0,0,1,0,NA,"Most","","Little","Little",NA,NA,"",NA,NA,"",0,0,0,0,0,0,"Male_adult",0,0,1,0,0,0,NA,"soil fuel compost construction",0,1,1,0,1,0,0,1,"uuid:ee053e34-bff4-404d-8099-1b5ce305f2d8","uuid:ee053e34-bff4-404d-8099-1b5ce305f2d8/survey_grp/SECTION_Crop_Productivity/crop_repeat[1]","Mil","32"
1,37,"Millet","Mil",NA,"rain",0,0,0,1,"area","In total, how much land did you use for growing Mil during the last 12 months?","Au total, quelle superficie avez-vous utilisée pour Mil au cours des 12 dernier mois ?",3,2,"Hectares",1,NA,1,3,3,NA,"normal_harvest",1600,1,"Kg",1,NA,1,1600,1600,NA,533.3333333333334,533.33,533.3333333333334,533.33,NA,NA,"intercrop","Most",NA,"eat feed_livestock save_seed",1,1,0,0,0,1,0,NA,"Most","","Little","Little",NA,NA,"",NA,NA,"",0,0,0,0,0,0,"Male_adult Female_adult",1,0,1,0,0,0,NA,"soil burn feed compost construction",1,1,1,1,0,0,0,1,"uuid:28e59cb4-1616-4bfb-a8ef-48dea9aeb937","uuid:28e59cb4-1616-4bfb-a8ef-48dea9aeb937/survey_grp/SECTION_Crop_Productivity/crop_repeat[1]","Mil","38"
1,37,"Millet","Mil",NA,"rain",0,0,0,1,"area","In total, how much land did you use for growing Mil during the last 12 months?","Au total, quelle superficie avez-vous utilisée pour Mil au cours des 12 dernier mois ?",3,2,"Hectares",1,NA,1,3,3,NA,"bad_harvest",900,1,"Kg",1,NA,1,900,900,NA,300,300,300,300,NA,NA,"intercrop","Most",NA,"eat feed_livestock",1,1,0,0,0,0,0,NA,"Most","","Little","",NA,NA,"",NA,NA,"",0,0,0,0,0,0,"Male_adult Female_adult",1,0,1,0,0,0,NA,"soil fuel feed compost construction",0,1,1,1,1,0,0,1,"uuid:c7ae93ea-22ea-4e70-9265-89871e03df26","uuid:c7ae93ea-22ea-4e70-9265-89871e03df26/survey_grp/SECTION_Crop_Productivity/crop_repeat[1]","Mil","39"
1,37,"Millet","Mil",NA,"rain",0,0,0,1,"area","In total, how much land did you use for growing Mil during the last 12 months?","Au total, quelle superficie avez-vous utilisée pour Mil au cours des 12 dernier mois ?",1.5,2,"Hectares",1,NA,1,1.5,1.5,NA,"normal_harvest",700,1,"Kg",1,NA,1,700,700,NA,466.6666666666667,466.67,466.6666666666667,466.67,NA,NA,"monoculture","Most",NA,"eat",1,0,0,0,0,0,0,NA,"","","","",NA,NA,"",NA,NA,"",0,0,0,0,0,0,"Male_adult",0,0,1,0,0,0,NA,"soil feed construction",0,0,1,1,0,0,0,1,"uuid:bbf01307-4beb-45ec-b139-23d55aa6a7e2","uuid:bbf01307-4beb-45ec-b139-23d55aa6a7e2/survey_grp/SECTION_Crop_Productivity/crop_repeat[1]","Mil","37"
1,37,"Millet","Mil",NA,"rain",0,0,0,1,"area","In total, how much land did you use for growing Mil during the last 12 months?","Au total, quelle superficie avez-vous utilisée pour Mil au cours des 12 dernier mois ?",2.5,2,"Hectares",1,NA,1,2.5,2.5,NA,"normal_harvest",27,8,"Sac de 50 Kg",50,NA,50,1350,1350,NA,10.8,10.8,540,540,NA,NA,"monoculture","Most",NA,"eat feed_livestock save_seed",1,1,0,0,0,1,0,NA,"Most","","UnderHalf","Little",NA,NA,"",NA,NA,"",0,0,0,0,0,0,"Male_adult",0,0,1,0,0,0,NA,"soil feed construction",0,0,1,1,0,0,0,1,"uuid:62b31efb-2734-447d-a4a9-09399c2edda8","uuid:62b31efb-2734-447d-a4a9-09399c2edda8/survey_grp/SECTION_Crop_Productivity/crop_repeat[1]","Mil","474"
2,36,"Peanut","Arachide",NA,"rain",0,0,0,1,"area","In total, how much land did you use for growing Arachide during the last 12 months?","Au total, quelle superficie avez-vous utilisée pour Arachide au cours des 12 dernier mois ?",1,2,"Hectares",1,NA,1,1,1,NA,"normal_harvest",4,8,"Sac de 50 Kg",50,NA,50,200,200,NA,4,4,200,200,NA,NA,"intercrop","UnderHalf",NA,"eat save_seed feed_livestock",1,1,0,0,0,1,0,NA,"Most","","Half","Little",NA,NA,"",NA,NA,"",0,0,0,0,0,0,"Male_adult Female_adult",1,0,1,0,0,0,NA,"soil feed",0,0,0,1,0,0,0,1,"uuid:62b31efb-2734-447d-a4a9-09399c2edda8","uuid:62b31efb-2734-447d-a4a9-09399c2edda8/survey_grp/SECTION_Crop_Productivity/crop_repeat[2]","Arachide","474"
1,37,"Millet","Mil",NA,"rain",0,0,0,1,"area","In total, how much land did you use for growing Mil during the last 12 months?","Au total, quelle superficie avez-vous utilisée pour Mil au cours des 12 dernier mois ?",0.6,2,"Hectares",1,NA,1,0.6,0.6,NA,"normal_harvest",10,8,"Sac de 50 Kg",50,NA,50,500,500,NA,16.666666666666668,16.67,833.3333333333334,833.33,NA,NA,"monoculture","Most",NA,"eat feed_livestock save_seed",1,1,0,0,0,1,0,NA,"Most","","Little","Little",NA,NA,"",NA,NA,"",0,0,0,0,0,0,"Male_adult",0,0,1,0,0,0,NA,"soil construction fuel feed",0,0,1,1,1,0,0,1,"uuid:3e421d93-3f2a-4b2e-9a88-74f30633cceb","uuid:3e421d93-3f2a-4b2e-9a88-74f30633cceb/survey_grp/SECTION_Crop_Productivity/crop_repeat[1]","Mil","55"
2,36,"Peanut","Arachide",NA,"rain",0,0,0,1,"area","In total, how much land did you use for growing Arachide during the last 12 months?","Au total, quelle superficie avez-vous utilisée pour Arachide au cours des 12 dernier mois ?",0.4,2,"Hectares",1,NA,1,0.4,0.4,NA,"normal_harvest",6,8,"Sac de 50 Kg",50,NA,50,300,300,NA,15,15,750,750,NA,NA,"monoculture","Most",NA,"eat feed_livestock save_seed",1,1,0,0,0,1,0,NA,"Most","","Little","Little",NA,NA,"",NA,NA,"",0,0,0,0,0,0,"Male_adult Female_adult",1,0,1,0,0,0,NA,"soil feed",0,0,0,1,0,0,0,1,"uuid:3e421d93-3f2a-4b2e-9a88-74f30633cceb","uuid:3e421d93-3f2a-4b2e-9a88-74f30633cceb/survey_grp/SECTION_Crop_Productivity/crop_repeat[2]","Arachide","55"
1,30,"Onion","Oignon",NA,"dry_hot dry_cold",0,1,1,0,"area","In total, how much land did you use for growing Oignon during the last 12 months?","Au total, quelle superficie avez-vous utilisée pour Oignon au cours des 12 dernier mois ?",1,2,"Hectares",1,NA,1,1,1,NA,"normal_harvest",300,7,"Sac de 25 kg",25,NA,25,7500,7500,NA,300,300,7500,7500,NA,NA,"intercrop","Most",NA,"sell save_seed eat",1,0,0,0,0,1,1,NA,"UnderHalf","Most","","Little",NA,300000,"total_income_per_year",NA,NA,"Male_Youth",0,0,0,0,1,0,"Male_Youth",0,0,0,0,1,0,NA,"soil compost",0,1,0,0,0,0,0,1,"uuid:7dfc962a-903a-428c-8fd9-85f5a691425a","uuid:7dfc962a-903a-428c-8fd9-85f5a691425a/survey_grp/SECTION_Crop_Productivity/crop_repeat[1]","Oignon","UD7ZAE"
2,54,"Bissap","Bissap",NA,"rain dry_cold dry_hot",0,1,1,1,"area","In total, how much land did you use for growing Bissap during the last 12 months?","Au total, quelle superficie avez-vous utilisée pour Bissap au cours des 12 dernier mois ?",0.5,2,"Hectares",1,NA,1,0.5,0.5,NA,"normal_harvest",6,8,"Sac de 50 Kg",50,NA,50,300,300,NA,12,12,600,600,NA,NA,"intercrop","UnderHalf",NA,"eat sell save_seed",1,0,0,0,0,1,1,NA,"Little","Most","","Little",NA,105000,"total_income_per_year",NA,NA,"Male_Youth",0,0,0,0,1,0,"Female_adult Male_Youth",1,0,0,0,1,0,NA,"feed compost soil",0,1,0,1,0,0,0,1,"uuid:7dfc962a-903a-428c-8fd9-85f5a691425a","uuid:7dfc962a-903a-428c-8fd9-85f5a691425a/survey_grp/SECTION_Crop_Productivity/crop_repeat[2]","Bissap","UD7ZAE"
1,37,"Millet","Mil",NA,"rain",0,0,0,1,"area","In total, how much land did you use for growing Mil during the last 12 months?","Au total, quelle superficie avez-vous utilisée pour Mil au cours des 12 dernier mois ?",1.5,2,"Hectares",1,NA,1,1.5,1.5,NA,"normal_harvest",20,8,"Sac de 50 Kg",50,NA,50,1000,1000,NA,13.333333333333334,13.33,666.6666666666666,666.67,NA,NA,"monoculture","Most",NA,"eat feed_livestock save_seed",1,1,0,0,0,1,0,NA,"Most","","UnderHalf","Little",NA,NA,"",NA,NA,"",0,0,0,0,0,0,"Male_adult",0,0,1,0,0,0,NA,"soil construction feed",0,0,1,1,0,0,0,1,"uuid:4ad3e248-8a4e-4aea-9887-1a29d9f77dc8","uuid:4ad3e248-8a4e-4aea-9887-1a29d9f77dc8/survey_grp/SECTION_Crop_Productivity/crop_repeat[1]","Mil","52"
1,37,"Millet","Mil",NA,"rain",0,0,0,1,"area","In total, how much land did you use for growing Mil during the last 12 months?","Au total, quelle superficie avez-vous utilisée pour Mil au cours des 12 dernier mois ?",1.5,2,"Hectares",1,NA,1,1.5,1.5,NA,"normal_harvest",20,8,"Sac de 50 Kg",50,NA,50,1000,1000,NA,13.333333333333334,13.33,666.6666666666666,666.67,NA,NA,"monoculture","Most",NA,"eat save_seed feed_livestock",1,1,0,0,0,1,0,NA,"Most","","UnderHalf","Little",NA,NA,"",NA,NA,"",0,0,0,0,0,0,"Male_adult",0,0,1,0,0,0,NA,"soil feed construction",0,0,1,1,0,0,0,1,"uuid:e7f823ab-2dc5-4049-8ba8-6623ad4293bb","uuid:e7f823ab-2dc5-4049-8ba8-6623ad4293bb/survey_grp/SECTION_Crop_Productivity/crop_repeat[1]","Mil","57"
2,36,"Peanut","Arachide",NA,"rain",0,0,0,1,"area","In total, how much land did you use for growing Arachide during the last 12 months?","Au total, quelle superficie avez-vous utilisée pour Arachide au cours des 12 dernier mois ?",0.5,2,"Hectares",1,NA,1,0.5,0.5,NA,"normal_harvest",15,8,"Sac de 50 Kg",50,NA,50,750,750,NA,30,30,1500,1500,NA,NA,"intercrop","Most",NA,"eat feed_livestock save_seed",1,1,0,0,0,1,0,NA,"Most","","UnderHalf","Little",NA,NA,"",NA,NA,"",0,0,0,0,0,0,"Male_adult",0,0,1,0,0,0,NA,"soil feed",0,0,0,1,0,0,0,1,"uuid:e7f823ab-2dc5-4049-8ba8-6623ad4293bb","uuid:e7f823ab-2dc5-4049-8ba8-6623ad4293bb/survey_grp/SECTION_Crop_Productivity/crop_repeat[2]","Arachide","57"
1,36,"Peanut","Arachide",NA,"rain",0,0,0,1,"area","In total, how much land did you use for growing Arachide during the last 12 months?","Au total, quelle superficie avez-vous utilisée pour Arachide au cours des 12 dernier mois ?",1.5,2,"Hectares",1,NA,1,1.5,1.5,NA,"normal_harvest",4,8,"Sac de 50 Kg",50,NA,50,200,200,NA,2.6666666666666665,2.67,133.33333333333334,133.33,NA,NA,"intercrop","UnderHalf",NA,"eat save_seed feed_livestock",1,1,0,0,0,1,0,NA,"Most","","UnderHalf","Little",NA,NA,"",NA,NA,"",0,0,0,0,0,0,"Male_adult",0,0,1,0,0,0,NA,"soil construction feed",0,0,1,1,0,0,0,1,"uuid:ca48a0f6-6d80-4bdb-b7ca-e0699145288b","uuid:ca48a0f6-6d80-4bdb-b7ca-e0699145288b/survey_grp/SECTION_Crop_Productivity/crop_repeat[1]","Arachide","34"
2,37,"Millet","Mil",NA,"rain",0,0,0,1,"area","In total, how much land did you use for growing Mil during the last 12 months?","Au total, quelle superficie avez-vous utilisée pour Mil au cours des 12 dernier mois ?",3,2,"Hectares",1,NA,1,3,3,NA,"normal_harvest",5,8,"Sac de 50 Kg",50,NA,50,250,250,NA,1.6666666666666667,1.67,83.33333333333333,83.33,NA,NA,"monoculture","Most",NA,"eat feed_livestock save_seed",1,1,0,0,0,1,0,NA,"Most","","UnderHalf","Little",NA,NA,"",NA,NA,"",0,0,0,0,0,0,"Male_adult",0,0,1,0,0,0,NA,"soil feed construction",0,0,1,1,0,0,0,1,"uuid:ca48a0f6-6d80-4bdb-b7ca-e0699145288b","uuid:ca48a0f6-6d80-4bdb-b7ca-e0699145288b/survey_grp/SECTION_Crop_Productivity/crop_repeat[2]","Mil","34"
3,53,"Cowpea","Niébé",NA,"rain",0,0,0,1,"area","In total, how much land did you use for growing Niébé during the last 12 months?","Au total, quelle superficie avez-vous utilisée pour Niébé au cours des 12 dernier mois ?",0.5,2,"Hectares",1,NA,1,0.5,0.5,NA,"bad_harvest",8,1,"Kg",1,NA,1,8,8,NA,16,16,16,16,NA,NA,"intercrop","All",NA,"eat save_seed",1,0,0,0,0,1,0,NA,"Most","","","Little",NA,NA,"",NA,NA,"",0,0,0,0,0,0,"Male_adult",0,0,1,0,0,0,NA,"soil feed",0,0,0,1,0,0,0,1,"uuid:ca48a0f6-6d80-4bdb-b7ca-e0699145288b","uuid:ca48a0f6-6d80-4bdb-b7ca-e0699145288b/survey_grp/SECTION_Crop_Productivity/crop_repeat[3]","Niébé","34"
1,37,"Millet","Mil",NA,"rain",0,0,0,1,"area","In total, how much land did you use for growing Mil during the last 12 months?","Au total, quelle superficie avez-vous utilisée pour Mil au cours des 12 dernier mois ?",2.5,2,"Hectares",1,NA,1,2.5,2.5,NA,"normal_harvest",1700,1,"Kg",1,NA,1,1700,1700,NA,680,680,680,680,NA,NA,"intercrop","Half",NA,"eat feed_livestock save_seed",1,1,0,0,0,1,0,NA,"Most","","UnderHalf","Little",NA,NA,"",NA,NA,"",0,0,0,0,0,0,"Male_adult Female_adult",1,0,1,0,0,0,NA,"soil compost construction",0,1,1,0,0,0,0,1,"uuid:803fe594-90be-48ff-b2a6-b1870b7c3494","uuid:803fe594-90be-48ff-b2a6-b1870b7c3494/survey_grp/SECTION_Crop_Productivity/crop_repeat[1]","Mil","TOAY51"
1,37,"Millet","Mil",NA,"rain",0,0,0,1,"area","In total, how much land did you use for growing Mil during the last 12 months?","Au total, quelle superficie avez-vous utilisée pour Mil au cours des 12 dernier mois ?",3,2,"Hectares",1,NA,1,3,3,NA,"good_harvest",13,8,"Sac de 50 Kg",50,NA,50,650,650,NA,4.333333333333333,4.33,216.66666666666666,216.67,NA,NA,"monoculture","Most",NA,"eat sell",1,0,0,0,0,0,1,NA,"Half","Half","","",NA,0,"price_per_kg",NA,NA,"Male_adult",0,0,1,0,0,0,"Male_adult",0,0,1,0,0,0,NA,"burn",1,0,0,0,0,0,0,0,"uuid:87ddc02a-168d-493d-94f7-9fcd1baf4432","uuid:87ddc02a-168d-493d-94f7-9fcd1baf4432/survey_grp/SECTION_Crop_Productivity/crop_repeat[1]","Mil","608"
1,36,"Peanut","Arachide",NA,"rain",0,0,0,1,"area","In total, how much land did you use for growing Arachide during the last 12 months?","Au total, quelle superficie avez-vous utilisée pour Arachide au cours des 12 dernier mois ?",1,2,"Hectares",1,NA,1,1,1,NA,"good_harvest",10,8,"Sac de 50 Kg",50,NA,50,500,500,NA,10,10,500,500,NA,NA,"monoculture","Most",NA,"sell eat",1,0,0,0,0,0,1,NA,"UnderHalf","UnderHalf","","",NA,60000,"price_per_kg",NA,NA,"Male_adult",0,0,1,0,0,0,"Male_adult",0,0,1,0,0,0,NA,"burn",1,0,0,0,0,0,0,0,"uuid:4d4b3fb1-4810-4739-a4bd-6276f36a9d05","uuid:4d4b3fb1-4810-4739-a4bd-6276f36a9d05/survey_grp/SECTION_Crop_Productivity/crop_repeat[1]","Arachide","596"
1,37,"Millet","Mil",NA,"rain",0,0,0,1,"area","In total, how much land did you use for growing Mil during the last 12 months?","Au total, quelle superficie avez-vous utilisée pour Mil au cours des 12 dernier mois ?",1,2,"Hectares",1,NA,1,1,1,NA,"normal_harvest",500,1,"Kg",1,NA,1,500,500,NA,500,500,500,500,NA,NA,"intercrop","Half",NA,"eat",1,0,0,0,0,0,0,NA,"","","","",NA,NA,"",NA,NA,"",0,0,0,0,0,0,"Male_adult",0,0,1,0,0,0,NA,"soil construction compost",0,1,1,0,0,0,0,1,"uuid:6138b6c2-6e8b-4d8a-ac4a-e95c8a525572","uuid:6138b6c2-6e8b-4d8a-ac4a-e95c8a525572/survey_grp/SECTION_Crop_Productivity/crop_repeat[1]","Mil","27"
1,37,"Millet","Mil",NA,"rain",0,0,0,1,"area","In total, how much land did you use for growing Mil during the last 12 months?","Au total, quelle superficie avez-vous utilisée pour Mil au cours des 12 dernier mois ?",2,2,"Hectares",1,NA,1,2,2,NA,"bad_harvest",800,1,"Kg",1,NA,1,800,800,NA,400,400,400,400,NA,NA,"intercrop","Most",NA,"eat feed_livestock save_seed",1,1,0,0,0,1,0,NA,"Most","","Little","Little",NA,NA,"",NA,NA,"",0,0,0,0,0,0,"Male_adult",0,0,1,0,0,0,NA,"soil feed compost construction",0,1,1,1,0,0,0,1,"uuid:3e83bfa2-30b1-4773-be82-5e27e23fc458","uuid:3e83bfa2-30b1-4773-be82-5e27e23fc458/survey_grp/SECTION_Crop_Productivity/crop_repeat[1]","Mil","43"
2,36,"Peanut","Arachide",NA,"rain",0,0,0,1,"area","In total, how much land did you use for growing Arachide during the last 12 months?","Au total, quelle superficie avez-vous utilisée pour Arachide au cours des 12 dernier mois ?",1,2,"Hectares",1,NA,1,1,1,NA,"good_harvest",800,1,"Kg",1,NA,1,800,800,NA,800,800,800,800,NA,NA,"monoculture","UnderHalf",NA,"eat sell feed_livestock save_seed",1,1,0,0,0,1,1,NA,"UnderHalf","Most","Little","Little",NA,300000,"total_income_per_year",NA,NA,"Male_adult",0,0,1,0,0,0,"Male_adult Female_adult",1,0,1,0,0,0,NA,"soil feed sell",0,0,0,1,0,0,1,1,"uuid:3e83bfa2-30b1-4773-be82-5e27e23fc458","uuid:3e83bfa2-30b1-4773-be82-5e27e23fc458/survey_grp/SECTION_Crop_Productivity/crop_repeat[2]","Arachide","43"
1,37,"Millet","Mil",NA,"rain",0,0,0,1,"area","In total, how much land did you use for growing Mil during the last 12 months?","Au total, quelle superficie avez-vous utilisée pour Mil au cours des 12 dernier mois ?",3,2,"Hectares",1,NA,1,3,3,NA,"normal_harvest",1500,1,"Kg",1,NA,1,1500,1500,NA,500,500,500,500,NA,NA,"monoculture","Most",NA,"eat feed_livestock",1,1,0,0,0,0,0,NA,"Most","","Little","",NA,NA,"",NA,NA,"",0,0,0,0,0,0,"Male_adult Female_adult",1,0,1,0,0,0,NA,"soil compost construction",0,1,1,0,0,0,0,1,"uuid:f591789e-f5c5-428b-a880-27a1d84c5b80","uuid:f591789e-f5c5-428b-a880-27a1d84c5b80/survey_grp/SECTION_Crop_Productivity/crop_repeat[1]","Mil","45"
1,37,"Millet","Mil",NA,"rain",0,0,0,1,"area","In total, how much land did you use for growing Mil during the last 12 months?","Au total, quelle superficie avez-vous utilisée pour Mil au cours des 12 dernier mois ?",2,2,"Hectares",1,NA,1,2,2,NA,"normal_harvest",10,8,"Sac de 50 Kg",50,NA,50,500,500,NA,5,5,250,250,NA,NA,"monoculture","Half",NA,"eat save_seed feed_livestock",1,1,0,0,0,1,0,NA,"All","","UnderHalf","Little",NA,NA,"",NA,NA,"",0,0,0,0,0,0,"Male_adult Female_adult",1,0,1,0,0,0,NA,"soil feed construction",0,0,1,1,0,0,0,1,"uuid:921c646a-f4f0-46b4-9f6b-d98f04feec10","uuid:921c646a-f4f0-46b4-9f6b-d98f04feec10/survey_grp/SECTION_Crop_Productivity/crop_repeat[1]","Mil","54"
1,37,"Millet","Mil",NA,"rain",0,0,0,1,"area","In total, how much land did you use for growing Mil during the last 12 months?","Au total, quelle superficie avez-vous utilisée pour Mil au cours des 12 dernier mois ?",1,2,"Hectares",1,NA,1,1,1,NA,"normal_harvest",5,8,"Sac de 50 Kg",50,NA,50,250,250,NA,5,5,250,250,NA,NA,"intercrop","Most",NA,"eat save_seed",1,0,0,0,0,1,0,NA,"All","","","Little",NA,NA,"",NA,NA,"",0,0,0,0,0,0,"Male_adult Female_adult",1,0,1,0,0,0,NA,"soil feed",0,0,0,1,0,0,0,1,"uuid:607b2b07-ed5b-4a4f-9eda-7a85a9453853","uuid:607b2b07-ed5b-4a4f-9eda-7a85a9453853/survey_grp/SECTION_Crop_Productivity/crop_repeat[1]","Mil","36"
1,36,"Peanut","Arachide",NA,"rain",0,0,0,1,"area","In total, how much land did you use for growing Arachide during the last 12 months?","Au total, quelle superficie avez-vous utilisée pour Arachide au cours des 12 dernier mois ?",0.3,2,"Hectares",1,NA,1,0.3,0.3,NA,"normal_harvest",2,8,"Sac de 50 Kg",50,NA,50,100,100,NA,6.666666666666667,6.67,333.33333333333337,333.33,NA,NA,"intercrop","UnderHalf",NA,"eat save_seed feed_livestock",1,1,0,0,0,1,0,NA,"Half","","Little","Little",NA,NA,"",NA,NA,"",0,0,0,0,0,0,"Male_adult Female_adult",1,0,1,0,0,0,NA,"soil feed",0,0,0,1,0,0,0,1,"uuid:cd264ab4-db66-4444-ba2c-5bedad70ebc7","uuid:cd264ab4-db66-4444-ba2c-5bedad70ebc7/survey_grp/SECTION_Crop_Productivity/crop_repeat[1]","Arachide","64"
2,37,"Millet","Mil",NA,"rain",0,0,0,1,"area","In total, how much land did you use for growing Mil during the last 12 months?","Au total, quelle superficie avez-vous utilisée pour Mil au cours des 12 dernier mois ?",0.5,2,"Hectares",1,NA,1,0.5,0.5,NA,"normal_harvest",6,8,"Sac de 50 Kg",50,NA,50,300,300,NA,12,12,600,600,NA,NA,"monoculture","Most",NA,"eat save_seed feed_livestock",1,1,0,0,0,1,0,NA,"Most","","UnderHalf","Little",NA,NA,"",NA,NA,"",0,0,0,0,0,0,"Male_adult Female_adult",1,0,1,0,0,0,NA,"soil feed",0,0,0,1,0,0,0,1,"uuid:cd264ab4-db66-4444-ba2c-5bedad70ebc7","uuid:cd264ab4-db66-4444-ba2c-5bedad70ebc7/survey_grp/SECTION_Crop_Productivity/crop_repeat[2]","Mil","64"
1,37,"Millet","Mil",NA,"rain",0,0,0,1,"area","In total, how much land did you use for growing Mil during the last 12 months?","Au total, quelle superficie avez-vous utilisée pour Mil au cours des 12 dernier mois ?",1,2,"Hectares",1,NA,1,1,1,NA,"bad_harvest",2,8,"Sac de 50 Kg",50,NA,50,100,100,NA,2,2,100,100,NA,NA,"monoculture","All",NA,"eat save_seed",1,0,0,0,0,1,0,NA,"All","","","Little",NA,NA,"",NA,NA,"",0,0,0,0,0,0,"Female_adult",1,0,0,0,0,0,NA,"soil feed",0,0,0,1,0,0,0,1,"uuid:19dbcf24-599a-4fd6-9c3b-9e49d65b47e4","uuid:19dbcf24-599a-4fd6-9c3b-9e49d65b47e4/survey_grp/SECTION_Crop_Productivity/crop_repeat[1]","Mil","53"
1,37,"Millet","Mil",NA,"rain",0,0,0,1,"area","In total, how much land did you use for growing Mil during the last 12 months?","Au total, quelle superficie avez-vous utilisée pour Mil au cours des 12 dernier mois ?",1.5,2,"Hectares",1,NA,1,1.5,1.5,NA,"normal_harvest",12,8,"Sac de 50 Kg",50,NA,50,600,600,NA,8,8,400,400,NA,NA,"monoculture","Half",NA,"eat feed_livestock save_seed",1,1,0,0,0,1,0,NA,"All","","None","Little",NA,NA,"",NA,NA,"",0,0,0,0,0,0,"Male_adult",0,0,1,0,0,0,NA,"soil feed construction",0,0,1,1,0,0,0,1,"uuid:eeaa05d2-c203-46c8-95e5-ead9fc6c01b1","uuid:eeaa05d2-c203-46c8-95e5-ead9fc6c01b1/survey_grp/SECTION_Crop_Productivity/crop_repeat[1]","Mil","12"
2,36,"Peanut","Arachide",NA,"rain",0,0,0,1,"area","In total, how much land did you use for growing Arachide during the last 12 months?","Au total, quelle superficie avez-vous utilisée pour Arachide au cours des 12 dernier mois ?",1,2,"Hectares",1,NA,1,1,1,NA,"normal_harvest",6,8,"Sac de 50 Kg",50,NA,50,300,300,NA,6,6,300,300,NA,NA,"intercrop","Half",NA,"eat save_seed",1,0,0,0,0,1,0,NA,"Most","","","Little",NA,NA,"",NA,NA,"",0,0,0,0,0,0,"Male_adult",0,0,1,0,0,0,NA,"soil feed",0,0,0,1,0,0,0,1,"uuid:eeaa05d2-c203-46c8-95e5-ead9fc6c01b1","uuid:eeaa05d2-c203-46c8-95e5-ead9fc6c01b1/survey_grp/SECTION_Crop_Productivity/crop_repeat[2]","Arachide","12"
1,37,"Millet","Mil",NA,"rain",0,0,0,1,"area","In total, how much land did you use for growing Mil during the last 12 months?","Au total, quelle superficie avez-vous utilisée pour Mil au cours des 12 dernier mois ?",2,2,"Hectares",1,NA,1,2,2,NA,"normal_harvest",20,8,"Sac de 50 Kg",50,NA,50,1000,1000,NA,10,10,500,500,NA,NA,"monoculture","Half",NA,"eat feed_livestock save_seed",1,1,0,0,0,1,0,NA,"Most","","Little","Little",NA,NA,"",NA,NA,"",0,0,0,0,0,0,"Male_adult Female_adult",1,0,1,0,0,0,NA,"soil feed",0,0,0,1,0,0,0,1,"uuid:843195f6-69f3-4607-94ed-dccd8baae26c","uuid:843195f6-69f3-4607-94ed-dccd8baae26c/survey_grp/SECTION_Crop_Productivity/crop_repeat[1]","Mil","44"
2,36,"Peanut","Arachide",NA,"rain",0,0,0,1,"area","In total, how much land did you use for growing Arachide during the last 12 months?","Au total, quelle superficie avez-vous utilisée pour Arachide au cours des 12 dernier mois ?",1.5,2,"Hectares",1,NA,1,1.5,1.5,NA,"normal_harvest",10,8,"Sac de 50 Kg",50,NA,50,500,500,NA,6.666666666666667,6.67,333.3333333333333,333.33,NA,NA,"intercrop","Half",NA,"eat",1,0,0,0,0,0,0,NA,"","","","",NA,NA,"",NA,NA,"",0,0,0,0,0,0,"Male_adult Female_adult",1,0,1,0,0,0,NA,"soil feed",0,0,0,1,0,0,0,1,"uuid:843195f6-69f3-4607-94ed-dccd8baae26c","uuid:843195f6-69f3-4607-94ed-dccd8baae26c/survey_grp/SECTION_Crop_Productivity/crop_repeat[2]","Arachide","44"
1,37,"Millet","Mil",NA,"rain",0,0,0,1,"area","In total, how much land did you use for growing Mil during the last 12 months?","Au total, quelle superficie avez-vous utilisée pour Mil au cours des 12 dernier mois ?",2,2,"Hectares",1,NA,1,2,2,NA,"normal_harvest",1,2,"Tonnes",1000,NA,1000,1000,1000,NA,0.5,0.5,500,500,NA,NA,"intercrop","Half",NA,"eat feed_livestock save_seed",1,1,0,0,0,1,0,NA,"Most","","Little","Little",NA,NA,"",NA,NA,"",0,0,0,0,0,0,"Male_adult Female_adult",1,0,1,0,0,0,NA,"soil feed compost construction",0,1,1,1,0,0,0,1,"uuid:1701209a-e415-4acf-a045-06bd43b2be07","uuid:1701209a-e415-4acf-a045-06bd43b2be07/survey_grp/SECTION_Crop_Productivity/crop_repeat[1]","Mil","51"
1,37,"Millet","Mil",NA,"rain",0,0,0,1,"area","In total, how much land did you use for growing Mil during the last 12 months?","Au total, quelle superficie avez-vous utilisée pour Mil au cours des 12 dernier mois ?",2,2,"Hectares",1,NA,1,2,2,NA,"normal_harvest",10,8,"Sac de 50 Kg",50,NA,50,500,500,NA,5,5,250,250,NA,NA,"monoculture","Most",NA,"eat save_seed feed_livestock",1,1,0,0,0,1,0,NA,"Most","","UnderHalf","Little",NA,NA,"",NA,NA,"",0,0,0,0,0,0,"Male_adult Female_adult",1,0,1,0,0,0,NA,"soil feed fuel",0,0,0,1,1,0,0,1,"uuid:3cfdb317-6aad-46e3-acc6-9be0fb4afc30","uuid:3cfdb317-6aad-46e3-acc6-9be0fb4afc30/survey_grp/SECTION_Crop_Productivity/crop_repeat[1]","Mil","56"
1,1,"Maize","Maïs",NA,"rain",0,0,0,1,"area","In total, how much land did you use for growing Maïs during the last 12 months?","Au total, quelle superficie avez-vous utilisée pour Maïs au cours des 12 dernier mois ?",1,2,"Hectares",1,NA,1,1,1,NA,"normal_harvest",6,8,"Sac de 50 Kg",50,NA,50,300,300,NA,6,6,300,300,NA,NA,"monoculture","All",NA,"eat",1,0,0,0,0,0,0,NA,"","","","",NA,NA,"",NA,NA,"",0,0,0,0,0,0,"Female_adult",1,0,0,0,0,0,NA,"feed compost soil",0,1,0,1,0,0,0,1,"uuid:7bd69b24-0c7c-490e-9a6b-a259cf19b0b9","uuid:7bd69b24-0c7c-490e-9a6b-a259cf19b0b9/survey_grp/SECTION_Crop_Productivity/crop_repeat[1]","Maïs","65"
1,37,"Millet","Mil",NA,"rain",0,0,0,1,"area","In total, how much land did you use for growing Mil during the last 12 months?","Au total, quelle superficie avez-vous utilisée pour Mil au cours des 12 dernier mois ?",2,2,"Hectares",1,NA,1,2,2,NA,"normal_harvest",2,2,"Tonnes",1000,NA,1000,2000,2000,NA,1,1,1000,1000,NA,NA,"monoculture","UnderHalf",NA,"eat",1,0,0,0,0,0,0,NA,"","","","",NA,NA,"",NA,NA,"",0,0,0,0,0,0,"Male_adult",0,0,1,0,0,0,NA,"construction fuel soil feed",0,0,1,1,1,0,0,1,"uuid:9fb8b21b-9441-4033-8b05-5d8be6c0f0f1","uuid:9fb8b21b-9441-4033-8b05-5d8be6c0f0f1/survey_grp/SECTION_Crop_Productivity/crop_repeat[1]","Mil","131"
2,36,"Peanut","Arachide",NA,"rain",0,0,0,1,"area","In total, how much land did you use for growing Arachide during the last 12 months?","Au total, quelle superficie avez-vous utilisée pour Arachide au cours des 12 dernier mois ?",2,2,"Hectares",1,NA,1,2,2,NA,"normal_harvest",2,2,"Tonnes",1000,NA,1000,2000,2000,NA,1,1,1000,1000,NA,NA,"monoculture","UnderHalf",NA,"eat sell feed_livestock save_seed",1,1,0,0,0,1,1,NA,"Most","UnderHalf","Little","Little",NA,700000,"total_income_per_year",NA,NA,"Male_adult",0,0,1,0,0,0,"Male_adult",0,0,1,0,0,0,NA,"soil feed",0,0,0,1,0,0,0,1,"uuid:9fb8b21b-9441-4033-8b05-5d8be6c0f0f1","uuid:9fb8b21b-9441-4033-8b05-5d8be6c0f0f1/survey_grp/SECTION_Crop_Productivity/crop_repeat[2]","Arachide","131"
1,36,"Peanut","Arachide",NA,"rain",0,0,0,1,"area","In total, how much land did you use for growing Arachide during the last 12 months?","Au total, quelle superficie avez-vous utilisée pour Arachide au cours des 12 dernier mois ?",3,2,"Hectares",1,NA,1,3,3,NA,"normal_harvest",3,2,"Tonnes",1000,NA,1000,3000,3000,NA,1,1,1000,1000,NA,NA,"monoculture","Half",NA,"sell eat feed_livestock",1,1,0,0,0,0,1,NA,"UnderHalf","Half","Little","",NA,600000,"total_income_per_year",NA,NA,"Male_adult",0,0,1,0,0,0,"Male_adult",0,0,1,0,0,0,NA,"feed",0,0,0,1,0,0,0,0,"uuid:7805dde1-1a65-49f7-9ba8-7909551da081","uuid:7805dde1-1a65-49f7-9ba8-7909551da081/survey_grp/SECTION_Crop_Productivity/crop_repeat[1]","Arachide","130"
1,36,"Peanut","Arachide",NA,"rain",0,0,0,1,"area","In total, how much land did you use for growing Arachide during the last 12 months?","Au total, quelle superficie avez-vous utilisée pour Arachide au cours des 12 dernier mois ?",2,2,"Hectares",1,NA,1,2,2,NA,"bad_harvest",250,1,"Kg",1,NA,1,250,250,NA,125,125,125,125,NA,NA,"intercrop","All",NA,"eat sell save_seed feed_livestock",1,1,0,0,0,1,1,NA,"Half","Most","Little","Little",NA,14000,"price_per_bag_100lb",NA,NA,"Female_adult",1,0,0,0,0,0,"Female_adult",1,0,0,0,0,0,NA,"soil feed compost construction sell",0,1,1,1,0,0,1,1,"uuid:587f8c69-8308-4293-8a10-efb4040a9816","uuid:587f8c69-8308-4293-8a10-efb4040a9816/survey_grp/SECTION_Crop_Productivity/crop_repeat[1]","Arachide","148"
1,53,"Cowpea","Niébé",NA,"rain",0,0,0,1,"area","In total, how much land did you use for growing Niébé during the last 12 months?","Au total, quelle superficie avez-vous utilisée pour Niébé au cours des 12 dernier mois ?",1,2,"Hectares",1,NA,1,1,1,NA,"normal_harvest",136,1,"Kg",1,NA,1,136,136,NA,136,136,136,136,NA,NA,"monoculture","Most",NA,"eat sell save_seed",1,0,0,0,0,1,1,NA,"Little","Little","","Little",NA,50000,"total_income_per_year",NA,NA,"Female_adult",1,0,0,0,0,0,"Female_adult",1,0,0,0,0,0,NA,"feed",0,0,0,1,0,0,0,0,"uuid:c85ec42b-2df3-4499-9519-5d388be4a6cf","uuid:c85ec42b-2df3-4499-9519-5d388be4a6cf/survey_grp/SECTION_Crop_Productivity/crop_repeat[1]","Niébé","144"
1,37,"Millet","Mil",NA,"rain",0,0,0,1,"area","In total, how much land did you use for growing Mil during the last 12 months?","Au total, quelle superficie avez-vous utilisée pour Mil au cours des 12 dernier mois ?",2,2,"Hectares",1,NA,1,2,2,NA,"normal_harvest",2,2,"Tonnes",1000,NA,1000,2000,2000,NA,1,1,1000,1000,NA,NA,"monoculture","UnderHalf",NA,"eat save_seed",1,0,0,0,0,1,0,NA,"All","","","Little",NA,NA,"",NA,NA,"",0,0,0,0,0,0,"Male_Youth",0,0,0,0,1,0,NA,"construction soil",0,0,1,0,0,0,0,1,"uuid:a83de8ed-9374-466c-ad36-d2e83e5fd764","uuid:a83de8ed-9374-466c-ad36-d2e83e5fd764/survey_grp/SECTION_Crop_Productivity/crop_repeat[1]","Mil","149"
1,1,"Maize","Maïs",NA,"rain",0,0,0,1,"area","In total, how much land did you use for growing Maïs during the last 12 months?","Au total, quelle superficie avez-vous utilisée pour Maïs au cours des 12 dernier mois ?",0.5,2,"Hectares",1,NA,1,0.5,0.5,NA,"normal_harvest",320,1,"Kg",1,NA,1,320,320,NA,640,640,640,640,NA,NA,"monoculture","UnderHalf",NA,"eat",1,0,0,0,0,0,0,NA,"","","","",NA,NA,"",NA,NA,"",0,0,0,0,0,0,"Male_adult",0,0,1,0,0,0,NA,"soil feed compost construction",0,1,1,1,0,0,0,1,"uuid:d6302793-73b9-4410-9434-f28613f883f0","uuid:d6302793-73b9-4410-9434-f28613f883f0/survey_grp/SECTION_Crop_Productivity/crop_repeat[1]","Maïs","150"
2,36,"Peanut","Arachide",NA,"rain",0,0,0,1,"area","In total, how much land did you use for growing Arachide during the last 12 months?","Au total, quelle superficie avez-vous utilisée pour Arachide au cours des 12 dernier mois ?",0.5,2,"Hectares",1,NA,1,0.5,0.5,NA,"bad_harvest",600,1,"Kg",1,NA,1,600,600,NA,1200,1200,1200,1200,NA,NA,"monoculture","UnderHalf",NA,"eat sell save_seed",1,0,0,0,0,1,1,NA,"Most","UnderHalf","","Little",NA,0,"total_income_per_year",NA,NA,"Male_adult",0,0,1,0,0,0,"Male_adult",0,0,1,0,0,0,NA,"soil feed compost construction sell",0,1,1,1,0,0,1,1,"uuid:d6302793-73b9-4410-9434-f28613f883f0","uuid:d6302793-73b9-4410-9434-f28613f883f0/survey_grp/SECTION_Crop_Productivity/crop_repeat[2]","Arachide","150"
3,37,"Millet","Mil",NA,"rain",0,0,0,1,"area","In total, how much land did you use for growing Mil during the last 12 months?","Au total, quelle superficie avez-vous utilisée pour Mil au cours des 12 dernier mois ?",0.5,2,"Hectares",1,NA,1,0.5,0.5,NA,"bad_harvest",210,1,"Kg",1,NA,1,210,210,NA,420,420,420,420,NA,NA,"monoculture","Half",NA,"eat",1,0,0,0,0,0,0,NA,"","","","",NA,NA,"",NA,NA,"",0,0,0,0,0,0,"Male_adult",0,0,1,0,0,0,NA,"soil feed compost construction",0,1,1,1,0,0,0,1,"uuid:d6302793-73b9-4410-9434-f28613f883f0","uuid:d6302793-73b9-4410-9434-f28613f883f0/survey_grp/SECTION_Crop_Productivity/crop_repeat[3]","Mil","150"
1,36,"Peanut","Arachide",NA,"rain",0,0,0,1,"area","In total, how much land did you use for growing Arachide during the last 12 months?","Au total, quelle superficie avez-vous utilisée pour Arachide au cours des 12 dernier mois ?",3,2,"Hectares",1,NA,1,3,3,NA,"normal_harvest",1500,1,"Kg",1,NA,1,1500,1500,NA,500,500,500,500,NA,NA,"monoculture","Most",NA,"eat",1,0,0,0,0,0,0,NA,"","","","",NA,NA,"",NA,NA,"",0,0,0,0,0,0,"Male_Youth",0,0,0,0,1,0,NA,"soil fuel feed compost construction sell",0,1,1,1,1,0,1,1,"uuid:5a528504-c948-4c04-8d8e-a7011c55f53b","uuid:5a528504-c948-4c04-8d8e-a7011c55f53b/survey_grp/SECTION_Crop_Productivity/crop_repeat[1]","Arachide","142"
2,37,"Millet","Mil",NA,"rain",0,0,0,1,"area","In total, how much land did you use for growing Mil during the last 12 months?","Au total, quelle superficie avez-vous utilisée pour Mil au cours des 12 dernier mois ?",3,2,"Hectares",1,NA,1,3,3,NA,"normal_harvest",1050,1,"Kg",1,NA,1,1050,1050,NA,350,350,350,350,NA,NA,"monoculture","Half",NA,"eat",1,0,0,0,0,0,0,NA,"","","","",NA,NA,"",NA,NA,"",0,0,0,0,0,0,"Male_Youth",0,0,0,0,1,0,NA,"soil fuel feed compost construction",0,1,1,1,1,0,0,1,"uuid:5a528504-c948-4c04-8d8e-a7011c55f53b","uuid:5a528504-c948-4c04-8d8e-a7011c55f53b/survey_grp/SECTION_Crop_Productivity/crop_repeat[2]","Mil","142"
2,48,"Lettuce","Laitue",NA,"all_year",1,0,0,0,"plants","In total, how many Laitue plants did you grow during the last 12 months?","Au total, quelle quantité de Laitueavez-vous cultivé au cours des 12 dernier mois ?",60,3,"Plantes",-99,NA,-99,NA,NA,NA,"good_harvest",60,9,"Unité (dizaine)",-99,NA,-99,NA,NA,NA,1,1,NA,NA,NA,NA,"monoculture","UnderHalf",NA,"eat sell givetrade",1,0,1,0,0,0,1,NA,"Little","Little","","",NA,600000,"total_income_per_year",NA,NA,"Male_adult Female_adult Male_Youth",1,0,1,0,1,0,"Male_adult Female_adult Male_Youth",1,0,1,0,1,0,NA,"soil compost",0,1,0,0,0,0,0,1,"uuid:94b2fb26-d89c-42c0-a7b4-966025e55a6a","uuid:94b2fb26-d89c-42c0-a7b4-966025e55a6a/survey_grp/SECTION_Crop_Productivity/crop_repeat[2]","Laitue","13"
1,36,"Peanut","Arachide",NA,"rain",0,0,0,1,"area","In total, how much land did you use for growing Arachide during the last 12 months?","Au total, quelle superficie avez-vous utilisée pour Arachide au cours des 12 dernier mois ?",2,2,"Hectares",1,NA,1,2,2,NA,"normal_harvest",2,2,"Tonnes",1000,NA,1000,2000,2000,NA,1,1,1000,1000,NA,NA,"monoculture","All",NA,"sell",0,0,0,0,0,0,1,NA,"","","","",NA,500000,"total_income_per_year",NA,NA,"Male_adult",0,0,1,0,0,0,"",0,0,0,0,0,0,NA,"feed sell",0,0,0,1,0,0,1,0,"uuid:284404af-3dc2-44ec-af35-964b25ecc66c","uuid:284404af-3dc2-44ec-af35-964b25ecc66c/survey_grp/SECTION_Crop_Productivity/crop_repeat[1]","Arachide","582"
1,37,"Millet","Mil",NA,"rain",0,0,0,1,"area","In total, how much land did you use for growing Mil during the last 12 months?","Au total, quelle superficie avez-vous utilisée pour Mil au cours des 12 dernier mois ?",2,2,"Hectares",1,NA,1,2,2,NA,"normal_harvest",630,1,"Kg",1,NA,1,630,630,NA,315,315,315,315,NA,NA,"monoculture","Most",NA,"eat sell save_seed",1,0,0,0,0,1,1,NA,"Half","Half","","Little",NA,61250,"total_income_per_year",NA,NA,"Male_adult",0,0,1,0,0,0,"Male_adult",0,0,1,0,0,0,NA,"soil",0,0,0,0,0,0,0,1,"uuid:92ba4398-9aad-4c72-98ba-a58cba3fb42b","uuid:92ba4398-9aad-4c72-98ba-a58cba3fb42b/survey_grp/SECTION_Crop_Productivity/crop_repeat[1]","Mil","228"
1,37,"Millet","Mil",NA,"rain",0,0,0,1,"area","In total, how much land did you use for growing Mil during the last 12 months?","Au total, quelle superficie avez-vous utilisée pour Mil au cours des 12 dernier mois ?",1,2,"Hectares",1,NA,1,1,1,NA,"good_harvest",1.5,2,"Tonnes",1000,NA,1000,1500,1500,NA,1.5,1.5,1500,1500,NA,NA,"monoculture","Half",NA,"eat sell save_seed",1,0,0,0,0,1,1,NA,"Most","Little","","Little",NA,15000,"total_income_per_year",NA,NA,"Male_adult",0,0,1,0,0,0,"Male_adult",0,0,1,0,0,0,NA,"soil",0,0,0,0,0,0,0,1,"uuid:c425fd6f-9145-4bbc-bdbd-24e875297b0b","uuid:c425fd6f-9145-4bbc-bdbd-24e875297b0b/survey_grp/SECTION_Crop_Productivity/crop_repeat[1]","Mil","AGTP4E"
2,36,"Peanut","Arachide",NA,"rain",0,0,0,1,"area","In total, how much land did you use for growing Arachide during the last 12 months?","Au total, quelle superficie avez-vous utilisée pour Arachide au cours des 12 dernier mois ?",2,2,"Hectares",1,NA,1,2,2,NA,"normal_harvest",2100,1,"Kg",1,NA,1,2100,2100,NA,1050,1050,1050,1050,NA,NA,"intercrop","Most",NA,"eat save_seed",1,0,0,0,0,1,0,NA,"All","","","Little",NA,NA,"",NA,NA,"",0,0,0,0,0,0,"Male_adult",0,0,1,0,0,0,NA,"feed",0,0,0,1,0,0,0,0,"uuid:c425fd6f-9145-4bbc-bdbd-24e875297b0b","uuid:c425fd6f-9145-4bbc-bdbd-24e875297b0b/survey_grp/SECTION_Crop_Productivity/crop_repeat[2]","Arachide","AGTP4E"
1,37,"Millet","Mil",NA,"rain",0,0,0,1,"area","In total, how much land did you use for growing Mil during the last 12 months?","Au total, quelle superficie avez-vous utilisée pour Mil au cours des 12 dernier mois ?",1,2,"Hectares",1,NA,1,1,1,NA,"normal_harvest",480,1,"Kg",1,NA,1,480,480,NA,480,480,480,480,NA,NA,"monoculture","UnderHalf",NA,"eat save_seed feed_livestock",1,1,0,0,0,1,0,NA,"Most","","Little","Little",NA,NA,"",NA,NA,"",0,0,0,0,0,0,"Male_adult",0,0,1,0,0,0,NA,"soil construction",0,0,1,0,0,0,0,1,"uuid:cca6d0ce-3255-412f-904d-786f3501d26e","uuid:cca6d0ce-3255-412f-904d-786f3501d26e/survey_grp/SECTION_Crop_Productivity/crop_repeat[1]","Mil","IIDYJY"
2,36,"Peanut","Arachide",NA,"rain",0,0,0,1,"area","In total, how much land did you use for growing Arachide during the last 12 months?","Au total, quelle superficie avez-vous utilisée pour Arachide au cours des 12 dernier mois ?",2,2,"Hectares",1,NA,1,2,2,NA,"normal_harvest",2000,1,"Kg",1,NA,1,2000,2000,NA,1000,1000,1000,1000,NA,NA,"monoculture","Most",NA,"eat sell save_seed",1,0,0,0,0,1,1,NA,"UnderHalf","Most","","UnderHalf",NA,350000,"total_income_per_year",NA,NA,"Male_adult Female_adult",1,0,1,0,0,0,"Male_adult Female_adult",1,0,1,0,0,0,NA,"feed",0,0,0,1,0,0,0,0,"uuid:cca6d0ce-3255-412f-904d-786f3501d26e","uuid:cca6d0ce-3255-412f-904d-786f3501d26e/survey_grp/SECTION_Crop_Productivity/crop_repeat[2]","Arachide","IIDYJY"
1,37,"Millet","Mil",NA,"rain",0,0,0,1,"area","In total, how much land did you use for growing Mil during the last 12 months?","Au total, quelle superficie avez-vous utilisée pour Mil au cours des 12 dernier mois ?",1.5,2,"Hectares",1,NA,1,1.5,1.5,NA,"good_harvest",400,1,"Kg",1,NA,1,400,400,NA,266.6666666666667,266.67,266.6666666666667,266.67,NA,NA,"monoculture","Half",NA,"eat",1,0,0,0,0,0,0,NA,"","","","",NA,NA,"",NA,NA,"",0,0,0,0,0,0,"Female_adult",1,0,0,0,0,0,NA,"burn",1,0,0,0,0,0,0,0,"uuid:ab77b9f1-9fe0-44f4-9ad1-b8fd7d4f136c","uuid:ab77b9f1-9fe0-44f4-9ad1-b8fd7d4f136c/survey_grp/SECTION_Crop_Productivity/crop_repeat[1]","Mil","234"
1,37,"Millet","Mil",NA,"rain",0,0,0,1,"area","In total, how much land did you use for growing Mil during the last 12 months?","Au total, quelle superficie avez-vous utilisée pour Mil au cours des 12 dernier mois ?",1.5,2,"Hectares",1,NA,1,1.5,1.5,NA,"good_harvest",7,8,"Sac de 50 Kg",50,NA,50,350,350,NA,4.666666666666667,4.67,233.33333333333334,233.33,NA,NA,"monoculture","UnderHalf",NA,"eat",1,0,0,0,0,0,0,NA,"","","","",NA,NA,"",NA,NA,"",0,0,0,0,0,0,"Male_adult",0,0,1,0,0,0,NA,"burn",1,0,0,0,0,0,0,0,"uuid:95de5f8a-ec5e-4402-8e7e-fb11a021eec1","uuid:95de5f8a-ec5e-4402-8e7e-fb11a021eec1/survey_grp/SECTION_Crop_Productivity/crop_repeat[1]","Mil","621"
1,37,"Millet","Mil",NA,"rain",0,0,0,1,"area","In total, how much land did you use for growing Mil during the last 12 months?","Au total, quelle superficie avez-vous utilisée pour Mil au cours des 12 dernier mois ?",2.5,2,"Hectares",1,NA,1,2.5,2.5,NA,"normal_harvest",1500,1,"Kg",1,NA,1,1500,1500,NA,600,600,600,600,NA,NA,"intercrop","Most",NA,"eat feed_livestock save_seed",1,1,0,0,0,1,0,NA,"Most","","Little","Little",NA,NA,"",NA,NA,"",0,0,0,0,0,0,"Male_adult",0,0,1,0,0,0,NA,"soil fuel burn feed compost construction",1,1,1,1,1,0,0,1,"uuid:750cd455-1aed-4272-834a-0720b503ae74","uuid:750cd455-1aed-4272-834a-0720b503ae74/survey_grp/SECTION_Crop_Productivity/crop_repeat[1]","Mil","49"
1,37,"Millet","Mil",NA,"rain",0,0,0,1,"area","In total, how much land did you use for growing Mil during the last 12 months?","Au total, quelle superficie avez-vous utilisée pour Mil au cours des 12 dernier mois ?",2,2,"Hectares",1,NA,1,2,2,NA,"normal_harvest",900,1,"Kg",1,NA,1,900,900,NA,450,450,450,450,NA,NA,"intercrop","Most",NA,"eat save_seed feed_livestock",1,1,0,0,0,1,0,NA,"Most","","Little","Little",NA,NA,"",NA,NA,"",0,0,0,0,0,0,"Male_adult Female_adult",1,0,1,0,0,0,NA,"soil fuel burn feed compost construction",1,1,1,1,1,0,0,1,"uuid:9da7cecc-ebce-4769-aa44-bf98d5faa83d","uuid:9da7cecc-ebce-4769-aa44-bf98d5faa83d/survey_grp/SECTION_Crop_Productivity/crop_repeat[1]","Mil","50"
1,37,"Millet","Mil",NA,"rain",0,0,0,1,"area","In total, how much land did you use for growing Mil during the last 12 months?","Au total, quelle superficie avez-vous utilisée pour Mil au cours des 12 dernier mois ?",3,2,"Hectares",1,NA,1,3,3,NA,"normal_harvest",1600,1,"Kg",1,NA,1,1600,1600,NA,533.3333333333334,533.33,533.3333333333334,533.33,NA,NA,"intercrop","Most",NA,"eat feed_livestock",1,1,0,0,0,0,0,NA,"Most","","Little","",NA,NA,"",NA,NA,"",0,0,0,0,0,0,"Male_adult Female_adult",1,0,1,0,0,0,NA,"soil burn feed compost construction",1,1,1,1,0,0,0,1,"uuid:94446695-736f-43b6-80be-0e904b260394","uuid:94446695-736f-43b6-80be-0e904b260394/survey_grp/SECTION_Crop_Productivity/crop_repeat[1]","Mil","41"
1,37,"Millet","Mil",NA,"rain",0,0,0,1,"area","In total, how much land did you use for growing Mil during the last 12 months?","Au total, quelle superficie avez-vous utilisée pour Mil au cours des 12 dernier mois ?",2,2,"Hectares",1,NA,1,2,2,NA,"normal_harvest",1.5,2,"Tonnes",1000,NA,1000,1500,1500,NA,0.75,0.75,750,750,NA,NA,"intercrop","Most",NA,"eat feed_livestock save_seed",1,1,0,0,0,1,0,NA,"Most","","UnderHalf","Little",NA,NA,"",NA,NA,"",0,0,0,0,0,0,"Male_adult Female_adult",1,0,1,0,0,0,NA,"soil burn feed compost construction",1,1,1,1,0,0,0,1,"uuid:5dcc3467-b093-4f1a-8d9d-d9a3c349b29c","uuid:5dcc3467-b093-4f1a-8d9d-d9a3c349b29c/survey_grp/SECTION_Crop_Productivity/crop_repeat[1]","Mil","40"
1,1,"Maize","Maïs",NA,"rain",0,0,0,1,"area","In total, how much land did you use for growing Maïs during the last 12 months?","Au total, quelle superficie avez-vous utilisée pour Maïs au cours des 12 dernier mois ?",0.5,2,"Hectares",1,NA,1,0.5,0.5,NA,"normal_harvest",300,1,"Kg",1,NA,1,300,300,NA,600,600,600,600,NA,NA,"monoculture","UnderHalf",NA,"eat",1,0,0,0,0,0,0,NA,"","","","",NA,NA,"",NA,NA,"",0,0,0,0,0,0,"Male_adult",0,0,1,0,0,0,NA,"soil feed compost construction",0,1,1,1,0,0,0,1,"uuid:2f2da079-7033-4ff2-af8b-715e7883bdde","uuid:2f2da079-7033-4ff2-af8b-715e7883bdde/survey_grp/SECTION_Crop_Productivity/crop_repeat[1]","Maïs","87"
2,36,"Peanut","Arachide",NA,"rain",0,0,0,1,"area","In total, how much land did you use for growing Arachide during the last 12 months?","Au total, quelle superficie avez-vous utilisée pour Arachide au cours des 12 dernier mois ?",5,2,"Hectares",1,NA,1,5,5,NA,"normal_harvest",5.5,2,"Tonnes",1000,NA,1000,5500,5500,NA,1.1,1.1,1100,1100,NA,NA,"monoculture","Half",NA,"no_answer",0,0,0,1,0,0,0,NA,"","","","",NA,NA,"",NA,NA,"",0,0,0,0,0,0,"",0,0,0,0,0,0,NA,"soil feed compost construction sell",0,1,1,1,0,0,1,1,"uuid:2f2da079-7033-4ff2-af8b-715e7883bdde","uuid:2f2da079-7033-4ff2-af8b-715e7883bdde/survey_grp/SECTION_Crop_Productivity/crop_repeat[2]","Arachide","87"
3,37,"Millet","Mil",NA,"rain",0,0,0,1,"area","In total, how much land did you use for growing Mil during the last 12 months?","Au total, quelle superficie avez-vous utilisée pour Mil au cours des 12 dernier mois ?",4,2,"Hectares",1,NA,1,4,4,NA,"normal_harvest",2.1,2,"Tonnes",1000,NA,1000,2100,2100,NA,0.525,0.53,525,525,NA,NA,"monoculture","UnderHalf",NA,"no_answer",0,0,0,1,0,0,0,NA,"","","","",NA,NA,"",NA,NA,"",0,0,0,0,0,0,"",0,0,0,0,0,0,NA,"feed compost construction",0,1,1,1,0,0,0,0,"uuid:2f2da079-7033-4ff2-af8b-715e7883bdde","uuid:2f2da079-7033-4ff2-af8b-715e7883bdde/survey_grp/SECTION_Crop_Productivity/crop_repeat[3]","Mil","87"
1,1,"Maize","Maïs",NA,"rain",0,0,0,1,"area","In total, how much land did you use for growing Maïs during the last 12 months?","Au total, quelle superficie avez-vous utilisée pour Maïs au cours des 12 dernier mois ?",0.5,2,"Hectares",1,NA,1,0.5,0.5,NA,"normal_harvest",600,1,"Kg",1,NA,1,600,600,NA,1200,1200,1200,1200,NA,NA,"monoculture","UnderHalf",NA,"eat",1,0,0,0,0,0,0,NA,"","","","",NA,NA,"",NA,NA,"",0,0,0,0,0,0,"Male_adult",0,0,1,0,0,0,NA,"soil fuel feed compost construction",0,1,1,1,1,0,0,1,"uuid:82091b05-6e9b-4095-b20e-42fdda397dbb","uuid:82091b05-6e9b-4095-b20e-42fdda397dbb/survey_grp/SECTION_Crop_Productivity/crop_repeat[1]","Maïs","94"
2,36,"Peanut","Arachide",NA,"rain",0,0,0,1,"area","In total, how much land did you use for growing Arachide during the last 12 months?","Au total, quelle superficie avez-vous utilisée pour Arachide au cours des 12 dernier mois ?",1,2,"Hectares",1,NA,1,1,1,NA,"normal_harvest",500,1,"Kg",1,NA,1,500,500,NA,500,500,500,500,NA,NA,"monoculture","UnderHalf",NA,"eat save_seed",1,0,0,0,0,1,0,NA,"Most","","","Little",NA,NA,"",NA,NA,"",0,0,0,0,0,0,"Male_adult",0,0,1,0,0,0,NA,"soil fuel feed compost construction sell",0,1,1,1,1,0,1,1,"uuid:82091b05-6e9b-4095-b20e-42fdda397dbb","uuid:82091b05-6e9b-4095-b20e-42fdda397dbb/survey_grp/SECTION_Crop_Productivity/crop_repeat[2]","Arachide","94"
3,37,"Millet","Mil",NA,"rain",0,0,0,1,"area","In total, how much land did you use for growing Mil during the last 12 months?","Au total, quelle superficie avez-vous utilisée pour Mil au cours des 12 dernier mois ?",3,2,"Hectares",1,NA,1,3,3,NA,"normal_harvest",2.5,2,"Tonnes",1000,NA,1000,2500,2500,NA,0.8333333333333334,0.83,833.3333333333334,833.33,NA,NA,"monoculture","Most",NA,"eat sell feed_livestock save_seed",1,1,0,0,0,1,1,NA,"Most","UnderHalf","Half","Little",NA,45000,"price_per_kg",NA,NA,"Male_adult",0,0,1,0,0,0,"Male_adult",0,0,1,0,0,0,NA,"soil fuel feed compost construction",0,1,1,1,1,0,0,1,"uuid:82091b05-6e9b-4095-b20e-42fdda397dbb","uuid:82091b05-6e9b-4095-b20e-42fdda397dbb/survey_grp/SECTION_Crop_Productivity/crop_repeat[3]","Mil","94"
4,53,"Cowpea","Niébé",NA,"rain",0,0,0,1,"area","In total, how much land did you use for growing Niébé during the last 12 months?","Au total, quelle superficie avez-vous utilisée pour Niébé au cours des 12 dernier mois ?",0.5,2,"Hectares",1,NA,1,0.5,0.5,NA,"bad_harvest",120,1,"Kg",1,NA,1,120,120,NA,240,240,240,240,NA,NA,"monoculture","UnderHalf",NA,"eat sell feed_livestock save_seed",1,1,0,0,0,1,1,NA,"Most","UnderHalf","Half","Little",NA,12500,"price_per_kg",NA,NA,"Male_adult",0,0,1,0,0,0,"Male_adult",0,0,1,0,0,0,NA,"soil feed compost construction",0,1,1,1,0,0,0,1,"uuid:82091b05-6e9b-4095-b20e-42fdda397dbb","uuid:82091b05-6e9b-4095-b20e-42fdda397dbb/survey_grp/SECTION_Crop_Productivity/crop_repeat[4]","Niébé","94"
1,36,"Peanut","Arachide",NA,"rain",0,0,0,1,"area","In total, how much land did you use for growing Arachide during the last 12 months?","Au total, quelle superficie avez-vous utilisée pour Arachide au cours des 12 dernier mois ?",1,2,"Hectares",1,NA,1,1,1,NA,"normal_harvest",500,1,"Kg",1,NA,1,500,500,NA,500,500,500,500,NA,NA,"monoculture","Half",NA,"sell eat save_seed",1,0,0,0,0,1,1,NA,"Most","Most","","Little",NA,50000,"price_per_kg",NA,NA,"no_answer",0,0,0,0,0,1,"no_answer",0,0,0,0,0,1,NA,"soil feed compost construction sell",0,1,1,1,0,0,1,1,"uuid:d1a61c5f-dcbf-4298-9cff-6aa730ce200c","uuid:d1a61c5f-dcbf-4298-9cff-6aa730ce200c/survey_grp/SECTION_Crop_Productivity/crop_repeat[1]","Arachide","119"
2,37,"Millet","Mil",NA,"rain",0,0,0,1,"area","In total, how much land did you use for growing Mil during the last 12 months?","Au total, quelle superficie avez-vous utilisée pour Mil au cours des 12 dernier mois ?",1,2,"Hectares",1,NA,1,1,1,NA,"normal_harvest",420,1,"Kg",1,NA,1,420,420,NA,420,420,420,420,NA,NA,"monoculture","Half",NA,"eat",1,0,0,0,0,0,0,NA,"","","","",NA,NA,"",NA,NA,"",0,0,0,0,0,0,"no_answer",0,0,0,0,0,1,NA,"soil feed compost construction",0,1,1,1,0,0,0,1,"uuid:d1a61c5f-dcbf-4298-9cff-6aa730ce200c","uuid:d1a61c5f-dcbf-4298-9cff-6aa730ce200c/survey_grp/SECTION_Crop_Productivity/crop_repeat[2]","Mil","119"
1,36,"Peanut","Arachide",NA,"rain",0,0,0,1,"area","In total, how much land did you use for growing Arachide during the last 12 months?","Au total, quelle superficie avez-vous utilisée pour Arachide au cours des 12 dernier mois ?",2,2,"Hectares",1,NA,1,2,2,NA,"normal_harvest",1.1,2,"Tonnes",1000,NA,1000,1100,1100,NA,0.55,0.55,550,550,NA,NA,"monoculture","Half",NA,"eat sell feed_livestock save_seed",1,1,0,0,0,1,1,NA,"Most","Half","Little","Little",NA,125000,"price_per_bag_100lb",NA,NA,"Male_adult",0,0,1,0,0,0,"Male_adult",0,0,1,0,0,0,NA,"soil fuel feed compost construction",0,1,1,1,1,0,0,1,"uuid:bd05de50-04f5-4db3-abc0-c2913c63527f","uuid:bd05de50-04f5-4db3-abc0-c2913c63527f/survey_grp/SECTION_Crop_Productivity/crop_repeat[1]","Arachide","92"
2,37,"Millet","Mil",NA,"rain",0,0,0,1,"area","In total, how much land did you use for growing Mil during the last 12 months?","Au total, quelle superficie avez-vous utilisée pour Mil au cours des 12 dernier mois ?",2,2,"Hectares",1,NA,1,2,2,NA,"normal_harvest",1.2,2,"Tonnes",1000,NA,1000,1200,1200,NA,0.6,0.6,600,600,NA,NA,"monoculture","All",NA,"eat",1,0,0,0,0,0,0,NA,"","","","",NA,NA,"",NA,NA,"",0,0,0,0,0,0,"Male_adult",0,0,1,0,0,0,NA,"soil fuel feed compost construction",0,1,1,1,1,0,0,1,"uuid:bd05de50-04f5-4db3-abc0-c2913c63527f","uuid:bd05de50-04f5-4db3-abc0-c2913c63527f/survey_grp/SECTION_Crop_Productivity/crop_repeat[2]","Mil","92"
1,36,"Peanut","Arachide",NA,"rain",0,0,0,1,"area","In total, how much land did you use for growing Arachide during the last 12 months?","Au total, quelle superficie avez-vous utilisée pour Arachide au cours des 12 dernier mois ?",7,2,"Hectares",1,NA,1,7,7,NA,"normal_harvest",5,2,"Tonnes",1000,NA,1000,5000,5000,NA,0.7142857142857143,0.71,714.2857142857143,714.29,NA,NA,"monoculture","Most",NA,"eat sell save_seed",1,0,0,0,0,1,1,NA,"Half","Most","","Little",NA,1000000,"price_per_kg",NA,NA,"no_answer",0,0,0,0,0,1,"no_answer",0,0,0,0,0,1,NA,"soil feed compost construction sell",0,1,1,1,0,0,1,1,"uuid:c215d096-0e9b-4dd2-8a4d-ca5949f260eb","uuid:c215d096-0e9b-4dd2-8a4d-ca5949f260eb/survey_grp/SECTION_Crop_Productivity/crop_repeat[1]","Arachide","135"
2,37,"Millet","Mil",NA,"rain",0,0,0,1,"area","In total, how much land did you use for growing Mil during the last 12 months?","Au total, quelle superficie avez-vous utilisée pour Mil au cours des 12 dernier mois ?",2,2,"Hectares",1,NA,1,2,2,NA,"normal_harvest",2,2,"Tonnes",1000,NA,1000,2000,2000,NA,1,1,1000,1000,NA,NA,"monoculture","UnderHalf",NA,"eat save_seed sell",1,0,0,0,0,1,1,NA,"Most","Half","","Little",NA,100000,"price_per_kg",NA,NA,"no_answer",0,0,0,0,0,1,"no_answer",0,0,0,0,0,1,NA,"soil feed compost construction",0,1,1,1,0,0,0,1,"uuid:c215d096-0e9b-4dd2-8a4d-ca5949f260eb","uuid:c215d096-0e9b-4dd2-8a4d-ca5949f260eb/survey_grp/SECTION_Crop_Productivity/crop_repeat[2]","Mil","135"
3,1,"Maize","Maïs",NA,"rain",0,0,0,1,"area","In total, how much land did you use for growing Maïs during the last 12 months?","Au total, quelle superficie avez-vous utilisée pour Maïs au cours des 12 dernier mois ?",0.5,2,"Hectares",1,NA,1,0.5,0.5,NA,"normal_harvest",1470,1,"Kg",1,NA,1,1470,1470,NA,2940,2940,2940,2940,NA,NA,"monoculture","UnderHalf",NA,"eat sell save_seed",1,0,0,0,0,1,1,NA,"Most","UnderHalf","","Little",NA,50000,"total_income_per_year",NA,NA,"no_answer",0,0,0,0,0,1,"no_answer",0,0,0,0,0,1,NA,"soil feed compost construction",0,1,1,1,0,0,0,1,"uuid:c215d096-0e9b-4dd2-8a4d-ca5949f260eb","uuid:c215d096-0e9b-4dd2-8a4d-ca5949f260eb/survey_grp/SECTION_Crop_Productivity/crop_repeat[3]","Maïs","135"
4,38,"Rice","Riz",NA,"rain",0,0,0,1,"area","In total, how much land did you use for growing Riz during the last 12 months?","Au total, quelle superficie avez-vous utilisée pour Riz au cours des 12 dernier mois ?",0.5,2,"Hectares",1,NA,1,0.5,0.5,NA,"bad_harvest",100,1,"Kg",1,NA,1,100,100,NA,200,200,200,200,NA,NA,"monoculture","UnderHalf",NA,"eat",1,0,0,0,0,0,0,NA,"","","","",NA,NA,"",NA,NA,"",0,0,0,0,0,0,"no_answer",0,0,0,0,0,1,NA,"soil feed compost construction",0,1,1,1,0,0,0,1,"uuid:c215d096-0e9b-4dd2-8a4d-ca5949f260eb","uuid:c215d096-0e9b-4dd2-8a4d-ca5949f260eb/survey_grp/SECTION_Crop_Productivity/crop_repeat[4]","Riz","135"
1,1,"Maize","Maïs",NA,"rain",0,0,0,1,"area","In total, how much land did you use for growing Maïs during the last 12 months?","Au total, quelle superficie avez-vous utilisée pour Maïs au cours des 12 dernier mois ?",1,2,"Hectares",1,NA,1,1,1,NA,"normal_harvest",1.2,2,"Tonnes",1000,NA,1000,1200,1200,NA,1.2,1.2,1200,1200,NA,NA,"monoculture","UnderHalf",NA,"eat save_seed feed_livestock",1,1,0,0,0,1,0,NA,"All","","Little","Little",NA,NA,"",NA,NA,"",0,0,0,0,0,0,"Male_adult",0,0,1,0,0,0,NA,"soil fuel feed compost construction",0,1,1,1,1,0,0,1,"uuid:174d02fb-ffec-4cb7-803d-154c1e4c6c9e","uuid:174d02fb-ffec-4cb7-803d-154c1e4c6c9e/survey_grp/SECTION_Crop_Productivity/crop_repeat[1]","Maïs","128"
2,36,"Peanut","Arachide",NA,"rain",0,0,0,1,"area","In total, how much land did you use for growing Arachide during the last 12 months?","Au total, quelle superficie avez-vous utilisée pour Arachide au cours des 12 dernier mois ?",3,2,"Hectares",1,NA,1,3,3,NA,"normal_harvest",3,2,"Tonnes",1000,NA,1000,3000,3000,NA,1,1,1000,1000,NA,NA,"monoculture","Half",NA,"eat sell save_seed feed_livestock",1,1,0,0,0,1,1,NA,"Half","Half","Little","Little",NA,225000,"price_per_tonne",NA,NA,"Male_adult",0,0,1,0,0,0,"Male_adult",0,0,1,0,0,0,NA,"soil feed compost construction sell",0,1,1,1,0,0,1,1,"uuid:174d02fb-ffec-4cb7-803d-154c1e4c6c9e","uuid:174d02fb-ffec-4cb7-803d-154c1e4c6c9e/survey_grp/SECTION_Crop_Productivity/crop_repeat[2]","Arachide","128"
3,37,"Millet","Mil",NA,"rain",0,0,0,1,"area","In total, how much land did you use for growing Mil during the last 12 months?","Au total, quelle superficie avez-vous utilisée pour Mil au cours des 12 dernier mois ?",1.2,2,"Hectares",1,NA,1,1.2,1.2,NA,"normal_harvest",1,2,"Tonnes",1000,NA,1000,1000,1000,NA,0.8333333333333334,0.83,833.3333333333334,833.33,NA,NA,"monoculture","Little",NA,"eat feed_livestock save_seed sell",1,1,0,0,0,1,1,NA,"no_answer","no_answer","no_answer","no_answer",NA,0,"price_per_kg",NA,NA,"Male_adult",0,0,1,0,0,0,"Male_adult",0,0,1,0,0,0,NA,"soil fuel feed compost construction",0,1,1,1,1,0,0,1,"uuid:174d02fb-ffec-4cb7-803d-154c1e4c6c9e","uuid:174d02fb-ffec-4cb7-803d-154c1e4c6c9e/survey_grp/SECTION_Crop_Productivity/crop_repeat[3]","Mil","128"
1,36,"Peanut","Arachide",NA,"rain",0,0,0,1,"area","In total, how much land did you use for growing Arachide during the last 12 months?","Au total, quelle superficie avez-vous utilisée pour Arachide au cours des 12 dernier mois ?",1,2,"Hectares",1,NA,1,1,1,NA,"normal_harvest",600,1,"Kg",1,NA,1,600,600,NA,600,600,600,600,NA,NA,"intercrop","UnderHalf",NA,"eat sell save_seed",1,0,0,0,0,1,1,NA,"Most","UnderHalf","","Little",NA,60,"price_per_kg",NA,NA,"Male_Child",0,0,0,1,0,0,"Male_Child",0,0,0,1,0,0,NA,"soil feed compost construction sell",0,1,1,1,0,0,1,1,"uuid:a1b4a8db-c7f6-4558-a9de-0c24f264d637","uuid:a1b4a8db-c7f6-4558-a9de-0c24f264d637/survey_grp/SECTION_Crop_Productivity/crop_repeat[1]","Arachide","121"
2,37,"Millet","Mil",NA,"rain",0,0,0,1,"area","In total, how much land did you use for growing Mil during the last 12 months?","Au total, quelle superficie avez-vous utilisée pour Mil au cours des 12 dernier mois ?",6,2,"Hectares",1,NA,1,6,6,NA,"normal_harvest",5,2,"Tonnes",1000,NA,1000,5000,5000,NA,0.8333333333333334,0.83,833.3333333333334,833.33,NA,NA,"monoculture","Most",NA,"eat sell feed_livestock save_seed",1,1,0,0,0,1,1,NA,"Most","UnderHalf","Little","Little",NA,50000,"price_per_kg",NA,NA,"no_answer",0,0,0,0,0,1,"no_answer",0,0,0,0,0,1,NA,"soil feed compost construction",0,1,1,1,0,0,0,1,"uuid:a1b4a8db-c7f6-4558-a9de-0c24f264d637","uuid:a1b4a8db-c7f6-4558-a9de-0c24f264d637/survey_grp/SECTION_Crop_Productivity/crop_repeat[2]","Mil","121"
1,37,"Millet","Mil",NA,"rain",0,0,0,1,"area","In total, how much land did you use for growing Mil during the last 12 months?","Au total, quelle superficie avez-vous utilisée pour Mil au cours des 12 dernier mois ?",2,2,"Hectares",1,NA,1,2,2,NA,"normal_harvest",2,2,"Tonnes",1000,NA,1000,2000,2000,NA,1,1,1000,1000,NA,NA,"monoculture","UnderHalf",NA,"eat",1,0,0,0,0,0,0,NA,"","","","",NA,NA,"",NA,NA,"",0,0,0,0,0,0,"Male_adult",0,0,1,0,0,0,NA,"soil construction",0,0,1,0,0,0,0,1,"uuid:8d2bc429-5133-4f1e-b788-51d6abc57991","uuid:8d2bc429-5133-4f1e-b788-51d6abc57991/survey_grp/SECTION_Crop_Productivity/crop_repeat[1]","Mil","122"
1,36,"Peanut","Arachide",NA,"rain",0,0,0,1,"area","In total, how much land did you use for growing Arachide during the last 12 months?","Au total, quelle superficie avez-vous utilisée pour Arachide au cours des 12 dernier mois ?",2,2,"Hectares",1,NA,1,2,2,NA,"normal_harvest",2,2,"Tonnes",1000,NA,1000,2000,2000,NA,1,1,1000,1000,NA,NA,"monoculture","Half",NA,"sell save_seed",0,0,0,0,0,1,1,NA,"","Most","","Little",NA,700000,"total_income_per_year",NA,NA,"Male_Child",0,0,0,1,0,0,"",0,0,0,0,0,0,NA,"feed",0,0,0,1,0,0,0,0,"uuid:e6df1fe0-672c-4a02-abcb-3b78dc1a9e38","uuid:e6df1fe0-672c-4a02-abcb-3b78dc1a9e38/survey_grp/SECTION_Crop_Productivity/crop_repeat[1]","Arachide","123"
1,36,"Peanut","Arachide",NA,"rain",0,0,0,1,"area","In total, how much land did you use for growing Arachide during the last 12 months?","Au total, quelle superficie avez-vous utilisée pour Arachide au cours des 12 dernier mois ?",3,2,"Hectares",1,NA,1,3,3,NA,"normal_harvest",3,2,"Tonnes",1000,NA,1000,3000,3000,NA,1,1,1000,1000,NA,NA,"monoculture","Most",NA,"sell save_seed",0,0,0,0,0,1,1,NA,"","All","","Little",NA,1200000,"total_income_per_year",NA,NA,"Male_adult",0,0,1,0,0,0,"",0,0,0,0,0,0,NA,"feed",0,0,0,1,0,0,0,0,"uuid:3494d84b-32b3-4a7d-b235-36e22ca1676d","uuid:3494d84b-32b3-4a7d-b235-36e22ca1676d/survey_grp/SECTION_Crop_Productivity/crop_repeat[1]","Arachide","93"
1,37,"Millet","Mil",NA,"rain",0,0,0,1,"area","In total, how much land did you use for growing Mil during the last 12 months?","Au total, quelle superficie avez-vous utilisée pour Mil au cours des 12 dernier mois ?",6,2,"Hectares",1,NA,1,6,6,NA,"normal_harvest",5.24,2,"Tonnes",1000,NA,1000,5240,5240,NA,0.8733333333333334,0.87,873.3333333333334,873.33,NA,NA,"monoculture","Most",NA,"eat sell feed_livestock",1,1,0,0,0,0,1,NA,"UnderHalf","Half","UnderHalf","",NA,700000,"total_income_per_year",NA,NA,"Male_adult",0,0,1,0,0,0,"Male_adult",0,0,1,0,0,0,NA,"construction soil fuel",0,0,1,0,1,0,0,1,"uuid:58cb9724-4b70-435b-a031-8d2ba887858e","uuid:58cb9724-4b70-435b-a031-8d2ba887858e/survey_grp/SECTION_Crop_Productivity/crop_repeat[1]","Mil","91"
1,36,"Peanut","Arachide",NA,"rain",0,0,0,1,"area","In total, how much land did you use for growing Arachide during the last 12 months?","Au total, quelle superficie avez-vous utilisée pour Arachide au cours des 12 dernier mois ?",20,2,"Hectares",1,NA,1,20,20,NA,"normal_harvest",15,2,"Tonnes",1000,NA,1000,15000,15000,NA,0.75,0.75,750,750,NA,NA,"monoculture","Half",NA,"sell eat",1,0,0,0,0,0,1,NA,"UnderHalf","Half","","",NA,800000,"total_income_per_year",NA,NA,"Male_adult",0,0,1,0,0,0,"Male_adult",0,0,1,0,0,0,NA,"feed",0,0,0,1,0,0,0,0,"uuid:31b092a5-ccab-43cb-8f1c-3c8f916501e7","uuid:31b092a5-ccab-43cb-8f1c-3c8f916501e7/survey_grp/SECTION_Crop_Productivity/crop_repeat[1]","Arachide","120"
1,36,"Peanut","Arachide",NA,"rain",0,0,0,1,"area","In total, how much land did you use for growing Arachide during the last 12 months?","Au total, quelle superficie avez-vous utilisée pour Arachide au cours des 12 dernier mois ?",3,2,"Hectares",1,NA,1,3,3,NA,"normal_harvest",3,2,"Tonnes",1000,NA,1000,3000,3000,NA,1,1,1000,1000,NA,NA,"intercrop","Most",NA,"feed_livestock sell eat save_seed",1,1,0,0,0,1,1,NA,"UnderHalf","Half","Little","Little",NA,700000,"total_income_per_year",NA,NA,"Male_Child",0,0,0,1,0,0,"Male_Child Female_Youth",0,1,0,1,0,0,NA,"feed",0,0,0,1,0,0,0,0,"uuid:ef2438e4-9190-4d1f-b3a3-fa4cbc776181","uuid:ef2438e4-9190-4d1f-b3a3-fa4cbc776181/survey_grp/SECTION_Crop_Productivity/crop_repeat[1]","Arachide","115"
1,36,"Peanut","Arachide",NA,"rain",0,0,0,1,"area","In total, how much land did you use for growing Arachide during the last 12 months?","Au total, quelle superficie avez-vous utilisée pour Arachide au cours des 12 dernier mois ?",2,2,"Hectares",1,NA,1,2,2,NA,"normal_harvest",2,2,"Tonnes",1000,NA,1000,2000,2000,NA,1,1,1000,1000,NA,NA,"intercrop","Half",NA,"eat sell save_seed",1,0,0,0,0,1,1,NA,"Half","UnderHalf","","Little",NA,500000,"total_income_per_year",NA,NA,"Male_Child",0,0,0,1,0,0,"Female_Youth Male_Child",0,1,0,1,0,0,NA,"sell",0,0,0,0,0,0,1,0,"uuid:5ba1a777-d63b-4d8a-8f08-c2c68f621f58","uuid:5ba1a777-d63b-4d8a-8f08-c2c68f621f58/survey_grp/SECTION_Crop_Productivity/crop_repeat[1]","Arachide","116"
1,36,"Peanut","Arachide",NA,"rain",0,0,0,1,"area","In total, how much land did you use for growing Arachide during the last 12 months?","Au total, quelle superficie avez-vous utilisée pour Arachide au cours des 12 dernier mois ?",1,2,"Hectares",1,NA,1,1,1,NA,"normal_harvest",5,8,"Sac de 50 Kg",50,NA,50,250,250,NA,5,5,250,250,NA,NA,"monoculture","UnderHalf",NA,"eat sell feed_livestock save_seed",1,1,0,0,0,1,1,NA,"UnderHalf","UnderHalf","UnderHalf","UnderHalf",NA,80000,"total_income_per_year",NA,NA,"Male_adult",0,0,1,0,0,0,"Male_adult",0,0,1,0,0,0,NA,"feed",0,0,0,1,0,0,0,0,"uuid:40afa01a-42f8-4a01-a34e-0e21b06a931a","uuid:40afa01a-42f8-4a01-a34e-0e21b06a931a/survey_grp/SECTION_Crop_Productivity/crop_repeat[1]","Arachide","136"
1,1,"Maize","Maïs",NA,"rain",0,0,0,1,"area","In total, how much land did you use for growing Maïs during the last 12 months?","Au total, quelle superficie avez-vous utilisée pour Maïs au cours des 12 dernier mois ?",1,2,"Hectares",1,NA,1,1,1,NA,"normal_harvest",800,1,"Kg",1,NA,1,800,800,NA,800,800,800,800,NA,NA,"monoculture","UnderHalf",NA,"eat save_seed",1,0,0,0,0,1,0,NA,"Most","","","UnderHalf",NA,NA,"",NA,NA,"",0,0,0,0,0,0,"Male_adult",0,0,1,0,0,0,NA,"feed",0,0,0,1,0,0,0,0,"uuid:87e6c63c-a755-41ee-b800-0c21f1d4483a","uuid:87e6c63c-a755-41ee-b800-0c21f1d4483a/survey_grp/SECTION_Crop_Productivity/crop_repeat[1]","Maïs","117"
1,36,"Peanut","Arachide",NA,"rain",0,0,0,1,"area","In total, how much land did you use for growing Arachide during the last 12 months?","Au total, quelle superficie avez-vous utilisée pour Arachide au cours des 12 dernier mois ?",3,2,"Hectares",1,NA,1,3,3,NA,"normal_harvest",3,2,"Tonnes",1000,NA,1000,3000,3000,NA,1,1,1000,1000,NA,NA,"monoculture","Most",NA,"sell eat feed_livestock save_seed",1,1,0,0,0,1,1,NA,"UnderHalf","Most","None","UnderHalf",NA,350000,"total_income_per_year",NA,NA,"Male_Youth",0,0,0,0,1,0,"Male_Youth",0,0,0,0,1,0,NA,"feed",0,0,0,1,0,0,0,0,"uuid:2237ca7b-c20d-4447-aad2-d9b03e11211a","uuid:2237ca7b-c20d-4447-aad2-d9b03e11211a/survey_grp/SECTION_Crop_Productivity/crop_repeat[1]","Arachide","125"
1,36,"Peanut","Arachide",NA,"rain",0,0,0,1,"area","In total, how much land did you use for growing Arachide during the last 12 months?","Au total, quelle superficie avez-vous utilisée pour Arachide au cours des 12 dernier mois ?",2,2,"Hectares",1,NA,1,2,2,NA,"normal_harvest",40,8,"Sac de 50 Kg",50,NA,50,2000,2000,NA,20,20,1000,1000,NA,NA,"monoculture","All",NA,"sell eat feed_livestock save_seed",1,1,0,0,0,1,1,NA,"UnderHalf","UnderHalf","UnderHalf","UnderHalf",NA,500000,"total_income_per_year",NA,NA,"Male_adult",0,0,1,0,0,0,"Male_adult",0,0,1,0,0,0,NA,"feed",0,0,0,1,0,0,0,0,"uuid:0d5129a1-baa8-4215-882b-f169ea796559","uuid:0d5129a1-baa8-4215-882b-f169ea796559/survey_grp/SECTION_Crop_Productivity/crop_repeat[1]","Arachide","112"
1,37,"Millet","Mil",NA,"rain",0,0,0,1,"area","In total, how much land did you use for growing Mil during the last 12 months?","Au total, quelle superficie avez-vous utilisée pour Mil au cours des 12 dernier mois ?",1,2,"Hectares",1,NA,1,1,1,NA,"normal_harvest",1,2,"Tonnes",1000,NA,1000,1000,1000,NA,1,1,1000,1000,NA,NA,"monoculture","Most",NA,"eat save_seed feed_livestock",1,1,0,0,0,1,0,NA,"UnderHalf","","UnderHalf","UnderHalf",NA,NA,"",NA,NA,"",0,0,0,0,0,0,"Male_Youth",0,0,0,0,1,0,NA,"feed",0,0,0,1,0,0,0,0,"uuid:ff83f9f6-b02e-41f1-b788-1eceb49d06c7","uuid:ff83f9f6-b02e-41f1-b788-1eceb49d06c7/survey_grp/SECTION_Crop_Productivity/crop_repeat[1]","Mil","90"
1,36,"Peanut","Arachide",NA,"rain",0,0,0,1,"area","In total, how much land did you use for growing Arachide during the last 12 months?","Au total, quelle superficie avez-vous utilisée pour Arachide au cours des 12 dernier mois ?",1.5,2,"Hectares",1,NA,1,1.5,1.5,NA,"normal_harvest",8,8,"Sac de 50 Kg",50,NA,50,400,400,NA,5.333333333333333,5.33,266.6666666666667,266.67,NA,NA,"monoculture","Most",NA,"eat save_seed feed_livestock",1,1,0,0,0,1,0,NA,"Most","","UnderHalf","Little",NA,NA,"",NA,NA,"",0,0,0,0,0,0,"Male_adult",0,0,1,0,0,0,NA,"feed",0,0,0,1,0,0,0,0,"uuid:8a947650-1009-400b-9cfd-54e3b482f5d4","uuid:8a947650-1009-400b-9cfd-54e3b482f5d4/survey_grp/SECTION_Crop_Productivity/crop_repeat[1]","Arachide","47"
2,37,"Millet","Mil",NA,"rain",0,0,0,1,"area","In total, how much land did you use for growing Mil during the last 12 months?","Au total, quelle superficie avez-vous utilisée pour Mil au cours des 12 dernier mois ?",2.5,2,"Hectares",1,NA,1,2.5,2.5,NA,"normal_harvest",20,8,"Sac de 50 Kg",50,NA,50,1000,1000,NA,8,8,400,400,NA,NA,"monoculture","All",NA,"eat feed_livestock save_seed",1,1,0,0,0,1,0,NA,"All","","UnderHalf","Little",NA,NA,"",NA,NA,"",0,0,0,0,0,0,"Male_adult",0,0,1,0,0,0,NA,"construction feed",0,0,1,1,0,0,0,0,"uuid:8a947650-1009-400b-9cfd-54e3b482f5d4","uuid:8a947650-1009-400b-9cfd-54e3b482f5d4/survey_grp/SECTION_Crop_Productivity/crop_repeat[2]","Mil","47"
1,37,"Millet","Mil",NA,"rain",0,0,0,1,"area","In total, how much land did you use for growing Mil during the last 12 months?","Au total, quelle superficie avez-vous utilisée pour Mil au cours des 12 dernier mois ?",1.5,2,"Hectares",1,NA,1,1.5,1.5,NA,"normal_harvest",8,8,"Sac de 50 Kg",50,NA,50,400,400,NA,5.333333333333333,5.33,266.6666666666667,266.67,NA,NA,"monoculture","All",NA,"eat save_seed",1,0,0,0,0,1,0,NA,"All","","","Little",NA,NA,"",NA,NA,"",0,0,0,0,0,0,"Female_adult",1,0,0,0,0,0,NA,"soil construction feed",0,0,1,1,0,0,0,1,"uuid:913d3783-d1ca-484f-868a-2db3e7863755","uuid:913d3783-d1ca-484f-868a-2db3e7863755/survey_grp/SECTION_Crop_Productivity/crop_repeat[1]","Mil","48"
1,36,"Peanut","Arachide",NA,"rain",0,0,0,1,"area","In total, how much land did you use for growing Arachide during the last 12 months?","Au total, quelle superficie avez-vous utilisée pour Arachide au cours des 12 dernier mois ?",1.5,2,"Hectares",1,NA,1,1.5,1.5,NA,"normal_harvest",20,8,"Sac de 50 Kg",50,NA,50,1000,1000,NA,13.333333333333334,13.33,666.6666666666666,666.67,NA,NA,"monoculture","Half",NA,"eat sell",1,0,0,0,0,0,1,NA,"Most","UnderHalf","","",NA,200000,"total_income_per_year",NA,NA,"Male_adult",0,0,1,0,0,0,"Male_adult",0,0,1,0,0,0,NA,"feed",0,0,0,1,0,0,0,0,"uuid:18bd5a41-ee0b-44da-9d64-6240ba703601","uuid:18bd5a41-ee0b-44da-9d64-6240ba703601/survey_grp/SECTION_Crop_Productivity/crop_repeat[1]","Arachide","46"
2,37,"Millet","Mil",NA,"rain",0,0,0,1,"area","In total, how much land did you use for growing Mil during the last 12 months?","Au total, quelle superficie avez-vous utilisée pour Mil au cours des 12 dernier mois ?",1.5,2,"Hectares",1,NA,1,1.5,1.5,NA,"normal_harvest",15,8,"Sac de 50 Kg",50,NA,50,750,750,NA,10,10,500,500,NA,NA,"monoculture","Half",NA,"eat sell save_seed feed_livestock",1,1,0,0,0,1,1,NA,"Most","UnderHalf","Little","Little",NA,100000,"total_income_per_year",NA,NA,"Male_adult",0,0,1,0,0,0,"Male_adult",0,0,1,0,0,0,NA,"feed",0,0,0,1,0,0,0,0,"uuid:18bd5a41-ee0b-44da-9d64-6240ba703601","uuid:18bd5a41-ee0b-44da-9d64-6240ba703601/survey_grp/SECTION_Crop_Productivity/crop_repeat[2]","Mil","46"
1,37,"Millet","Mil",NA,"rain",0,0,0,1,"area","In total, how much land did you use for growing Mil during the last 12 months?","Au total, quelle superficie avez-vous utilisée pour Mil au cours des 12 dernier mois ?",1,2,"Hectares",1,NA,1,1,1,NA,"normal_harvest",5,8,"Sac de 50 Kg",50,NA,50,250,250,NA,5,5,250,250,NA,NA,"monoculture","Most",NA,"eat save_seed",1,0,0,0,0,1,0,NA,"All","","","Little",NA,NA,"",NA,NA,"",0,0,0,0,0,0,"Male_adult",0,0,1,0,0,0,NA,"construction feed",0,0,1,1,0,0,0,0,"uuid:9324a6e6-b810-4972-aee1-dc70af3f4e2f","uuid:9324a6e6-b810-4972-aee1-dc70af3f4e2f/survey_grp/SECTION_Crop_Productivity/crop_repeat[1]","Mil","33"
2,36,"Peanut","Arachide",NA,"rain",0,0,0,1,"area","In total, how much land did you use for growing Arachide during the last 12 months?","Au total, quelle superficie avez-vous utilisée pour Arachide au cours des 12 dernier mois ?",0.5,2,"Hectares",1,NA,1,0.5,0.5,NA,"normal_harvest",4,8,"Sac de 50 Kg",50,NA,50,200,200,NA,8,8,400,400,NA,NA,"intercrop","UnderHalf",NA,"eat save_seed",1,0,0,0,0,1,0,NA,"All","","","Little",NA,NA,"",NA,NA,"",0,0,0,0,0,0,"Male_adult",0,0,1,0,0,0,NA,"feed",0,0,0,1,0,0,0,0,"uuid:9324a6e6-b810-4972-aee1-dc70af3f4e2f","uuid:9324a6e6-b810-4972-aee1-dc70af3f4e2f/survey_grp/SECTION_Crop_Productivity/crop_repeat[2]","Arachide","33"
2,52,"Lemon trees","Citronniers",NA,"all_year",1,0,0,0,"plants","In total, how many Citronniers plants did you grow during the last 12 months?","Au total, quelle quantité de Citronniersavez-vous cultivé au cours des 12 dernier mois ?",40,3,"Plantes",-99,NA,-99,NA,NA,NA,"good_harvest",3,2,"Tonnes",1000,NA,1000,NA,NA,NA,0.075,0.08,NA,NA,NA,NA,"monoculture","Most",NA,"sell eat",1,0,0,0,0,0,1,NA,"Most","Most","","",NA,1500000,"total_income_per_year",NA,NA,"Male_Youth",0,0,0,0,1,0,"Male_Youth",0,0,0,0,1,0,NA,"feed",0,0,0,1,0,0,0,0,"uuid:07b20aed-87ea-4150-9f3b-80ee0601f271","uuid:07b20aed-87ea-4150-9f3b-80ee0601f271/survey_grp/SECTION_Crop_Productivity/crop_repeat[2]","Citronniers","165"
1,17,"Lemon Grass","Citronnelle",NA,"all_year",1,0,0,0,"plants","In total, how many Citronnelle plants did you grow during the last 12 months?","Au total, quelle quantité de Citronnelleavez-vous cultivé au cours des 12 dernier mois ?",100,3,"Plantes",-99,NA,-99,NA,NA,NA,"normal_harvest",200,9,"Unité (dizaine)",-99,NA,-99,NA,NA,NA,2,2,NA,NA,NA,NA,"monoculture","Most",NA,"sell",0,0,0,0,0,0,1,NA,"","","","",NA,25000,"price_per_unit",NA,NA,"no_answer",0,0,0,0,0,1,"",0,0,0,0,0,0,NA,"soil",0,0,0,0,0,0,0,1,"uuid:28a41229-94d9-4fd8-b4d0-608c38cec3c4","uuid:28a41229-94d9-4fd8-b4d0-608c38cec3c4/survey_grp/SECTION_Crop_Productivity/crop_repeat[1]","Citronnelle","ZFV14D"
1,37,"Millet","Mil",NA,"rain",0,0,0,1,"area","In total, how much land did you use for growing Mil during the last 12 months?","Au total, quelle superficie avez-vous utilisée pour Mil au cours des 12 dernier mois ?",1,2,"Hectares",1,NA,1,1,1,NA,"good_harvest",250,1,"Kg",1,NA,1,250,250,NA,250,250,250,250,NA,NA,"monoculture","Half",NA,"eat",1,0,0,0,0,0,0,NA,"","","","",NA,NA,"",NA,NA,"",0,0,0,0,0,0,"Female_adult",1,0,0,0,0,0,NA,"burn",1,0,0,0,0,0,0,0,"uuid:ad383e55-aca0-4630-b48a-ce7de1a93dc2","uuid:ad383e55-aca0-4630-b48a-ce7de1a93dc2/survey_grp/SECTION_Crop_Productivity/crop_repeat[1]","Mil","623"
1,37,"Millet","Mil",NA,"rain",0,0,0,1,"area","In total, how much land did you use for growing Mil during the last 12 months?","Au total, quelle superficie avez-vous utilisée pour Mil au cours des 12 dernier mois ?",2,2,"Hectares",1,NA,1,2,2,NA,"good_harvest",1000,1,"Kg",1,NA,1,1000,1000,NA,500,500,500,500,NA,NA,"monoculture","Most",NA,"eat save_seed",1,0,0,0,0,1,0,NA,"All","","","Little",NA,NA,"",NA,NA,"",0,0,0,0,0,0,"Male_adult",0,0,1,0,0,0,NA,"soil feed construction",0,0,1,1,0,0,0,1,"uuid:e191edc0-a4af-459c-a6ff-bfd4d37738cb","uuid:e191edc0-a4af-459c-a6ff-bfd4d37738cb/survey_grp/SECTION_Crop_Productivity/crop_repeat[1]","Mil","625"
2,36,"Peanut","Arachide",NA,"rain",0,0,0,1,"area","In total, how much land did you use for growing Arachide during the last 12 months?","Au total, quelle superficie avez-vous utilisée pour Arachide au cours des 12 dernier mois ?",1,2,"Hectares",1,NA,1,1,1,NA,"good_harvest",3500,1,"Kg",1,NA,1,3500,3500,NA,3500,3500,3500,3500,NA,NA,"monoculture","UnderHalf",NA,"eat sell save_seed",1,0,0,0,0,1,1,NA,"Most","UnderHalf","","Little",NA,175000,"total_income_per_year",NA,NA,"Male_adult",0,0,1,0,0,0,"Male_adult",0,0,1,0,0,0,NA,"feed",0,0,0,1,0,0,0,0,"uuid:e191edc0-a4af-459c-a6ff-bfd4d37738cb","uuid:e191edc0-a4af-459c-a6ff-bfd4d37738cb/survey_grp/SECTION_Crop_Productivity/crop_repeat[2]","Arachide","625"
1,37,"Millet","Mil",NA,"rain",0,0,0,1,"area","In total, how much land did you use for growing Mil during the last 12 months?","Au total, quelle superficie avez-vous utilisée pour Mil au cours des 12 dernier mois ?",3,2,"Hectares",1,NA,1,3,3,NA,"good_harvest",750,1,"Kg",1,NA,1,750,750,NA,250,250,250,250,NA,NA,"monoculture","Most",NA,"eat",1,0,0,0,0,0,0,NA,"","","","",NA,NA,"",NA,NA,"",0,0,0,0,0,0,"Male_adult",0,0,1,0,0,0,NA,"soil construction",0,0,1,0,0,0,0,1,"uuid:f688f5cc-e4a7-4a86-967f-e68fd2f34b61","uuid:f688f5cc-e4a7-4a86-967f-e68fd2f34b61/survey_grp/SECTION_Crop_Productivity/crop_repeat[1]","Mil","624"
1,37,"Millet","Mil",NA,"rain",0,0,0,1,"area","In total, how much land did you use for growing Mil during the last 12 months?","Au total, quelle superficie avez-vous utilisée pour Mil au cours des 12 dernier mois ?",1,2,"Hectares",1,NA,1,1,1,NA,"normal_harvest",250,1,"Kg",1,NA,1,250,250,NA,250,250,250,250,NA,NA,"monoculture","Half",NA,"eat",1,0,0,0,0,0,0,NA,"","","","",NA,NA,"",NA,NA,"",0,0,0,0,0,0,"Female_adult",1,0,0,0,0,0,NA,"soil",0,0,0,0,0,0,0,1,"uuid:30852675-d633-46a2-89e7-4d2a643763fa","uuid:30852675-d633-46a2-89e7-4d2a643763fa/survey_grp/SECTION_Crop_Productivity/crop_repeat[1]","Mil","620"
1,36,"Peanut","Arachide",NA,"rain",0,0,0,1,"area","In total, how much land did you use for growing Arachide during the last 12 months?","Au total, quelle superficie avez-vous utilisée pour Arachide au cours des 12 dernier mois ?",2,2,"Hectares",1,NA,1,2,2,NA,"normal_harvest",300,1,"Kg",1,NA,1,300,300,NA,150,150,150,150,NA,NA,"monoculture","UnderHalf",NA,"eat sell save_seed",1,0,0,0,0,1,1,NA,"UnderHalf","Half","","Little",NA,500000,"total_income_per_year",NA,NA,"Male_adult",0,0,1,0,0,0,"Male_adult",0,0,1,0,0,0,NA,"feed soil",0,0,0,1,0,0,0,1,"uuid:33e2a6fa-7908-454c-bb7b-eee9ef6f471a","uuid:33e2a6fa-7908-454c-bb7b-eee9ef6f471a/survey_grp/SECTION_Crop_Productivity/crop_repeat[1]","Arachide","235"
2,37,"Millet","Mil",NA,"rain",0,0,0,1,"area","In total, how much land did you use for growing Mil during the last 12 months?","Au total, quelle superficie avez-vous utilisée pour Mil au cours des 12 dernier mois ?",3,2,"Hectares",1,NA,1,3,3,NA,"good_harvest",8,8,"Sac de 50 Kg",50,NA,50,400,400,NA,2.6666666666666665,2.67,133.33333333333334,133.33,NA,NA,"monoculture","Most",NA,"eat feed_livestock",1,1,0,0,0,0,0,NA,"All","","Little","",NA,NA,"",NA,NA,"",0,0,0,0,0,0,"Male_adult",0,0,1,0,0,0,NA,"soil",0,0,0,0,0,0,0,1,"uuid:33e2a6fa-7908-454c-bb7b-eee9ef6f471a","uuid:33e2a6fa-7908-454c-bb7b-eee9ef6f471a/survey_grp/SECTION_Crop_Productivity/crop_repeat[2]","Mil","235"
1,37,"Millet","Mil",NA,"rain",0,0,0,1,"area","In total, how much land did you use for growing Mil during the last 12 months?","Au total, quelle superficie avez-vous utilisée pour Mil au cours des 12 dernier mois ?",1,2,"Hectares",1,NA,1,1,1,NA,"normal_harvest",700,1,"Kg",1,NA,1,700,700,NA,700,700,700,700,NA,NA,"monoculture","All",NA,"eat feed_livestock save_seed",1,1,0,0,0,1,0,NA,"All","","Little","Little",NA,NA,"",NA,NA,"",0,0,0,0,0,0,"Male_adult",0,0,1,0,0,0,NA,"construction feed soil",0,0,1,1,0,0,0,1,"uuid:feb8a2a6-c17b-4511-b738-2468377524cd","uuid:feb8a2a6-c17b-4511-b738-2468377524cd/survey_grp/SECTION_Crop_Productivity/crop_repeat[1]","Mil","6NZAK9"
1,36,"Peanut","Arachide",NA,"rain",0,0,0,1,"area","In total, how much land did you use for growing Arachide during the last 12 months?","Au total, quelle superficie avez-vous utilisée pour Arachide au cours des 12 dernier mois ?",1.5,2,"Hectares",1,NA,1,1.5,1.5,NA,"normal_harvest",1,2,"Tonnes",1000,NA,1000,1000,1000,NA,0.6666666666666666,0.67,666.6666666666666,666.67,NA,NA,"intercrop","Most",NA,"eat sell feed_livestock save_seed",1,1,0,0,0,1,1,NA,"Half","UnderHalf","no_answer","Little",NA,240000,"total_income_per_year",NA,NA,"Male_adult",0,0,1,0,0,0,"Male_adult",0,0,1,0,0,0,NA,"feed compost construction",0,1,1,1,0,0,0,0,"uuid:5d0743e7-1d7d-45bf-8b2f-efb51cfa5fd3","uuid:5d0743e7-1d7d-45bf-8b2f-efb51cfa5fd3/survey_grp/SECTION_Crop_Productivity/crop_repeat[1]","Arachide","246"
2,37,"Millet","Mil",NA,"rain",0,0,0,1,"area","In total, how much land did you use for growing Mil during the last 12 months?","Au total, quelle superficie avez-vous utilisée pour Mil au cours des 12 dernier mois ?",1,2,"Hectares",1,NA,1,1,1,NA,"normal_harvest",1.5,2,"Tonnes",1000,NA,1000,1500,1500,NA,1.5,1.5,1500,1500,NA,NA,"monoculture","None",NA,"eat feed_livestock save_seed",1,1,0,0,0,1,0,NA,"All","","Little","Little",NA,NA,"",NA,NA,"",0,0,0,0,0,0,"Male_adult",0,0,1,0,0,0,NA,"feed construction compost",0,1,1,1,0,0,0,0,"uuid:5d0743e7-1d7d-45bf-8b2f-efb51cfa5fd3","uuid:5d0743e7-1d7d-45bf-8b2f-efb51cfa5fd3/survey_grp/SECTION_Crop_Productivity/crop_repeat[2]","Mil","246"
1,37,"Millet","Mil",NA,"rain",0,0,0,1,"area","In total, how much land did you use for growing Mil during the last 12 months?","Au total, quelle superficie avez-vous utilisée pour Mil au cours des 12 dernier mois ?",2,2,"Hectares",1,NA,1,2,2,NA,"normal_harvest",700,1,"Kg",1,NA,1,700,700,NA,350,350,350,350,NA,NA,"monoculture","None",NA,"eat",1,0,0,0,0,0,0,NA,"","","","",NA,NA,"",NA,NA,"",0,0,0,0,0,0,"Male_adult",0,0,1,0,0,0,NA,"construction feed soil",0,0,1,1,0,0,0,1,"uuid:779f6443-260a-4d32-9697-f1260f5a2ad8","uuid:779f6443-260a-4d32-9697-f1260f5a2ad8/survey_grp/SECTION_Crop_Productivity/crop_repeat[1]","Mil","250"
1,36,"Peanut","Arachide",NA,"rain",0,0,0,1,"area","In total, how much land did you use for growing Arachide during the last 12 months?","Au total, quelle superficie avez-vous utilisée pour Arachide au cours des 12 dernier mois ?",1,2,"Hectares",1,NA,1,1,1,NA,"bad_harvest",200,1,"Kg",1,NA,1,200,200,NA,200,200,200,200,NA,NA,"monoculture","All",NA,"eat sell save_seed",1,0,0,0,0,1,1,NA,"Half","UnderHalf","","Little",NA,25000,"total_income_per_year",NA,NA,"Male_adult",0,0,1,0,0,0,"Male_adult",0,0,1,0,0,0,NA,"feed soil",0,0,0,1,0,0,0,1,"uuid:64fff025-2391-4548-9526-54ccae0c7045","uuid:64fff025-2391-4548-9526-54ccae0c7045/survey_grp/SECTION_Crop_Productivity/crop_repeat[1]","Arachide","602"
1,37,"Millet","Mil",NA,"rain",0,0,0,1,"area","In total, how much land did you use for growing Mil during the last 12 months?","Au total, quelle superficie avez-vous utilisée pour Mil au cours des 12 dernier mois ?",2,2,"Hectares",1,NA,1,2,2,NA,"good_harvest",5,2,"Tonnes",1000,NA,1000,5000,5000,NA,2.5,2.5,2500,2500,NA,NA,"monoculture","Half",NA,"eat",1,0,0,0,0,0,0,NA,"","","","",NA,NA,"",NA,NA,"",0,0,0,0,0,0,"Male_Youth",0,0,0,0,1,0,NA,"fuel compost",0,1,0,0,1,0,0,0,"uuid:938c2904-1b59-4c47-a072-804b292b71fe","uuid:938c2904-1b59-4c47-a072-804b292b71fe/survey_grp/SECTION_Crop_Productivity/crop_repeat[1]","Mil","511"
1,36,"Peanut","Arachide",NA,"rain",0,0,0,1,"area","In total, how much land did you use for growing Arachide during the last 12 months?","Au total, quelle superficie avez-vous utilisée pour Arachide au cours des 12 dernier mois ?",2,2,"Hectares",1,NA,1,2,2,NA,"normal_harvest",3,2,"Tonnes",1000,NA,1000,3000,3000,NA,1.5,1.5,1500,1500,NA,NA,"intercrop","Little",NA,"sell eat feed_livestock save_seed",1,1,0,0,0,1,1,NA,"Half","UnderHalf","Little","Little",NA,450000,"total_income_per_year",NA,NA,"no_answer",0,0,0,0,0,1,"Female_Youth",0,1,0,0,0,0,NA,"feed",0,0,0,1,0,0,0,0,"uuid:a0ed3753-af4c-4066-8a3b-63143fc903d3","uuid:a0ed3753-af4c-4066-8a3b-63143fc903d3/survey_grp/SECTION_Crop_Productivity/crop_repeat[1]","Arachide","78"
1,37,"Millet","Mil",NA,"rain",0,0,0,1,"area","In total, how much land did you use for growing Mil during the last 12 months?","Au total, quelle superficie avez-vous utilisée pour Mil au cours des 12 dernier mois ?",4,2,"Hectares",1,NA,1,4,4,NA,"normal_harvest",350,1,"Kg",1,NA,1,350,350,NA,87.5,87.5,87.5,87.5,NA,NA,"monoculture","Half",NA,"eat save_seed givetrade feed_livestock",1,1,1,0,0,1,0,NA,"Most","","Little","Little",NA,NA,"",NA,NA,"",0,0,0,0,0,0,"Male_adult",0,0,1,0,0,0,NA,"soil fuel feed compost construction",0,1,1,1,1,0,0,1,"uuid:da809f78-9003-4971-ba09-36b34770fb0d","uuid:da809f78-9003-4971-ba09-36b34770fb0d/survey_grp/SECTION_Crop_Productivity/crop_repeat[1]","Mil","506"
1,36,"Peanut","Arachide",NA,"rain",0,0,0,1,"area","In total, how much land did you use for growing Arachide during the last 12 months?","Au total, quelle superficie avez-vous utilisée pour Arachide au cours des 12 dernier mois ?",2,2,"Hectares",1,NA,1,2,2,NA,"normal_harvest",3,2,"Tonnes",1000,NA,1000,3000,3000,NA,1.5,1.5,1500,1500,NA,NA,"intercrop","Half",NA,"eat sell feed_livestock save_seed givetrade",1,1,1,0,0,1,1,NA,"Most","Half","Little","Little",NA,300000,"price_per_kg",NA,NA,"Female_adult",1,0,0,0,0,0,"Female_adult",1,0,0,0,0,0,NA,"soil feed compost construction sell",0,1,1,1,0,0,1,1,"uuid:cded225a-c979-4646-b6d3-4e804e3bf0ee","uuid:cded225a-c979-4646-b6d3-4e804e3bf0ee/survey_grp/SECTION_Crop_Productivity/crop_repeat[1]","Arachide","504"
1,97,"Other 1 : ${crops_other1}","Autre 1 : Pas de culture",NA,"rain",0,0,0,1,"area","In total, how much land did you use for growing Autre 1 : Pas de culture during the last 12 months?","Au total, quelle superficie avez-vous utilisée pour Autre 1 : Pas de culture au cours des 12 dernier mois ?",0,2,"Hectares",1,NA,1,0,0,NA,"no_answer",0,1,"Kg",1,NA,1,0,0,NA,NA,NA,NA,NA,NA,NA,"no_answer","no_answer",NA,"no_answer",0,0,0,1,0,0,0,NA,"","","","",NA,NA,"",NA,NA,"",0,0,0,0,0,0,"",0,0,0,0,0,0,NA,"no_answer",0,0,0,0,0,1,0,0,"uuid:ae619372-09d9-484d-8b6d-30c3bfec4eb1","uuid:ae619372-09d9-484d-8b6d-30c3bfec4eb1/survey_grp/SECTION_Crop_Productivity/crop_repeat[1]","Autre 1 : ${crops_other1}","505"
1,36,"Peanut","Arachide",NA,"rain",0,0,0,1,"area","In total, how much land did you use for growing Arachide during the last 12 months?","Au total, quelle superficie avez-vous utilisée pour Arachide au cours des 12 dernier mois ?",4,2,"Hectares",1,NA,1,4,4,NA,"normal_harvest",5,2,"Tonnes",1000,NA,1000,5000,5000,NA,1.25,1.25,1250,1250,NA,NA,"monoculture","Half",NA,"sell eat feed_livestock save_seed",1,1,0,0,0,1,1,NA,"UnderHalf","Most","UnderHalf","Little",NA,225000,"price_per_kg",NA,NA,"Male_Youth",0,0,0,0,1,0,"Male_Youth",0,0,0,0,1,0,NA,"soil fuel feed compost construction sell",0,1,1,1,1,0,1,1,"uuid:69eec3ee-5ea9-43f3-805b-b81f8aad955c","uuid:69eec3ee-5ea9-43f3-805b-b81f8aad955c/survey_grp/SECTION_Crop_Productivity/crop_repeat[1]","Arachide","77"
2,37,"Millet","Mil",NA,"rain",0,0,0,1,"area","In total, how much land did you use for growing Mil during the last 12 months?","Au total, quelle superficie avez-vous utilisée pour Mil au cours des 12 dernier mois ?",3,2,"Hectares",1,NA,1,3,3,NA,"normal_harvest",1.5,2,"Tonnes",1000,NA,1000,1500,1500,NA,0.5,0.5,500,500,NA,NA,"monoculture","UnderHalf",NA,"eat save_seed givetrade",1,0,1,0,0,1,0,NA,"Most","","","Most",NA,NA,"",NA,NA,"",0,0,0,0,0,0,"Male_Youth",0,0,0,0,1,0,NA,"soil fuel feed compost construction",0,1,1,1,1,0,0,1,"uuid:69eec3ee-5ea9-43f3-805b-b81f8aad955c","uuid:69eec3ee-5ea9-43f3-805b-b81f8aad955c/survey_grp/SECTION_Crop_Productivity/crop_repeat[2]","Mil","77"
3,1,"Maize","Maïs",NA,"rain",0,0,0,1,"area","In total, how much land did you use for growing Maïs during the last 12 months?","Au total, quelle superficie avez-vous utilisée pour Maïs au cours des 12 dernier mois ?",3,2,"Hectares",1,NA,1,3,3,NA,"normal_harvest",2,2,"Tonnes",1000,NA,1000,2000,2000,NA,0.6666666666666666,0.67,666.6666666666666,666.67,NA,NA,"monoculture","Half",NA,"eat save_seed feed_livestock",1,1,0,0,0,1,0,NA,"Most","","Little","Little",NA,NA,"",NA,NA,"",0,0,0,0,0,0,"Male_Youth",0,0,0,0,1,0,NA,"soil feed compost construction",0,1,1,1,0,0,0,1,"uuid:69eec3ee-5ea9-43f3-805b-b81f8aad955c","uuid:69eec3ee-5ea9-43f3-805b-b81f8aad955c/survey_grp/SECTION_Crop_Productivity/crop_repeat[3]","Maïs","77"
4,38,"Rice","Riz",NA,"rain",0,0,0,1,"area","In total, how much land did you use for growing Riz during the last 12 months?","Au total, quelle superficie avez-vous utilisée pour Riz au cours des 12 dernier mois ?",1,2,"Hectares",1,NA,1,1,1,NA,"normal_harvest",700,1,"Kg",1,NA,1,700,700,NA,700,700,700,700,NA,NA,"monoculture","UnderHalf",NA,"eat",1,0,0,0,0,0,0,NA,"","","","",NA,NA,"",NA,NA,"",0,0,0,0,0,0,"Male_Youth",0,0,0,0,1,0,NA,"soil feed compost construction",0,1,1,1,0,0,0,1,"uuid:69eec3ee-5ea9-43f3-805b-b81f8aad955c","uuid:69eec3ee-5ea9-43f3-805b-b81f8aad955c/survey_grp/SECTION_Crop_Productivity/crop_repeat[4]","Riz","77"
1,37,"Millet","Mil",NA,"rain",0,0,0,1,"area","In total, how much land did you use for growing Mil during the last 12 months?","Au total, quelle superficie avez-vous utilisée pour Mil au cours des 12 dernier mois ?",10,2,"Hectares",1,NA,1,10,10,NA,"good_harvest",2,2,"Tonnes",1000,NA,1000,2000,2000,NA,0.2,0.2,200,200,NA,NA,"monoculture","UnderHalf",NA,"eat sell feed_livestock save_seed",1,1,0,0,0,1,1,NA,"Half","UnderHalf","Little","UnderHalf",NA,150,"price_per_kg",NA,NA,"Male_Youth",0,0,0,0,1,0,"Male_Youth",0,0,0,0,1,0,NA,"feed",0,0,0,1,0,0,0,0,"uuid:c3ffd06a-af75-489a-8bb0-f24d08ae8261","uuid:c3ffd06a-af75-489a-8bb0-f24d08ae8261/survey_grp/SECTION_Crop_Productivity/crop_repeat[1]","Mil","79"
2,36,"Peanut","Arachide",NA,"rain",0,0,0,1,"area","In total, how much land did you use for growing Arachide during the last 12 months?","Au total, quelle superficie avez-vous utilisée pour Arachide au cours des 12 dernier mois ?",10,2,"Hectares",1,NA,1,10,10,NA,"good_harvest",2,2,"Tonnes",1000,NA,1000,2000,2000,NA,0.2,0.2,200,200,NA,NA,"intercrop","UnderHalf",NA,"save_seed sell feed_livestock eat",1,1,0,0,0,1,1,NA,"UnderHalf","UnderHalf","UnderHalf","UnderHalf",NA,150,"price_per_kg",NA,NA,"Male_Youth",0,0,0,0,1,0,"Male_Youth",0,0,0,0,1,0,NA,"feed",0,0,0,1,0,0,0,0,"uuid:c3ffd06a-af75-489a-8bb0-f24d08ae8261","uuid:c3ffd06a-af75-489a-8bb0-f24d08ae8261/survey_grp/SECTION_Crop_Productivity/crop_repeat[2]","Arachide","79"
1,1,"Maize","Maïs",NA,"rain",0,0,0,1,"area","In total, how much land did you use for growing Maïs during the last 12 months?","Au total, quelle superficie avez-vous utilisée pour Maïs au cours des 12 dernier mois ?",1,2,"Hectares",1,NA,1,1,1,NA,"normal_harvest",700,1,"Kg",1,NA,1,700,700,NA,700,700,700,700,NA,NA,"intercrop","Half",NA,"eat sell feed_livestock save_seed givetrade",1,1,1,0,0,1,1,NA,"Most","UnderHalf","Little","Little",NA,0,"price_per_kg",NA,NA,"Male_adult",0,0,1,0,0,0,"Male_adult Female_Youth",0,1,1,0,0,0,NA,"soil fuel feed compost construction",0,1,1,1,1,0,0,1,"uuid:57c6aabb-a0c4-48ec-a64e-1ad071ae043b","uuid:57c6aabb-a0c4-48ec-a64e-1ad071ae043b/survey_grp/SECTION_Crop_Productivity/crop_repeat[1]","Maïs","509"
2,37,"Millet","Mil",NA,"rain",0,0,0,1,"area","In total, how much land did you use for growing Mil during the last 12 months?","Au total, quelle superficie avez-vous utilisée pour Mil au cours des 12 dernier mois ?",1,2,"Hectares",1,NA,1,1,1,NA,"normal_harvest",2,2,"Tonnes",1000,NA,1000,2000,2000,NA,2,2,2000,2000,NA,NA,"monoculture","Half",NA,"eat sell feed_livestock save_seed givetrade",1,1,1,0,0,1,1,NA,"Most","UnderHalf","Little","Little",NA,0,"total_income_per_year",NA,NA,"Male_adult",0,0,1,0,0,0,"Male_adult Female_Youth",0,1,1,0,0,0,NA,"soil fuel feed compost construction sell",0,1,1,1,1,0,1,1,"uuid:57c6aabb-a0c4-48ec-a64e-1ad071ae043b","uuid:57c6aabb-a0c4-48ec-a64e-1ad071ae043b/survey_grp/SECTION_Crop_Productivity/crop_repeat[2]","Mil","509"
1,36,"Peanut","Arachide",NA,"rain",0,0,0,1,"area","In total, how much land did you use for growing Arachide during the last 12 months?","Au total, quelle superficie avez-vous utilisée pour Arachide au cours des 12 dernier mois ?",1.3,2,"Hectares",1,NA,1,1.3,1.3,NA,"normal_harvest",12,8,"Sac de 50 Kg",50,NA,50,600,600,NA,9.23076923076923,9.23,461.53846153846155,461.54,NA,NA,"intercrop","Most",NA,"eat sell save_seed feed_livestock",1,1,0,0,0,1,1,NA,"All","UnderHalf","Little","UnderHalf",NA,125000,"price_per_bag_100lb",NA,NA,"Male_adult Female_adult",1,0,1,0,0,0,"Male_adult Female_adult",1,0,1,0,0,0,NA,"feed",0,0,0,1,0,0,0,0,"uuid:d080c813-fa1f-4156-a9e5-225c1ddee891","uuid:d080c813-fa1f-4156-a9e5-225c1ddee891/survey_grp/SECTION_Crop_Productivity/crop_repeat[1]","Arachide","28"
2,37,"Millet","Mil",NA,"rain",0,0,0,1,"area","In total, how much land did you use for growing Mil during the last 12 months?","Au total, quelle superficie avez-vous utilisée pour Mil au cours des 12 dernier mois ?",1,2,"Hectares",1,NA,1,1,1,NA,"normal_harvest",8,8,"Sac de 50 Kg",50,NA,50,400,400,NA,8,8,400,400,NA,NA,"monoculture","Half",NA,"eat sell save_seed",1,0,0,0,0,1,1,NA,"Most","UnderHalf","","UnderHalf",NA,0,"total_income_per_year",NA,NA,"Male_adult Female_adult",1,0,1,0,0,0,"Male_adult Female_adult",1,0,1,0,0,0,NA,"feed construction",0,0,1,1,0,0,0,0,"uuid:d080c813-fa1f-4156-a9e5-225c1ddee891","uuid:d080c813-fa1f-4156-a9e5-225c1ddee891/survey_grp/SECTION_Crop_Productivity/crop_repeat[2]","Mil","28"
1,37,"Millet","Mil",NA,"rain",0,0,0,1,"area","In total, how much land did you use for growing Mil during the last 12 months?","Au total, quelle superficie avez-vous utilisée pour Mil au cours des 12 dernier mois ?",1,2,"Hectares",1,NA,1,1,1,NA,"normal_harvest",10,8,"Sac de 50 Kg",50,NA,50,500,500,NA,10,10,500,500,NA,NA,"monoculture","Half",NA,"eat save_seed feed_livestock",1,1,0,0,0,1,0,NA,"All","","Little","Little",NA,NA,"",NA,NA,"",0,0,0,0,0,0,"Male_adult",0,0,1,0,0,0,NA,"construction fuel",0,0,1,0,1,0,0,0,"uuid:7785acee-cf3d-4f1e-ae86-59d9c586589d","uuid:7785acee-cf3d-4f1e-ae86-59d9c586589d/survey_grp/SECTION_Crop_Productivity/crop_repeat[1]","Mil","30"
2,36,"Peanut","Arachide",NA,"rain",0,0,0,1,"area","In total, how much land did you use for growing Arachide during the last 12 months?","Au total, quelle superficie avez-vous utilisée pour Arachide au cours des 12 dernier mois ?",1,2,"Hectares",1,NA,1,1,1,NA,"bad_harvest",6,8,"Sac de 50 Kg",50,NA,50,300,300,NA,6,6,300,300,NA,NA,"monoculture","Half",NA,"eat sell save_seed",1,0,0,0,0,1,1,NA,"All","None","","Little",NA,0,"total_income_per_year",NA,NA,"Male_adult",0,0,1,0,0,0,"Male_adult",0,0,1,0,0,0,NA,"feed",0,0,0,1,0,0,0,0,"uuid:7785acee-cf3d-4f1e-ae86-59d9c586589d","uuid:7785acee-cf3d-4f1e-ae86-59d9c586589d/survey_grp/SECTION_Crop_Productivity/crop_repeat[2]","Arachide","30"
1,37,"Millet","Mil",NA,"rain",0,0,0,1,"area","In total, how much land did you use for growing Mil during the last 12 months?","Au total, quelle superficie avez-vous utilisée pour Mil au cours des 12 dernier mois ?",1,2,"Hectares",1,NA,1,1,1,NA,"normal_harvest",14,8,"Sac de 50 Kg",50,NA,50,700,700,NA,14,14,700,700,NA,NA,"monoculture","Half",NA,"eat save_seed",1,0,0,0,0,1,0,NA,"All","","","Little",NA,NA,"",NA,NA,"",0,0,0,0,0,0,"Male_adult",0,0,1,0,0,0,NA,"fuel construction feed",0,0,1,1,1,0,0,0,"uuid:dc32ada9-43b6-4ab8-af0e-c25bc0e5fd37","uuid:dc32ada9-43b6-4ab8-af0e-c25bc0e5fd37/survey_grp/SECTION_Crop_Productivity/crop_repeat[1]","Mil","29"
2,36,"Peanut","Arachide",NA,"rain",0,0,0,1,"area","In total, how much land did you use for growing Arachide during the last 12 months?","Au total, quelle superficie avez-vous utilisée pour Arachide au cours des 12 dernier mois ?",0.5,2,"Hectares",1,NA,1,0.5,0.5,NA,"normal_harvest",6,8,"Sac de 50 Kg",50,NA,50,300,300,NA,12,12,600,600,NA,NA,"monoculture","Half",NA,"eat save_seed",1,0,0,0,0,1,0,NA,"All","","","Little",NA,NA,"",NA,NA,"",0,0,0,0,0,0,"Male_adult",0,0,1,0,0,0,NA,"feed fuel",0,0,0,1,1,0,0,0,"uuid:dc32ada9-43b6-4ab8-af0e-c25bc0e5fd37","uuid:dc32ada9-43b6-4ab8-af0e-c25bc0e5fd37/survey_grp/SECTION_Crop_Productivity/crop_repeat[2]","Arachide","29"
1,36,"Peanut","Arachide",NA,"rain",0,0,0,1,"area","In total, how much land did you use for growing Arachide during the last 12 months?","Au total, quelle superficie avez-vous utilisée pour Arachide au cours des 12 dernier mois ?",1,2,"Hectares",1,NA,1,1,1,NA,"normal_harvest",8,8,"Sac de 50 Kg",50,NA,50,400,400,NA,8,8,400,400,NA,NA,"monoculture","Most",NA,"eat sell save_seed",1,0,0,0,0,1,1,NA,"Most","UnderHalf","","Little",NA,30000,"price_per_bag_100lb",NA,NA,"Male_adult",0,0,1,0,0,0,"Male_adult",0,0,1,0,0,0,NA,"feed fuel",0,0,0,1,1,0,0,0,"uuid:15f482e1-eed7-46c8-aa71-21ea02183452","uuid:15f482e1-eed7-46c8-aa71-21ea02183452/survey_grp/SECTION_Crop_Productivity/crop_repeat[1]","Arachide","26"
2,37,"Millet","Mil",NA,"rain",0,0,0,1,"area","In total, how much land did you use for growing Mil during the last 12 months?","Au total, quelle superficie avez-vous utilisée pour Mil au cours des 12 dernier mois ?",0.5,2,"Hectares",1,NA,1,0.5,0.5,NA,"normal_harvest",6,8,"Sac de 50 Kg",50,NA,50,300,300,NA,12,12,600,600,NA,NA,"monoculture","UnderHalf",NA,"eat",1,0,0,0,0,0,0,NA,"","","","",NA,NA,"",NA,NA,"",0,0,0,0,0,0,"Male_adult",0,0,1,0,0,0,NA,"feed fuel construction",0,0,1,1,1,0,0,0,"uuid:15f482e1-eed7-46c8-aa71-21ea02183452","uuid:15f482e1-eed7-46c8-aa71-21ea02183452/survey_grp/SECTION_Crop_Productivity/crop_repeat[2]","Mil","26"
1,37,"Millet","Mil",NA,"rain",0,0,0,1,"area","In total, how much land did you use for growing Mil during the last 12 months?","Au total, quelle superficie avez-vous utilisée pour Mil au cours des 12 dernier mois ?",2,2,"Hectares",1,NA,1,2,2,NA,"good_harvest",20,8,"Sac de 50 Kg",50,NA,50,1000,1000,NA,10,10,500,500,NA,NA,"monoculture","Most",NA,"eat save_seed feed_livestock",1,1,0,0,0,1,0,NA,"All","","Little","Little",NA,NA,"",NA,NA,"",0,0,0,0,0,0,"Male_adult",0,0,1,0,0,0,NA,"construction feed",0,0,1,1,0,0,0,0,"uuid:575a7c57-4226-4e05-9f9f-2a30eb88be16","uuid:575a7c57-4226-4e05-9f9f-2a30eb88be16/survey_grp/SECTION_Crop_Productivity/crop_repeat[1]","Mil","25"
1,1,"Maize","Maïs",NA,"rain",0,0,0,1,"area","In total, how much land did you use for growing Maïs during the last 12 months?","Au total, quelle superficie avez-vous utilisée pour Maïs au cours des 12 dernier mois ?",0.5,2,"Hectares",1,NA,1,0.5,0.5,NA,"bad_harvest",1,8,"Sac de 50 Kg",50,NA,50,50,50,NA,2,2,100,100,NA,NA,"intercrop","UnderHalf",NA,"eat save_seed",1,0,0,0,0,1,0,NA,"All","","","Little",NA,NA,"",NA,NA,"",0,0,0,0,0,0,"Male_adult",0,0,1,0,0,0,NA,"construction feed",0,0,1,1,0,0,0,0,"uuid:c867156a-a4ef-424e-8067-580b27296e2d","uuid:c867156a-a4ef-424e-8067-580b27296e2d/survey_grp/SECTION_Crop_Productivity/crop_repeat[1]","Maïs","42"
2,36,"Peanut","Arachide",NA,"rain",0,0,0,1,"area","In total, how much land did you use for growing Arachide during the last 12 months?","Au total, quelle superficie avez-vous utilisée pour Arachide au cours des 12 dernier mois ?",1,2,"Hectares",1,NA,1,1,1,NA,"good_harvest",20,8,"Sac de 50 Kg",50,NA,50,1000,1000,NA,20,20,1000,1000,NA,NA,"intercrop","Half",NA,"eat sell save_seed feed_livestock",1,1,0,0,0,1,1,NA,"Most","UnderHalf","Little","Little",NA,95000,"total_income_per_year",NA,NA,"Male_adult",0,0,1,0,0,0,"Male_adult",0,0,1,0,0,0,NA,"feed",0,0,0,1,0,0,0,0,"uuid:c867156a-a4ef-424e-8067-580b27296e2d","uuid:c867156a-a4ef-424e-8067-580b27296e2d/survey_grp/SECTION_Crop_Productivity/crop_repeat[2]","Arachide","42"
3,37,"Millet","Mil",NA,"rain",0,0,0,1,"area","In total, how much land did you use for growing Mil during the last 12 months?","Au total, quelle superficie avez-vous utilisée pour Mil au cours des 12 dernier mois ?",0.5,2,"Hectares",1,NA,1,0.5,0.5,NA,"normal_harvest",20,8,"Sac de 50 Kg",50,NA,50,1000,1000,NA,40,40,2000,2000,NA,NA,"monoculture","UnderHalf",NA,"eat save_seed",1,0,0,0,0,1,0,NA,"All","","","Little",NA,NA,"",NA,NA,"",0,0,0,0,0,0,"Male_adult",0,0,1,0,0,0,NA,"construction feed",0,0,1,1,0,0,0,0,"uuid:c867156a-a4ef-424e-8067-580b27296e2d","uuid:c867156a-a4ef-424e-8067-580b27296e2d/survey_grp/SECTION_Crop_Productivity/crop_repeat[3]","Mil","42"
1,36,"Peanut","Arachide",NA,"rain",0,0,0,1,"area","In total, how much land did you use for growing Arachide during the last 12 months?","Au total, quelle superficie avez-vous utilisée pour Arachide au cours des 12 dernier mois ?",1,2,"Hectares",1,NA,1,1,1,NA,"good_harvest",600,1,"Kg",1,NA,1,600,600,NA,600,600,600,600,NA,NA,"monoculture","Half",NA,"sell eat save_seed",1,0,0,0,0,1,1,NA,"Half","Half","","Little",NA,0,"price_per_kg",NA,NA,"Male_adult",0,0,1,0,0,0,"Male_adult",0,0,1,0,0,0,NA,"no_answer",0,0,0,0,0,1,0,0,"uuid:176b40e3-3aec-42c3-8bb4-c92fc765451c","uuid:176b40e3-3aec-42c3-8bb4-c92fc765451c/survey_grp/SECTION_Crop_Productivity/crop_repeat[1]","Arachide","TD3AZE"
2,37,"Millet","Mil",NA,"rain",0,0,0,1,"area","In total, how much land did you use for growing Mil during the last 12 months?","Au total, quelle superficie avez-vous utilisée pour Mil au cours des 12 dernier mois ?",1,2,"Hectares",1,NA,1,1,1,NA,"good_harvest",350,1,"Kg",1,NA,1,350,350,NA,350,350,350,350,NA,NA,"monoculture","Half",NA,"eat",1,0,0,0,0,0,0,NA,"","","","",NA,NA,"",NA,NA,"",0,0,0,0,0,0,"no_answer",0,0,0,0,0,1,NA,"no_answer",0,0,0,0,0,1,0,0,"uuid:176b40e3-3aec-42c3-8bb4-c92fc765451c","uuid:176b40e3-3aec-42c3-8bb4-c92fc765451c/survey_grp/SECTION_Crop_Productivity/crop_repeat[2]","Mil","TD3AZE"
1,36,"Peanut","Arachide",NA,"rain",0,0,0,1,"area","In total, how much land did you use for growing Arachide during the last 12 months?","Au total, quelle superficie avez-vous utilisée pour Arachide au cours des 12 dernier mois ?",1.5,2,"Hectares",1,NA,1,1.5,1.5,NA,"normal_harvest",1,2,"Tonnes",1000,NA,1000,1000,1000,NA,0.6666666666666666,0.67,666.6666666666666,666.67,NA,NA,"monoculture","Most",NA,"sell eat save_seed",1,0,0,0,0,1,1,NA,"UnderHalf","Most","","Little",NA,250000,"total_income_per_year",NA,NA,"Male_adult",0,0,1,0,0,0,"Male_adult Female_adult",1,0,1,0,0,0,NA,"feed sell",0,0,0,1,0,0,1,0,"uuid:cfb5f06d-924e-416b-9ffe-ad9cf7cf292c","uuid:cfb5f06d-924e-416b-9ffe-ad9cf7cf292c/survey_grp/SECTION_Crop_Productivity/crop_repeat[1]","Arachide","201"
2,37,"Millet","Mil",NA,"rain",0,0,0,1,"area","In total, how much land did you use for growing Mil during the last 12 months?","Au total, quelle superficie avez-vous utilisée pour Mil au cours des 12 dernier mois ?",0.5,2,"Hectares",1,NA,1,0.5,0.5,NA,"good_harvest",400,1,"Kg",1,NA,1,400,400,NA,800,800,800,800,NA,NA,"intercrop","Little",NA,"eat sell save_seed",1,0,0,0,0,1,1,NA,"Most","Little","","Little",NA,15000,"total_income_per_year",NA,NA,"Male_adult",0,0,1,0,0,0,"Male_adult Female_adult",1,0,1,0,0,0,NA,"soil burn feed compost construction",1,1,1,1,0,0,0,1,"uuid:cfb5f06d-924e-416b-9ffe-ad9cf7cf292c","uuid:cfb5f06d-924e-416b-9ffe-ad9cf7cf292c/survey_grp/SECTION_Crop_Productivity/crop_repeat[2]","Mil","201"
1,36,"Peanut","Arachide",NA,"rain",0,0,0,1,"area","In total, how much land did you use for growing Arachide during the last 12 months?","Au total, quelle superficie avez-vous utilisée pour Arachide au cours des 12 dernier mois ?",0.5,2,"Hectares",1,NA,1,0.5,0.5,NA,"normal_harvest",50,8,"Sac de 50 Kg",50,NA,50,2500,2500,NA,100,100,5000,5000,NA,NA,"intercrop","Half",NA,"eat sell feed_livestock",1,1,0,0,0,0,1,NA,"Little","Little","Little","",NA,150000,"price_per_kg",NA,NA,"Female_adult",1,0,0,0,0,0,"Female_adult",1,0,0,0,0,0,NA,"soil feed compost",0,1,0,1,0,0,0,1,"uuid:9788ef4c-a6a8-4a2d-96c8-35effbceec6c","uuid:9788ef4c-a6a8-4a2d-96c8-35effbceec6c/survey_grp/SECTION_Crop_Productivity/crop_repeat[1]","Arachide","215"
1,8,"Chilli Peppers","Poivrons",NA,"dry_cold dry_hot",0,1,1,0,"area","In total, how much land did you use for growing Poivrons during the last 12 months?","Au total, quelle superficie avez-vous utilisée pour Poivrons au cours des 12 dernier mois ?",5000,5,"Mètres carrés",1e-4,NA,1e-4,0.5,0.05,NA,"normal_harvest",300,1,"Kg",1,NA,1,300,300,NA,0.6,0.6,600,600,NA,NA,"intercrop","UnderHalf",NA,"eat sell",1,0,0,0,0,0,1,NA,"UnderHalf","Most","","",NA,175000,"total_income_per_year",NA,NA,"Female_adult",1,0,0,0,0,0,"Female_adult",1,0,0,0,0,0,NA,"soil",0,0,0,0,0,0,0,1,"uuid:57b68e53-17d3-407e-8c93-ff33e06665a1","uuid:57b68e53-17d3-407e-8c93-ff33e06665a1/survey_grp/SECTION_Crop_Productivity/crop_repeat[1]","Poivrons","Z3LBNP"
2,30,"Onion","Oignon",NA,"dry_cold dry_hot",0,1,1,0,"area","In total, how much land did you use for growing Oignon during the last 12 months?","Au total, quelle superficie avez-vous utilisée pour Oignon au cours des 12 dernier mois ?",1000,5,"Mètres carrés",1e-4,NA,1e-4,0.1,0.15,NA,"normal_harvest",2500,1,"Kg",1,NA,1,2500,2500,NA,1.6666666666666667,1.67,25000,25000,NA,NA,"intercrop","Half",NA,"eat sell",1,0,0,0,0,0,1,NA,"UnderHalf","Most","","",NA,400000,"total_income_per_year",NA,NA,"Female_adult",1,0,0,0,0,0,"Female_adult",1,0,0,0,0,0,NA,"soil feed compost",0,1,0,1,0,0,0,1,"uuid:57b68e53-17d3-407e-8c93-ff33e06665a1","uuid:57b68e53-17d3-407e-8c93-ff33e06665a1/survey_grp/SECTION_Crop_Productivity/crop_repeat[2]","Oignon","Z3LBNP"
1,30,"Onion","Oignon",NA,"dry_cold dry_hot",0,1,1,0,"area","In total, how much land did you use for growing Oignon during the last 12 months?","Au total, quelle superficie avez-vous utilisée pour Oignon au cours des 12 dernier mois ?",40,5,"Mètres carrés",1e-4,NA,1e-4,0.004,0.01,NA,"normal_harvest",100,1,"Kg",1,NA,1,100,100,NA,1.1111111111111112,1.11,25000,25000,NA,NA,"intercrop","Most",NA,"eat",1,0,0,0,0,0,0,NA,"","","","",NA,NA,"",NA,NA,"",0,0,0,0,0,0,"Male_adult Female_adult",1,0,1,0,0,0,NA,"soil compost",0,1,0,0,0,0,0,1,"uuid:77f17d4d-de67-4207-a034-9a25ecf31be8","uuid:77f17d4d-de67-4207-a034-9a25ecf31be8/survey_grp/SECTION_Crop_Productivity/crop_repeat[1]","Oignon","SYMVUS"
2,34,"Carrot","Carotte",NA,"dry_cold dry_hot",0,1,1,0,"area","In total, how much land did you use for growing Carotte during the last 12 months?","Au total, quelle superficie avez-vous utilisée pour Carotte au cours des 12 dernier mois ?",20,5,"Mètres carrés",1e-4,NA,1e-4,0.002,0.01,NA,"normal_harvest",60,1,"Kg",1,NA,1,60,60,NA,1,1,30000,30000,NA,NA,"intercrop","UnderHalf",NA,"eat",1,0,0,0,0,0,0,NA,"","","","",NA,NA,"",NA,NA,"",0,0,0,0,0,0,"Male_adult Female_adult",1,0,1,0,0,0,NA,"soil compost feed",0,1,0,1,0,0,0,1,"uuid:77f17d4d-de67-4207-a034-9a25ecf31be8","uuid:77f17d4d-de67-4207-a034-9a25ecf31be8/survey_grp/SECTION_Crop_Productivity/crop_repeat[2]","Carotte","SYMVUS"
1,34,"Carrot","Carotte",NA,"dry_hot dry_cold",0,1,1,0,"area","In total, how much land did you use for growing Carotte during the last 12 months?","Au total, quelle superficie avez-vous utilisée pour Carotte au cours des 12 dernier mois ?",50,5,"Mètres carrés",1e-4,NA,1e-4,0.005,0.01,NA,"normal_harvest",150,1,"Kg",1,NA,1,150,150,NA,2.142857142857143,2.14,30000,30000,NA,NA,"intercrop","Half",NA,"eat",1,0,0,0,0,0,0,NA,"","","","",NA,NA,"",NA,NA,"",0,0,0,0,0,0,"Male_adult Female_adult",1,0,1,0,0,0,NA,"feed",0,0,0,1,0,0,0,0,"uuid:90f7a55b-043d-4228-8189-c0c83532531d","uuid:90f7a55b-043d-4228-8189-c0c83532531d/survey_grp/SECTION_Crop_Productivity/crop_repeat[1]","Carotte","A5HAR1"
2,41,"Cabbage","Choux",NA,"dry_cold dry_hot",0,1,1,0,"area","In total, how much land did you use for growing Choux during the last 12 months?","Au total, quelle superficie avez-vous utilisée pour Choux au cours des 12 dernier mois ?",36,5,"Mètres carrés",1e-4,NA,1e-4,0.0036,0.01,NA,"normal_harvest",180,1,"Kg",1,NA,1,180,180,NA,2,2,50000,50000,NA,NA,"intercrop","Half",NA,"eat",1,0,0,0,0,0,0,NA,"","","","",NA,NA,"",NA,NA,"",0,0,0,0,0,0,"Male_adult Female_adult",1,0,1,0,0,0,NA,"feed",0,0,0,1,0,0,0,0,"uuid:90f7a55b-043d-4228-8189-c0c83532531d","uuid:90f7a55b-043d-4228-8189-c0c83532531d/survey_grp/SECTION_Crop_Productivity/crop_repeat[2]","Choux","A5HAR1"
1,49,"Tomatoes","Tomates",NA,"all_year",1,0,0,0,"area","In total, how much land did you use for growing Tomates during the last 12 months?","Au total, quelle superficie avez-vous utilisée pour Tomates au cours des 12 dernier mois ?",750,5,"Mètres carrés",1e-4,NA,1e-4,0.075,0.05,NA,"normal_harvest",45,8,"Sac de 50 Kg",50,NA,50,2250,2250,NA,0.09,0.09,30000,30000,NA,NA,"intercrop","UnderHalf",NA,"eat sell",1,0,0,0,0,0,1,NA,"UnderHalf","Most","","",NA,200000,"total_income_per_year",NA,NA,"Male_Youth",0,0,0,0,1,0,"Male_Youth Female_Youth",0,1,0,0,1,0,NA,"soil compost",0,1,0,0,0,0,0,1,"uuid:d0fc8c3a-4fcd-43dd-875c-85c4287f2044","uuid:d0fc8c3a-4fcd-43dd-875c-85c4287f2044/survey_grp/SECTION_Crop_Productivity/crop_repeat[1]","Tomates","2"
2,41,"Cabbage","Choux",NA,"dry_hot dry_cold",0,1,1,0,"area","In total, how much land did you use for growing Choux during the last 12 months?","Au total, quelle superficie avez-vous utilisée pour Choux au cours des 12 dernier mois ?",400,5,"Mètres carrés",1e-4,NA,1e-4,0.04,0.07,NA,"normal_harvest",40,8,"Sac de 50 Kg",50,NA,50,2000,2000,NA,0.05714285714285714,0.06,50000,50000,NA,NA,"intercrop","UnderHalf",NA,"eat sell feed_livestock",1,1,0,0,0,0,1,NA,"UnderHalf","Most","UnderHalf","",NA,400000,"total_income_per_year",NA,NA,"Male_Youth",0,0,0,0,1,0,"Male_Youth Female_Youth",0,1,0,0,1,0,NA,"compost",0,1,0,0,0,0,0,0,"uuid:d0fc8c3a-4fcd-43dd-875c-85c4287f2044","uuid:d0fc8c3a-4fcd-43dd-875c-85c4287f2044/survey_grp/SECTION_Crop_Productivity/crop_repeat[2]","Choux","2"
1,29,"Okra","Gombo",NA,"dry_cold dry_hot",0,1,1,0,"area","In total, how much land did you use for growing Gombo during the last 12 months?","Au total, quelle superficie avez-vous utilisée pour Gombo au cours des 12 dernier mois ?",125,5,"Mètres carrés",1e-4,NA,1e-4,0.0125,0.05,NA,"normal_harvest",10,7,"Sac de 25 kg",25,NA,25,250,250,NA,0.02,0.02,20000,20000,NA,NA,"intercrop","Half",NA,"eat sell",1,0,0,0,0,0,1,NA,"UnderHalf","Most","","",NA,120000,"total_income_per_year",NA,NA,"Male_adult",0,0,1,0,0,0,"Male_adult Female_Youth",0,1,1,0,0,0,NA,"compost",0,1,0,0,0,0,0,0,"uuid:eb0ac856-da6e-4ea8-8bc5-96314b9be4e4","uuid:eb0ac856-da6e-4ea8-8bc5-96314b9be4e4/survey_grp/SECTION_Crop_Productivity/crop_repeat[1]","Gombo","4"
2,27,"Sweet Eggplant","Aubergine douce",NA,"dry_cold dry_hot",0,1,1,0,"area","In total, how much land did you use for growing Aubergine douce during the last 12 months?","Au total, quelle superficie avez-vous utilisée pour Aubergine douce au cours des 12 dernier mois ?",150,5,"Mètres carrés",1e-4,NA,1e-4,0.015,0.06,NA,"normal_harvest",9,8,"Sac de 50 Kg",50,NA,50,450,450,NA,0.015,0.02,30000,30000,NA,NA,"intercrop","Half",NA,"eat sell",1,0,0,0,0,0,1,NA,"UnderHalf","Most","","",NA,80000,"total_income_per_year",NA,NA,"Male_adult",0,0,1,0,0,0,"Male_adult Female_Youth",0,1,1,0,0,0,NA,"feed compost",0,1,0,1,0,0,0,0,"uuid:eb0ac856-da6e-4ea8-8bc5-96314b9be4e4","uuid:eb0ac856-da6e-4ea8-8bc5-96314b9be4e4/survey_grp/SECTION_Crop_Productivity/crop_repeat[2]","Aubergine douce","4"
1,97,"Other 1 : ${crops_other1}","Autre 1 : Menthe (Nana)",NA,"dry_hot dry_cold",0,1,1,0,"area","In total, how much land did you use for growing Autre 1 : Menthe (Nana) during the last 12 months?","Au total, quelle superficie avez-vous utilisée pour Autre 1 : Menthe (Nana) au cours des 12 dernier mois ?",83.33,5,"Mètres carrés",1e-4,NA,1e-4,0.008333,0.03,NA,"bad_harvest",250,1,"Kg",1,NA,1,250,250,NA,0.8333333333333334,0.83,30001.20004800192,30001.2,NA,NA,"intercrop","Most",NA,"eat sell",1,0,0,0,0,0,1,NA,"UnderHalf","Most","","",NA,75000,"total_income_per_year",NA,NA,"Female_adult",1,0,0,0,0,0,"Male_adult Female_adult",1,0,1,0,0,0,NA,"compost",0,1,0,0,0,0,0,0,"uuid:3d7644b0-9817-42f2-b86b-5c85276594fb","uuid:3d7644b0-9817-42f2-b86b-5c85276594fb/survey_grp/SECTION_Crop_Productivity/crop_repeat[1]","Autre 1 : ${crops_other1}","3"
2,22,"Sweet Chili","Piment doux",NA,"dry_hot dry_cold",0,1,1,0,"area","In total, how much land did you use for growing Piment doux during the last 12 months?","Au total, quelle superficie avez-vous utilisée pour Piment doux au cours des 12 dernier mois ?",200,5,"Mètres carrés",1e-4,NA,1e-4,0.02,0.03,NA,"normal_harvest",300,1,"Kg",1,NA,1,300,300,NA,1.2,1.2,15000,15000,NA,NA,"intercrop","UnderHalf",NA,"eat sell",1,0,0,0,0,0,1,NA,"UnderHalf","Most","","",NA,120000,"total_income_per_year",NA,NA,"Female_adult",1,0,0,0,0,0,"Male_adult Female_adult",1,0,1,0,0,0,NA,"compost",0,1,0,0,0,0,0,0,"uuid:3d7644b0-9817-42f2-b86b-5c85276594fb","uuid:3d7644b0-9817-42f2-b86b-5c85276594fb/survey_grp/SECTION_Crop_Productivity/crop_repeat[2]","Piment doux","3"
1,30,"Onion","Oignon",NA,"all_year",1,0,0,0,"area","In total, how much land did you use for growing Oignon during the last 12 months?","Au total, quelle superficie avez-vous utilisée pour Oignon au cours des 12 dernier mois ?",700,5,"Mètres carrés",1e-4,NA,1e-4,0.07,0.2,NA,"normal_harvest",70,7,"Sac de 25 kg",25,NA,25,1750,1750,NA,0.035,0.04,24999.999999999996,25000,NA,NA,"intercrop","UnderHalf",NA,"eat sell",1,0,0,0,0,0,1,NA,"UnderHalf","Most","","",NA,500000,"total_income_per_year",NA,NA,"Male_adult",0,0,1,0,0,0,"Male_adult",0,0,1,0,0,0,NA,"compost feed",0,1,0,1,0,0,0,0,"uuid:711f4e24-0876-4935-b3b9-b58361b887c9","uuid:711f4e24-0876-4935-b3b9-b58361b887c9/survey_grp/SECTION_Crop_Productivity/crop_repeat[1]","Oignon","1"
2,31,"Potato","Pomme de terre",NA,"all_year",1,0,0,0,"area","In total, how much land did you use for growing Pomme de terre during the last 12 months?","Au total, quelle superficie avez-vous utilisée pour Pomme de terre au cours des 12 dernier mois ?",3333.33,5,"Mètres carrés",1e-4,NA,1e-4,0.333333,0.4,NA,"normal_harvest",200,8,"Sac de 50 Kg",50,NA,50,10000,10000,NA,0.05,0.05,30000.03000003,30000.03,NA,NA,"intercrop","UnderHalf",NA,"eat sell feed_livestock",1,1,0,0,0,0,1,NA,"UnderHalf","Most","UnderHalf","",NA,1200000,"total_income_per_year",NA,NA,"Male_adult",0,0,1,0,0,0,"Male_adult",0,0,1,0,0,0,NA,"feed compost",0,1,0,1,0,0,0,0,"uuid:711f4e24-0876-4935-b3b9-b58361b887c9","uuid:711f4e24-0876-4935-b3b9-b58361b887c9/survey_grp/SECTION_Crop_Productivity/crop_repeat[2]","Pomme de terre","1"
1,52,"Lemon trees","Citronniers",NA,"all_year",1,0,0,0,"area","In total, how much land did you use for growing Citronniers during the last 12 months?","Au total, quelle superficie avez-vous utilisée pour Citronniers au cours des 12 dernier mois ?",10000,5,"Mètres carrés",1e-4,NA,1e-4,1,0,NA,"normal_harvest",950,1,"Kg",1,NA,1,950,950,NA,950,950,950,950,NA,NA,"monoculture","UnderHalf",NA,"eat sell",1,0,0,0,0,0,1,NA,"UnderHalf","Most","","",NA,350000,"total_income_per_year",NA,NA,"Male_adult",0,0,1,0,0,0,"Male_adult Female_adult",1,0,1,0,0,0,NA,"soil",0,0,0,0,0,0,0,1,"uuid:a7386a3d-23ab-4ac1-86fd-24994bb43fa8","uuid:a7386a3d-23ab-4ac1-86fd-24994bb43fa8/survey_grp/SECTION_Crop_Productivity/crop_repeat[1]","Citronniers","11"
2,18,"Papaya","Papaye",NA,"all_year",1,0,0,0,"area","In total, how much land did you use for growing Papaye during the last 12 months?","Au total, quelle superficie avez-vous utilisée pour Papaye au cours des 12 dernier mois ?",200,5,"Mètres carrés",1e-4,NA,1e-4,0.02,0.07,NA,"normal_harvest",1,2,"Tonnes",1000,NA,1000,1000,1000,NA,0.0014285714285714286,0,50000,50000,NA,NA,"intercrop","UnderHalf",NA,"eat sell",1,0,0,0,0,0,1,NA,"UnderHalf","Most","","",NA,550000,"total_income_per_year",NA,NA,"Male_adult",0,0,1,0,0,0,"Female_adult Male_adult",1,0,1,0,0,0,NA,"soil compost",0,1,0,0,0,0,0,1,"uuid:a7386a3d-23ab-4ac1-86fd-24994bb43fa8","uuid:a7386a3d-23ab-4ac1-86fd-24994bb43fa8/survey_grp/SECTION_Crop_Productivity/crop_repeat[2]","Papaye","11"
1,37,"Millet","Mil",NA,"rain",0,0,0,1,"area","In total, how much land did you use for growing Mil during the last 12 months?","Au total, quelle superficie avez-vous utilisée pour Mil au cours des 12 dernier mois ?",577,5,"Mètres carrés",1e-4,NA,1e-4,0.0577,0.02,NA,"good_harvest",300,1,"Kg",1,NA,1,300,300,NA,2,2,5199.306759098787,5199.31,NA,NA,"monoculture","All",NA,"eat",1,0,0,0,0,0,0,NA,"","","","",NA,NA,"",NA,NA,"",0,0,0,0,0,0,"Male_adult",0,0,1,0,0,0,NA,"feed",0,0,0,1,0,0,0,0,"uuid:c4b02c84-5e7c-45f4-959b-b40d75f69bab","uuid:c4b02c84-5e7c-45f4-959b-b40d75f69bab/survey_grp/SECTION_Crop_Productivity/crop_repeat[1]","Mil","594"
1,49,"Tomatoes","Tomates",NA,"dry_cold dry_hot",0,1,1,0,"area","In total, how much land did you use for growing Tomates during the last 12 months?","Au total, quelle superficie avez-vous utilisée pour Tomates au cours des 12 dernier mois ?",133.33,5,"Mètres carrés",1e-4,NA,1e-4,0.013333000000000001,0.06,NA,"normal_harvest",400,1,"Kg",1,NA,1,400,400,NA,0.6666666666666666,0.67,30000.750018750467,30000.75,NA,NA,"intercrop","All",NA,"eat sell",1,0,0,0,0,0,1,NA,"Little","Most","","",NA,250000,"total_income_per_year",NA,NA,"Male_adult",0,0,1,0,0,0,"Male_adult Female_adult",1,0,1,0,0,0,NA,"soil compost",0,1,0,0,0,0,0,1,"uuid:1f12f3e0-e269-4581-8937-b05a73b5237f","uuid:1f12f3e0-e269-4581-8937-b05a73b5237f/survey_grp/SECTION_Crop_Productivity/crop_repeat[1]","Tomates","6"
1,1,"Maize","Maïs",NA,"rain",0,0,0,1,"area","In total, how much land did you use for growing Maïs during the last 12 months?","Au total, quelle superficie avez-vous utilisée pour Maïs au cours des 12 dernier mois ?",500,5,"Mètres carrés",1e-4,NA,1e-4,0.05,0.05,NA,"normal_harvest",300,1,"Kg",1,NA,1,3,3,NA,0.006,0.01,60,60,NA,NA,"monoculture","All",NA,"eat save_seed",1,0,0,0,0,1,0,NA,"All","","","UnderHalf",NA,NA,"",NA,NA,"",0,0,0,0,0,0,"no_answer",0,0,0,0,0,1,NA,"feed",0,0,0,1,0,0,0,0,"uuid:2b80e6e7-cf79-4689-afec-c879e4d78c03","uuid:2b80e6e7-cf79-4689-afec-c879e4d78c03/survey_grp/SECTION_Crop_Productivity/crop_repeat[1]","Maïs","100"
1,8,"Chilli Peppers","Poivrons",NA,"dry_cold dry_hot",0,1,1,0,"area","In total, how much land did you use for growing Poivrons during the last 12 months?","Au total, quelle superficie avez-vous utilisée pour Poivrons au cours des 12 dernier mois ?",167,5,"Mètres carrés",1e-4,NA,1e-4,0.0167,0.03,NA,"good_harvest",500,1,"Kg",1,NA,1,500,500,NA,2,2,29940.119760479043,29940.12,NA,NA,"intercrop","Most",NA,"eat sell",1,0,0,0,0,0,1,NA,"Little","All","","",NA,350000,"total_income_per_year",NA,NA,"Female_Youth",0,1,0,0,0,0,"Female_Youth",0,1,0,0,0,0,NA,"soil compost",0,1,0,0,0,0,0,1,"uuid:d6a446cb-4359-4096-b352-9e9d57e058a6","uuid:d6a446cb-4359-4096-b352-9e9d57e058a6/survey_grp/SECTION_Crop_Productivity/crop_repeat[1]","Poivrons","16"
1,27,"Sweet Eggplant","Aubergine douce",NA,"all_year",1,0,0,0,"area","In total, how much land did you use for growing Aubergine douce during the last 12 months?","Au total, quelle superficie avez-vous utilisée pour Aubergine douce au cours des 12 dernier mois ?",167,5,"Mètres carrés",1e-4,NA,1e-4,0.0167,0.1,NA,"normal_harvest",500,1,"Kg",1,NA,1,500,500,NA,0.5,0.5,29940.119760479043,29940.12,NA,NA,"intercrop","Half",NA,"eat sell",1,0,0,0,0,0,1,NA,"Half","Most","","",NA,60000,"total_income_per_year",NA,NA,"Male_adult",0,0,1,0,0,0,"Male_adult Female_adult",1,0,1,0,0,0,NA,"soil compost feed",0,1,0,1,0,0,0,1,"uuid:44a21cf7-4190-4fa9-9b58-031d980f85d0","uuid:44a21cf7-4190-4fa9-9b58-031d980f85d0/survey_grp/SECTION_Crop_Productivity/crop_repeat[1]","Aubergine douce","15"
2,8,"Chilli Peppers","Poivrons",NA,"all_year",1,0,0,0,"area","In total, how much land did you use for growing Poivrons during the last 12 months?","Au total, quelle superficie avez-vous utilisée pour Poivrons au cours des 12 dernier mois ?",100,5,"Mètres carrés",1e-4,NA,1e-4,0.01,0.07,NA,"normal_harvest",300,1,"Kg",1,NA,1,300,300,NA,0.42857142857142855,0.43,30000,30000,NA,NA,"no_answer","Half",NA,"eat sell",1,0,0,0,0,0,1,NA,"Half","Most","","",NA,90000,"total_income_per_year",NA,NA,"Male_adult",0,0,1,0,0,0,"Male_adult Female_adult",1,0,1,0,0,0,NA,"soil compost",0,1,0,0,0,0,0,1,"uuid:44a21cf7-4190-4fa9-9b58-031d980f85d0","uuid:44a21cf7-4190-4fa9-9b58-031d980f85d0/survey_grp/SECTION_Crop_Productivity/crop_repeat[2]","Poivrons","15"
1,27,"Sweet Eggplant","Aubergine douce",NA,"all_year",1,0,0,0,"area","In total, how much land did you use for growing Aubergine douce during the last 12 months?","Au total, quelle superficie avez-vous utilisée pour Aubergine douce au cours des 12 dernier mois ?",267,5,"Mètres carrés",1e-4,NA,1e-4,0.0267,0.06,NA,"normal_harvest",800,1,"Kg",1,NA,1,800,800,NA,1.3333333333333333,1.33,29962.5468164794,29962.55,NA,NA,"intercrop","UnderHalf",NA,"eat sell",1,0,0,0,0,0,1,NA,"UnderHalf","Most","","",NA,60000,"total_income_per_year",NA,NA,"Male_adult",0,0,1,0,0,0,"Male_adult",0,0,1,0,0,0,NA,"soil feed compost",0,1,0,1,0,0,0,1,"uuid:9441db9d-46fe-414c-9cda-727a37a81b16","uuid:9441db9d-46fe-414c-9cda-727a37a81b16/survey_grp/SECTION_Crop_Productivity/crop_repeat[1]","Aubergine douce","9"
2,30,"Onion","Oignon",NA,"all_year",1,0,0,0,"area","In total, how much land did you use for growing Oignon during the last 12 months?","Au total, quelle superficie avez-vous utilisée pour Oignon au cours des 12 dernier mois ?",400,5,"Mètres carrés",1e-4,NA,1e-4,0.04,0.08,NA,"normal_harvest",1000,1,"Kg",1,NA,1,1000,1000,NA,1.25,1.25,25000,25000,NA,NA,"intercrop","Half",NA,"eat sell",1,0,0,0,0,0,1,NA,"UnderHalf","Most","","",NA,200000,"total_income_per_year",NA,NA,"Male_adult",0,0,1,0,0,0,"Male_adult",0,0,1,0,0,0,NA,"soil feed compost",0,1,0,1,0,0,0,1,"uuid:9441db9d-46fe-414c-9cda-727a37a81b16","uuid:9441db9d-46fe-414c-9cda-727a37a81b16/survey_grp/SECTION_Crop_Productivity/crop_repeat[2]","Oignon","9"
1,49,"Tomatoes","Tomates",NA,"all_year",1,0,0,0,"area","In total, how much land did you use for growing Tomates during the last 12 months?","Au total, quelle superficie avez-vous utilisée pour Tomates au cours des 12 dernier mois ?",200,5,"Mètres carrés",1e-4,NA,1e-4,0.02,0.03,NA,"normal_harvest",600,1,"Kg",1,NA,1,600,600,NA,2,2,30000,30000,NA,NA,"intercrop","Half",NA,"eat sell",1,0,0,0,0,0,1,NA,"UnderHalf","Most","","",NA,90000,"total_income_per_year",NA,NA,"Male_adult",0,0,1,0,0,0,"Male_adult Female_adult",1,0,1,0,0,0,NA,"soil compost",0,1,0,0,0,0,0,1,"uuid:d3c9298b-153b-42b7-8295-ac8bd0877dd3","uuid:d3c9298b-153b-42b7-8295-ac8bd0877dd3/survey_grp/SECTION_Crop_Productivity/crop_repeat[1]","Tomates","7"
2,22,"Sweet Chili","Piment doux",NA,"all_year",1,0,0,0,"area","In total, how much land did you use for growing Piment doux during the last 12 months?","Au total, quelle superficie avez-vous utilisée pour Piment doux au cours des 12 dernier mois ?",667,5,"Mètres carrés",1e-4,NA,1e-4,0.0667,0.08,NA,"normal_harvest",1000,1,"Kg",1,NA,1,1000,1000,NA,1.25,1.25,14992.503748125939,14992.5,NA,NA,"intercrop","UnderHalf",NA,"eat sell",1,0,0,0,0,0,1,NA,"UnderHalf","Most","","",NA,250000,"total_income_per_year",NA,NA,"Male_adult",0,0,1,0,0,0,"Male_adult",0,0,1,0,0,0,NA,"soil",0,0,0,0,0,0,0,1,"uuid:d3c9298b-153b-42b7-8295-ac8bd0877dd3","uuid:d3c9298b-153b-42b7-8295-ac8bd0877dd3/survey_grp/SECTION_Crop_Productivity/crop_repeat[2]","Piment doux","7"
1,52,"Lemon trees","Citronniers",NA,"all_year",1,0,0,0,"area","In total, how much land did you use for growing Citronniers during the last 12 months?","Au total, quelle superficie avez-vous utilisée pour Citronniers au cours des 12 dernier mois ?",333.33,5,"Mètres carrés",1e-4,NA,1e-4,0.033333,0.05,NA,"normal_harvest",10,8,"Sac de 50 Kg",50,NA,50,500,500,NA,0.02,0.02,15000.150001500015,15000.15,NA,NA,"intercrop","UnderHalf",NA,"eat sell",1,0,0,0,0,0,1,NA,"UnderHalf","Most","","",NA,36000,"total_income_per_year",NA,NA,"Male_adult",0,0,1,0,0,0,"Male_adult Female_adult",1,0,1,0,0,0,NA,"soil feed compost",0,1,0,1,0,0,0,1,"uuid:2d210dd4-d27b-46af-a690-8196fe057f78","uuid:2d210dd4-d27b-46af-a690-8196fe057f78/survey_grp/SECTION_Crop_Productivity/crop_repeat[1]","Citronniers","10"
2,29,"Okra","Gombo",NA,"all_year",1,0,0,0,"area","In total, how much land did you use for growing Gombo during the last 12 months?","Au total, quelle superficie avez-vous utilisée pour Gombo au cours des 12 dernier mois ?",450,5,"Mètres carrés",1e-4,NA,1e-4,0.045,0.07,NA,"normal_harvest",900,1,"Kg",1,NA,1,900,900,NA,1.2857142857142858,1.29,20000,20000,NA,NA,"intercrop","UnderHalf",NA,"eat sell",1,0,0,0,0,0,1,NA,"UnderHalf","Most","","",NA,90000,"total_income_per_year",NA,NA,"Male_adult",0,0,1,0,0,0,"Male_adult Female_adult",1,0,1,0,0,0,NA,"soil compost",0,1,0,0,0,0,0,1,"uuid:2d210dd4-d27b-46af-a690-8196fe057f78","uuid:2d210dd4-d27b-46af-a690-8196fe057f78/survey_grp/SECTION_Crop_Productivity/crop_repeat[2]","Gombo","10"
1,36,"Peanut","Arachide",NA,"all_year",1,0,0,0,"area","In total, how much land did you use for growing Arachide during the last 12 months?","Au total, quelle superficie avez-vous utilisée pour Arachide au cours des 12 dernier mois ?",6000,5,"Mètres carrés",1e-4,NA,1e-4,0.6,0.06,NA,"normal_harvest",510,1,"Kg",1,NA,1,510,510,NA,1.1666666666666667,1.17,850,850,NA,NA,"intercrop","Half",NA,"eat sell feed_livestock save_seed",1,1,0,0,0,1,1,NA,"Half","Little","UnderHalf","Little",NA,115000,"total_income_per_year",NA,NA,"Male_adult",0,0,1,0,0,0,"Male_adult",0,0,1,0,0,0,NA,"feed soil compost",0,1,0,1,0,0,0,1,"uuid:ef194708-ff47-45a1-9123-a7bf3f369386","uuid:ef194708-ff47-45a1-9123-a7bf3f369386/survey_grp/SECTION_Crop_Productivity/crop_repeat[1]","Arachide","YEBCEN"
2,37,"Millet","Mil",NA,"rain",0,0,0,1,"area","In total, how much land did you use for growing Mil during the last 12 months?","Au total, quelle superficie avez-vous utilisée pour Mil au cours des 12 dernier mois ?",1730.76,5,"Mètres carrés",1e-4,NA,1e-4,0.173076,0.16,NA,"normal_harvest",18,8,"Sac de 50 Kg",50,NA,50,900,900,NA,0.01125,0.01,5200.027733481245,5200.03,NA,NA,"monoculture","Most",NA,"eat feed_livestock save_seed",1,1,0,0,0,1,0,NA,"Most","","UnderHalf","Little",NA,NA,"",NA,NA,"",0,0,0,0,0,0,"Male_adult Female_adult",1,0,1,0,0,0,NA,"soil feed construction",0,0,1,1,0,0,0,1,"uuid:ef194708-ff47-45a1-9123-a7bf3f369386","uuid:ef194708-ff47-45a1-9123-a7bf3f369386/survey_grp/SECTION_Crop_Productivity/crop_repeat[2]","Mil","YEBCEN"
1,36,"Peanut","Arachide",NA,"rain",0,0,0,1,"area","In total, how much land did you use for growing Arachide during the last 12 months?","Au total, quelle superficie avez-vous utilisée pour Arachide au cours des 12 dernier mois ?",9090.9,5,"Mètres carrés",1e-4,NA,1e-4,0.90909,0,NA,"normal_harvest",772,1,"Kg",1,NA,1,772,772,NA,1000,1000,849.2008492008492,849.2,NA,NA,"intercrop","All",NA,"eat sell feed_livestock save_seed",1,1,0,0,0,1,1,NA,"Half","Half","UnderHalf","Little",NA,200000,"total_income_per_year",NA,NA,"Male_adult",0,0,1,0,0,0,"Male_adult Female_adult",1,0,1,0,0,0,NA,"compost feed soil",0,1,0,1,0,0,0,1,"uuid:0bb20363-7398-44cf-8fec-ed5cb7fb86f8","uuid:0bb20363-7398-44cf-8fec-ed5cb7fb86f8/survey_grp/SECTION_Crop_Productivity/crop_repeat[1]","Arachide","OCGA32"
1,54,"Bissap","Bissap",NA,"rain",0,0,0,1,"area","In total, how much land did you use for growing Bissap during the last 12 months?","Au total, quelle superficie avez-vous utilisée pour Bissap au cours des 12 dernier mois ?",666.66,5,"Mètres carrés",1e-4,NA,1e-4,0.066666,0.05,NA,"good_harvest",100,1,"Kg",1,NA,1,100,100,NA,0.2,0.2,1500.0150001500015,1500.02,NA,NA,"monoculture","All",NA,"sell",0,0,0,0,0,0,1,NA,"","","","",NA,0,"price_per_kg",NA,NA,"Female_Youth",0,1,0,0,0,0,"",0,0,0,0,0,0,NA,"burn",1,0,0,0,0,0,0,0,"uuid:40810bbe-a3e0-428e-9251-41d3225fed47","uuid:40810bbe-a3e0-428e-9251-41d3225fed47/survey_grp/SECTION_Crop_Productivity/crop_repeat[1]","Bissap","OKP10G"
1,27,"Sweet Eggplant","Aubergine douce",NA,"dry_hot",0,0,1,0,"area","In total, how much land did you use for growing Aubergine douce during the last 12 months?","Au total, quelle superficie avez-vous utilisée pour Aubergine douce au cours des 12 dernier mois ?",566.66,5,"Mètres carrés",1e-4,NA,1e-4,0.056665999999999994,0.05,NA,"good_harvest",1500,1,"Kg",1,NA,1,1500,1500,NA,0,0,26470.899657643033,26470.9,NA,NA,"monoculture","All",NA,"sell",0,0,0,0,0,0,1,NA,"","","","",NA,0,"total_income_per_year",NA,NA,"no_answer",0,0,0,0,0,1,"",0,0,0,0,0,0,NA,"no_answer",0,0,0,0,0,1,0,0,"uuid:cdcb3b8f-4730-4f02-9540-e23fda56f563","uuid:cdcb3b8f-4730-4f02-9540-e23fda56f563/survey_grp/SECTION_Crop_Productivity/crop_repeat[1]","Aubergine douce","TZMP1N"
1,1,"Maize","Maïs",NA,"rain",0,0,0,1,"area","In total, how much land did you use for growing Maïs during the last 12 months?","Au total, quelle superficie avez-vous utilisée pour Maïs au cours des 12 dernier mois ?",2515.38,5,"Mètres carrés",1e-4,NA,1e-4,0.251538,0.05,NA,"normal_harvest",1700,1,"Kg",1,NA,1,1700,1700,NA,3.4,3.4,6758.422186707377,6758.42,NA,NA,"monoculture","UnderHalf",NA,"eat feed_livestock",1,1,0,0,0,0,0,NA,"Most","","Little","",NA,NA,"",NA,NA,"",0,0,0,0,0,0,"Male_adult",0,0,1,0,0,0,NA,"feed",0,0,0,1,0,0,0,0,"uuid:3b9ea81a-91d4-4c80-988c-63162c3ac129","uuid:3b9ea81a-91d4-4c80-988c-63162c3ac129/survey_grp/SECTION_Crop_Productivity/crop_repeat[1]","Maïs","QERJYC"
2,49,"Tomatoes","Tomates",NA,"dry_hot dry_cold",0,1,1,0,"area","In total, how much land did you use for growing Tomates during the last 12 months?","Au total, quelle superficie avez-vous utilisée pour Tomates au cours des 12 dernier mois ?",1333.33,5,"Mètres carrés",1e-4,NA,1e-4,0.13333299999999998,0.1,NA,"good_harvest",600,1,"Kg",1,NA,1,600,600,NA,0.6,0.6,4500.011250028126,4500.01,NA,NA,"intercrop","Little",NA,"sell eat",1,0,0,0,0,0,1,NA,"UnderHalf","Half","","",NA,350000,"price_per_kg",NA,NA,"Male_adult",0,0,1,0,0,0,"Male_adult",0,0,1,0,0,0,NA,"burn",1,0,0,0,0,0,0,0,"uuid:d907d35c-cf7c-45c1-9833-8ae54d3a5d17","uuid:d907d35c-cf7c-45c1-9833-8ae54d3a5d17/survey_grp/SECTION_Crop_Productivity/crop_repeat[2]","Tomates","254"
1,30,"Onion","Oignon",NA,"dry_cold",0,1,0,0,"area","In total, how much land did you use for growing Oignon during the last 12 months?","Au total, quelle superficie avez-vous utilisée pour Oignon au cours des 12 dernier mois ?",1600,5,"Mètres carrés",1e-4,NA,1e-4,0.16,0.1,NA,"normal_harvest",4000,1,"Kg",1,NA,1,4000,4000,NA,4,4,25000,25000,NA,NA,"monoculture","UnderHalf",NA,"eat sell",1,0,0,0,0,0,1,NA,"Little","Half","","",NA,1100000,"total_income_per_year",NA,NA,"Male_adult",0,0,1,0,0,0,"Male_adult Female_Youth",0,1,1,0,0,0,NA,"compost",0,1,0,0,0,0,0,0,"uuid:6cf16bc8-a8c2-438c-856f-4a001e9811d8","uuid:6cf16bc8-a8c2-438c-856f-4a001e9811d8/survey_grp/SECTION_Crop_Productivity/crop_repeat[1]","Oignon","23"
3,53,"Cowpea","Niébé",NA,"rain",0,0,0,1,"area","In total, how much land did you use for growing Niébé during the last 12 months?","Au total, quelle superficie avez-vous utilisée pour Niébé au cours des 12 dernier mois ?",3.33,5,"Mètres carrés",1e-4,NA,1e-4,3.33e-4,0.03,NA,"normal_harvest",5,1,"Kg",1,NA,1,5,5,NA,0.016666666666666666,0.02,15015.015015015015,15015.02,NA,NA,"intercrop","UnderHalf",NA,"eat save_seed",1,0,0,0,0,1,0,NA,"Most","","","Little",NA,NA,"",NA,NA,"",0,0,0,0,0,0,"Male_adult Female_adult",1,0,1,0,0,0,NA,"soil feed",0,0,0,1,0,0,0,1,"uuid:cd264ab4-db66-4444-ba2c-5bedad70ebc7","uuid:cd264ab4-db66-4444-ba2c-5bedad70ebc7/survey_grp/SECTION_Crop_Productivity/crop_repeat[3]","Niébé","64"
1,36,"Peanut","Arachide",NA,"rain",0,0,0,1,"area","In total, how much land did you use for growing Arachide during the last 12 months?","Au total, quelle superficie avez-vous utilisée pour Arachide au cours des 12 dernier mois ?",3200,5,"Mètres carrés",1e-4,NA,1e-4,0.32,0,NA,"normal_harvest",272,1,"Kg",1,NA,1,272,272,NA,26.666666666666668,26.67,850,850,NA,NA,"monoculture","Most",NA,"save_seed sell feed_livestock eat",1,1,0,0,0,1,1,NA,"UnderHalf","UnderHalf","Little","Little",NA,75000,"total_income_per_year",NA,NA,"Female_Youth",0,1,0,0,0,0,"Female_Youth",0,1,0,0,0,0,NA,"feed",0,0,0,1,0,0,0,0,"uuid:20250782-cf22-4869-b243-2b8da7cf4ac8","uuid:20250782-cf22-4869-b243-2b8da7cf4ac8/survey_grp/SECTION_Crop_Productivity/crop_repeat[1]","Arachide","147"
1,30,"Onion","Oignon",NA,"dry_cold",0,1,0,0,"area","In total, how much land did you use for growing Oignon during the last 12 months?","Au total, quelle superficie avez-vous utilisée pour Oignon au cours des 12 dernier mois ?",1800,5,"Mètres carrés",1e-4,NA,1e-4,0.18,0.08,NA,"normal_harvest",4500,1,"Kg",1,NA,1,4500,4500,NA,5.625,5.63,25000,25000,NA,NA,"monoculture","Half",NA,"sell eat",1,0,0,0,0,0,1,NA,"Little","Half","","",NA,950000,"total_income_per_year",NA,NA,"Male_adult",0,0,1,0,0,0,"Female_Youth Male_adult",0,1,1,0,0,0,NA,"compost soil",0,1,0,0,0,0,0,1,"uuid:e669b858-b13f-457c-9f73-809aeb7c591f","uuid:e669b858-b13f-457c-9f73-809aeb7c591f/survey_grp/SECTION_Crop_Productivity/crop_repeat[1]","Oignon","24"
1,18,"Papaya","Papaye",NA,"all_year",1,0,0,0,"area","In total, how much land did you use for growing Papaye during the last 12 months?","Au total, quelle superficie avez-vous utilisée pour Papaye au cours des 12 dernier mois ?",200,5,"Mètres carrés",1e-4,NA,1e-4,0.02,0.02,NA,"normal_harvest",1000,1,"Kg",1,NA,1,1000,1000,NA,6.666666666666667,6.67,50000,50000,NA,NA,"no_answer","UnderHalf",NA,"sell eat givetrade",1,0,1,0,0,0,1,NA,"UnderHalf","UnderHalf","","",NA,500000,"total_income_per_year",NA,NA,"Male_adult Male_Youth Female_adult",1,0,1,0,1,0,"Female_adult Male_Youth Male_adult",1,0,1,0,1,0,NA,"no_answer",0,0,0,0,0,1,0,0,"uuid:94b2fb26-d89c-42c0-a7b4-966025e55a6a","uuid:94b2fb26-d89c-42c0-a7b4-966025e55a6a/survey_grp/SECTION_Crop_Productivity/crop_repeat[1]","Papaye","13"
1,36,"Peanut","Arachide",NA,"rain",0,0,0,1,"area","In total, how much land did you use for growing Arachide during the last 12 months?","Au total, quelle superficie avez-vous utilisée pour Arachide au cours des 12 dernier mois ?",2500,5,"Mètres carrés",1e-4,NA,1e-4,0.25,0.25,NA,"bad_harvest",212,1,"Kg",1,NA,1,212,212,NA,0,0,848,848,NA,NA,"intercrop","Half",NA,"no_harvest",0,0,0,0,1,0,0,NA,"","","","",NA,NA,"",NA,NA,"",0,0,0,0,0,0,"",0,0,0,0,0,0,NA,"",0,0,0,0,0,0,0,0,"uuid:434ffdae-4523-4b33-a5c0-8d73a5f05352","uuid:434ffdae-4523-4b33-a5c0-8d73a5f05352/survey_grp/SECTION_Crop_Productivity/crop_repeat[1]","Arachide","581"
2,37,"Millet","Mil",NA,"rain",0,0,0,1,"area","In total, how much land did you use for growing Mil during the last 12 months?","Au total, quelle superficie avez-vous utilisée pour Mil au cours des 12 dernier mois ?",288.46,5,"Mètres carrés",1e-4,NA,1e-4,0.028845999999999997,0.25,NA,"good_harvest",150,1,"Kg",1,NA,1,150,150,NA,0.06,0.06,5200.027733481246,5200.03,NA,NA,"intercrop","Half",NA,"eat",1,0,0,0,0,0,0,NA,"","","","",NA,NA,"",NA,NA,"",0,0,0,0,0,0,"Male_adult",0,0,1,0,0,0,NA,"burn",1,0,0,0,0,0,0,0,"uuid:434ffdae-4523-4b33-a5c0-8d73a5f05352","uuid:434ffdae-4523-4b33-a5c0-8d73a5f05352/survey_grp/SECTION_Crop_Productivity/crop_repeat[2]","Mil","581"
1,37,"Millet","Mil",NA,"rain",0,0,0,1,"area","In total, how much land did you use for growing Mil during the last 12 months?","Au total, quelle superficie avez-vous utilisée pour Mil au cours des 12 dernier mois ?",1153.84,5,"Mètres carrés",1e-4,NA,1e-4,0.11538399999999999,0.05,NA,"normal_harvest",600,1,"Kg",1,NA,1,600,600,NA,1.2,1.2,5200.027733481246,5200.03,NA,NA,"monoculture","UnderHalf",NA,"eat",1,0,0,0,0,0,0,NA,"","","","",NA,NA,"",NA,NA,"",0,0,0,0,0,0,"Male_adult",0,0,1,0,0,0,NA,"feed",0,0,0,1,0,0,0,0,"uuid:a6585630-6dba-4c60-9eef-3e68270468c3","uuid:a6585630-6dba-4c60-9eef-3e68270468c3/survey_grp/SECTION_Crop_Productivity/crop_repeat[1]","Mil","114"
3,53,"Cowpea","Niébé",NA,"rain",0,0,0,1,"area","In total, how much land did you use for growing Niébé during the last 12 months?","Au total, quelle superficie avez-vous utilisée pour Niébé au cours des 12 dernier mois ?",33.33,5,"Mètres carrés",1e-4,NA,1e-4,0.003333,0.05,NA,"normal_harvest",1,8,"Sac de 50 Kg",50,NA,50,50,50,NA,0.002,0,15001.500150015001,15001.5,NA,NA,"intercrop","UnderHalf",NA,"eat sell save_seed",1,0,0,0,0,1,1,NA,"Most","Little","","Little",NA,15000,"total_income_per_year",NA,NA,"Male_adult",0,0,1,0,0,0,"Male_adult",0,0,1,0,0,0,NA,"feed",0,0,0,1,0,0,0,0,"uuid:8a947650-1009-400b-9cfd-54e3b482f5d4","uuid:8a947650-1009-400b-9cfd-54e3b482f5d4/survey_grp/SECTION_Crop_Productivity/crop_repeat[3]","Niébé","47"
4,54,"Bissap","Bissap",NA,"rain",0,0,0,1,"area","In total, how much land did you use for growing Bissap during the last 12 months?","Au total, quelle superficie avez-vous utilisée pour Bissap au cours des 12 dernier mois ?",166.66,5,"Mètres carrés",1e-4,NA,1e-4,0.016666,0.03,NA,"normal_harvest",1,7,"Sac de 25 kg",25,NA,25,25,25,NA,0.0033333333333333335,0,1500.060002400096,1500.06,NA,NA,"intercrop","UnderHalf",NA,"eat sell save_seed",1,0,0,0,0,1,1,NA,"Most","Little","","Little",NA,5000,"total_income_per_year",NA,NA,"Male_adult",0,0,1,0,0,0,"Male_adult",0,0,1,0,0,0,NA,"feed",0,0,0,1,0,0,0,0,"uuid:8a947650-1009-400b-9cfd-54e3b482f5d4","uuid:8a947650-1009-400b-9cfd-54e3b482f5d4/survey_grp/SECTION_Crop_Productivity/crop_repeat[4]","Bissap","47"
1,8,"Chilli Peppers","Poivrons",NA,"dry_hot",0,0,1,0,"area","In total, how much land did you use for growing Poivrons during the last 12 months?","Au total, quelle superficie avez-vous utilisée pour Poivrons au cours des 12 dernier mois ?",100,5,"Mètres carrés",1e-4,NA,1e-4,0.01,0.01,NA,"normal_harvest",300,1,"Kg",1,NA,1,300,300,NA,3,3,30000,30000,NA,NA,"intercrop","Half",NA,"sell",0,0,0,0,0,0,1,NA,"","","","",NA,240000,"total_income_per_year",NA,NA,"Female_Youth",0,1,0,0,0,0,"",0,0,0,0,0,0,NA,"soil",0,0,0,0,0,0,0,1,"uuid:cc05c495-e597-43fa-a96c-4ae7ca1041a0","uuid:cc05c495-e597-43fa-a96c-4ae7ca1041a0/survey_grp/SECTION_Crop_Productivity/crop_repeat[1]","Poivrons","151"
2,48,"Lettuce","Laitue",NA,"dry_cold",0,1,0,0,"area","In total, how much land did you use for growing Laitue during the last 12 months?","Au total, quelle superficie avez-vous utilisée pour Laitue au cours des 12 dernier mois ?",37.5,5,"Mètres carrés",1e-4,NA,1e-4,0.00375,0.01,NA,"good_harvest",150,1,"Kg",1,NA,1,150,150,NA,1.5,1.5,40000,40000,NA,NA,"monoculture","Half",NA,"sell",0,0,0,0,0,0,1,NA,"","","","",NA,150000,"total_income_per_year",NA,NA,"Female_Youth",0,1,0,0,0,0,"",0,0,0,0,0,0,NA,"soil",0,0,0,0,0,0,0,1,"uuid:cc05c495-e597-43fa-a96c-4ae7ca1041a0","uuid:cc05c495-e597-43fa-a96c-4ae7ca1041a0/survey_grp/SECTION_Crop_Productivity/crop_repeat[2]","Laitue","151"
1,48,"Lettuce","Laitue",NA,"dry_hot",0,0,1,0,"area","In total, how much land did you use for growing Laitue during the last 12 months?","Au total, quelle superficie avez-vous utilisée pour Laitue au cours des 12 dernier mois ?",75,5,"Mètres carrés",1e-4,NA,1e-4,0.0075,0.02,NA,"normal_harvest",300,1,"Kg",1,NA,1,300,300,NA,2,2,40000,40000,NA,NA,"intercrop","Most",NA,"eat sell",1,0,0,0,0,0,1,NA,"Most","Most","","",NA,100000,"total_income_per_year",NA,NA,"Female_Youth",0,1,0,0,0,0,"Female_Youth",0,1,0,0,0,0,NA,"soil",0,0,0,0,0,0,0,1,"uuid:7e040a08-0f78-48ff-a295-d9c192bc1ed5","uuid:7e040a08-0f78-48ff-a295-d9c192bc1ed5/survey_grp/SECTION_Crop_Productivity/crop_repeat[1]","Laitue","302"
2,17,"Lemon Grass","Citronnelle",NA,"all_year",1,0,0,0,"area","In total, how much land did you use for growing Citronnelle during the last 12 months?","Au total, quelle superficie avez-vous utilisée pour Citronnelle au cours des 12 dernier mois ?",20,5,"Mètres carrés",1e-4,NA,1e-4,0.002,0,NA,"good_harvest",30,1,"Kg",1,NA,1,30,30,NA,3,3,15000,15000,NA,NA,"intercrop","Most",NA,"eat sell",1,0,0,0,0,0,1,NA,"Most","Most","","",NA,50000,"total_income_per_year",NA,NA,"Female_Youth",0,1,0,0,0,0,"Female_Youth",0,1,0,0,0,0,NA,"soil",0,0,0,0,0,0,0,1,"uuid:7e040a08-0f78-48ff-a295-d9c192bc1ed5","uuid:7e040a08-0f78-48ff-a295-d9c192bc1ed5/survey_grp/SECTION_Crop_Productivity/crop_repeat[2]","Citronnelle","302"
3,8,"Chilli Peppers","Poivrons",NA,"dry_hot",0,0,1,0,"area","In total, how much land did you use for growing Poivrons during the last 12 months?","Au total, quelle superficie avez-vous utilisée pour Poivrons au cours des 12 dernier mois ?",166.66,5,"Mètres carrés",1e-4,NA,1e-4,0.016666,0.01,NA,"normal_harvest",500,1,"Kg",1,NA,1,500,500,NA,5,5,30001.20004800192,30001.2,NA,NA,"intercrop","Most",NA,"eat sell",1,0,0,0,0,0,1,NA,"Most","Most","","",NA,500000,"total_income_per_year",NA,NA,"Female_Youth",0,1,0,0,0,0,"Female_Youth",0,1,0,0,0,0,NA,"soil",0,0,0,0,0,0,0,1,"uuid:7e040a08-0f78-48ff-a295-d9c192bc1ed5","uuid:7e040a08-0f78-48ff-a295-d9c192bc1ed5/survey_grp/SECTION_Crop_Productivity/crop_repeat[3]","Poivrons","302"
1,29,"Okra","Gombo",NA,"all_year",1,0,0,0,"area","In total, how much land did you use for growing Gombo during the last 12 months?","Au total, quelle superficie avez-vous utilisée pour Gombo au cours des 12 dernier mois ?",750,5,"Mètres carrés",1e-4,NA,1e-4,0.075,0.25,NA,"normal_harvest",1.5,2,"Tonnes",1000,NA,1000,1500,1500,NA,6e-4,0,20000,20000,NA,NA,"monoculture","Half",NA,"eat sell",1,0,0,0,0,0,1,NA,"Half","Half","","",NA,750000,"total_income_per_year",NA,NA,"Female_Youth",0,1,0,0,0,0,"Female_Youth",0,1,0,0,0,0,NA,"compost",0,1,0,0,0,0,0,0,"uuid:6bdc2802-60b5-4254-b2c7-9fa1f95cc145","uuid:6bdc2802-60b5-4254-b2c7-9fa1f95cc145/survey_grp/SECTION_Crop_Productivity/crop_repeat[1]","Gombo","156"
2,22,"Sweet Chili","Piment doux",NA,"rain",0,0,0,1,"area","In total, how much land did you use for growing Piment doux during the last 12 months?","Au total, quelle superficie avez-vous utilisée pour Piment doux au cours des 12 dernier mois ?",466.66,5,"Mètres carrés",1e-4,NA,1e-4,0.046666,0.1,NA,"normal_harvest",700,1,"Kg",1,NA,1,700,700,NA,0.7,0.7,15000.214288775554,15000.21,NA,NA,"intercrop","Most",NA,"eat sell",1,0,0,0,0,0,1,NA,"Most","Most","","",NA,950000,"total_income_per_year",NA,NA,"Female_Youth",0,1,0,0,0,0,"Female_Youth",0,1,0,0,0,0,NA,"compost",0,1,0,0,0,0,0,0,"uuid:6bdc2802-60b5-4254-b2c7-9fa1f95cc145","uuid:6bdc2802-60b5-4254-b2c7-9fa1f95cc145/survey_grp/SECTION_Crop_Productivity/crop_repeat[2]","Piment doux","156"
3,48,"Lettuce","Laitue",NA,"dry_cold",0,1,0,0,"area","In total, how much land did you use for growing Laitue during the last 12 months?","Au total, quelle superficie avez-vous utilisée pour Laitue au cours des 12 dernier mois ?",100,5,"Mètres carrés",1e-4,NA,1e-4,0.01,0.01,NA,"normal_harvest",10,9,"Unité (dizaine)",-99,NA,-99,300,300,NA,0.1,0.1,30000,30000,NA,NA,"monoculture","UnderHalf",NA,"sell",0,0,0,0,0,0,1,NA,"","","","",NA,150000,"total_income_per_year",NA,NA,"Female_Youth",0,1,0,0,0,0,"",0,0,0,0,0,0,NA,"feed",0,0,0,1,0,0,0,0,"uuid:6bdc2802-60b5-4254-b2c7-9fa1f95cc145","uuid:6bdc2802-60b5-4254-b2c7-9fa1f95cc145/survey_grp/SECTION_Crop_Productivity/crop_repeat[3]","Laitue","156"
4,40,"Cucumber","Concombre",NA,"dry_cold",0,1,0,0,"area","In total, how much land did you use for growing Concombre during the last 12 months?","Au total, quelle superficie avez-vous utilisée pour Concombre au cours des 12 dernier mois ?",66.66,5,"Mètres carrés",1e-4,NA,1e-4,0.006666,0.1,NA,"normal_harvest",400,1,"Kg",1,NA,1,400,400,NA,0.4,0.4,60006.000600060004,60006,NA,NA,"monoculture","Half",NA,"sell",0,0,0,0,0,0,1,NA,"","","","",NA,600000,"total_income_per_year",NA,NA,"Female_adult",1,0,0,0,0,0,"",0,0,0,0,0,0,NA,"feed",0,0,0,1,0,0,0,0,"uuid:6bdc2802-60b5-4254-b2c7-9fa1f95cc145","uuid:6bdc2802-60b5-4254-b2c7-9fa1f95cc145/survey_grp/SECTION_Crop_Productivity/crop_repeat[4]","Concombre","156"
1,29,"Okra","Gombo",NA,"dry_hot",0,0,1,0,"area","In total, how much land did you use for growing Gombo during the last 12 months?","Au total, quelle superficie avez-vous utilisée pour Gombo au cours des 12 dernier mois ?",175,5,"Mètres carrés",1e-4,NA,1e-4,0.0175,0.03,NA,"normal_harvest",350,1,"Kg",1,NA,1,350,350,NA,1.1666666666666667,1.17,19999.999999999996,20000,NA,NA,"monoculture","Half",NA,"sell eat",1,0,0,0,0,0,1,NA,"UnderHalf","Little","","",NA,280000,"total_income_per_year",NA,NA,"Male_Youth",0,0,0,0,1,0,"Male_Youth",0,0,0,0,1,0,NA,"feed",0,0,0,1,0,0,0,0,"uuid:07b20aed-87ea-4150-9f3b-80ee0601f271","uuid:07b20aed-87ea-4150-9f3b-80ee0601f271/survey_grp/SECTION_Crop_Productivity/crop_repeat[1]","Gombo","165"
3,53,"Cowpea","Niébé",NA,"rain",0,0,0,1,"area","In total, how much land did you use for growing Niébé during the last 12 months?","Au total, quelle superficie avez-vous utilisée pour Niébé au cours des 12 dernier mois ?",6.66,5,"Mètres carrés",1e-4,NA,1e-4,6.66e-4,0.05,NA,"normal_harvest",10,1,"Kg",1,NA,1,10,10,NA,0.02,0.02,15015.015015015015,15015.02,NA,NA,"intercrop","UnderHalf",NA,"eat sell save_seed",1,0,0,0,0,1,1,NA,"Most","Little","","Little",NA,0,"total_income_per_year",NA,NA,"Male_adult Female_adult",1,0,1,0,0,0,"Male_adult Female_adult",1,0,1,0,0,0,NA,"feed",0,0,0,1,0,0,0,0,"uuid:d080c813-fa1f-4156-a9e5-225c1ddee891","uuid:d080c813-fa1f-4156-a9e5-225c1ddee891/survey_grp/SECTION_Crop_Productivity/crop_repeat[3]","Niébé","28"
4,54,"Bissap","Bissap",NA,"rain",0,0,0,1,"area","In total, how much land did you use for growing Bissap during the last 12 months?","Au total, quelle superficie avez-vous utilisée pour Bissap au cours des 12 dernier mois ?",26.66,5,"Mètres carrés",1e-4,NA,1e-4,0.002666,0.03,NA,"normal_harvest",4,1,"Kg",1,NA,1,4,4,NA,0.013333333333333334,0.01,1500.3750937734433,1500.38,NA,NA,"intercrop","UnderHalf",NA,"eat sell",1,0,0,0,0,0,1,NA,"Most","Little","","",NA,10000,"total_income_per_year",NA,NA,"Female_adult",1,0,0,0,0,0,"Female_adult",1,0,0,0,0,0,NA,"feed",0,0,0,1,0,0,0,0,"uuid:d080c813-fa1f-4156-a9e5-225c1ddee891","uuid:d080c813-fa1f-4156-a9e5-225c1ddee891/survey_grp/SECTION_Crop_Productivity/crop_repeat[4]","Bissap","28"
4,53,"Cowpea","Niébé",NA,"rain",0,0,0,1,"area","In total, how much land did you use for growing Niébé during the last 12 months?","Au total, quelle superficie avez-vous utilisée pour Niébé au cours des 12 dernier mois ?",6.66,5,"Mètres carrés",1e-4,NA,1e-4,6.66e-4,0.03,NA,"normal_harvest",10,1,"Kg",1,NA,1,10,10,NA,0.03333333333333333,0.03,15015.015015015015,15015.02,NA,NA,"intercrop","UnderHalf",NA,"eat save_seed",1,0,0,0,0,1,0,NA,"All","","","Little",NA,NA,"",NA,NA,"",0,0,0,0,0,0,"Male_adult",0,0,1,0,0,0,NA,"no_answer",0,0,0,0,0,1,0,0,"uuid:c867156a-a4ef-424e-8067-580b27296e2d","uuid:c867156a-a4ef-424e-8067-580b27296e2d/survey_grp/SECTION_Crop_Productivity/crop_repeat[4]","Niébé","42"
1,36,"Peanut","Arachide",NA,"rain",0,0,0,1,"area","In total, how much land did you use for growing Arachide during the last 12 months?","Au total, quelle superficie avez-vous utilisée pour Arachide au cours des 12 dernier mois ?",150,5,"Mètres carrés",1e-4,NA,1e-4,0.015,0.02,NA,"bad_harvest",13,1,"Kg",1,NA,1,13,13,NA,0.03333333333333333,0.03,866.6666666666667,866.67,NA,NA,"intercrop","Little",NA,"eat",1,0,0,0,0,0,0,NA,"","","","",NA,NA,"",NA,NA,"",0,0,0,0,0,0,"Male_adult",0,0,1,0,0,0,NA,"soil",0,0,0,0,0,0,0,1,"uuid:961e8783-6b98-4717-848d-f948178263a3","uuid:961e8783-6b98-4717-848d-f948178263a3/survey_grp/SECTION_Crop_Productivity/crop_repeat[1]","Arachide","225"
2,53,"Cowpea","Niébé",NA,"rain",0,0,0,1,"area","In total, how much land did you use for growing Niébé during the last 12 months?","Au total, quelle superficie avez-vous utilisée pour Niébé au cours des 12 dernier mois ?",3.33,5,"Mètres carrés",1e-4,NA,1e-4,3.33e-4,0.01,NA,"bad_harvest",5,1,"Kg",1,NA,1,5,5,NA,0.05,0.05,15015.015015015015,15015.02,NA,NA,"monoculture","Little",NA,"eat",1,0,0,0,0,0,0,NA,"","","","",NA,NA,"",NA,NA,"",0,0,0,0,0,0,"Male_adult",0,0,1,0,0,0,NA,"feed",0,0,0,1,0,0,0,0,"uuid:961e8783-6b98-4717-848d-f948178263a3","uuid:961e8783-6b98-4717-848d-f948178263a3/survey_grp/SECTION_Crop_Productivity/crop_repeat[2]","Niébé","225"
1,53,"Cowpea","Niébé",NA,"rain",0,0,0,1,"area","In total, how much land did you use for growing Niébé during the last 12 months?","Au total, quelle superficie avez-vous utilisée pour Niébé au cours des 12 dernier mois ?",6.66,5,"Mètres carrés",1e-4,NA,1e-4,6.66e-4,0.01,NA,"bad_harvest",10,1,"Kg",1,NA,1,10,10,NA,0.1,0.1,15015.015015015015,15015.02,NA,NA,"monoculture","Half",NA,"eat",1,0,0,0,0,0,0,NA,"","","","",NA,NA,"",NA,NA,"",0,0,0,0,0,0,"Female_Youth",0,1,0,0,0,0,NA,"feed",0,0,0,1,0,0,0,0,"uuid:c0d49d98-4727-4d1a-bfb6-497e0e69f815","uuid:c0d49d98-4727-4d1a-bfb6-497e0e69f815/survey_grp/SECTION_Crop_Productivity/crop_repeat[1]","Niébé","220"
2,54,"Bissap","Bissap",NA,"rain",0,0,0,1,"area","In total, how much land did you use for growing Bissap during the last 12 months?","Au total, quelle superficie avez-vous utilisée pour Bissap au cours des 12 dernier mois ?",4166.66,5,"Mètres carrés",1e-4,NA,1e-4,0.416666,0.01,NA,"normal_harvest",25,7,"Sac de 25 kg",25,NA,25,625,625,NA,0.25,0.25,1500.00240000384,1500,NA,NA,"monoculture","Half",NA,"sell",0,0,0,0,0,0,1,NA,"","","","",NA,6000,"total_income_per_year",NA,NA,"Female_Youth",0,1,0,0,0,0,"",0,0,0,0,0,0,NA,"feed",0,0,0,1,0,0,0,0,"uuid:c0d49d98-4727-4d1a-bfb6-497e0e69f815","uuid:c0d49d98-4727-4d1a-bfb6-497e0e69f815/survey_grp/SECTION_Crop_Productivity/crop_repeat[2]","Bissap","220"
