"household_id","participant_sex","participant_age","education_level","target_group","household_head_sex","Age_Group","Age_Group2","Womens_Age_Group","Womens_Age_Group2","global_form_id","womens_form_id","I_P_total_crops","I_P_total_important_crops","I_P_staple_area","I_P_total_crop_area","I_P_total_crop_yield","I_P_total_crop_productivity","I_P_simpson","I_P_total_livestock","I_P_total_important_livestocks","I_VCC1","I_VCC2","I_VCC3","I_VCC4","I_VCC5","I_VCC6","I_AWEAI_asset","I_AWEAI_asset_prop","I_HI_n_income_sources","I_HI_income_diversification","I_HI_self_perception","I_HI_savings","I_HI_have_debt","I_HI_worry_debt","I_HI_transport","I_HDDS","I_HDDS_min","FIES_1","FIES_2","FIES_3","FIES_4","FIES_5","FIES_6","FIES_7","FIES_8","I_FIES_score","I_FIES_prob_moderate","I_FIES_prob_severe","I_FIES_prev_moderate","I_FIES_prev_severe","I_FIES_category"
"516","F",30,"coranique","Calebasses","M","26 - 55","18 - 30","26 - 55","18 - 30","uuid:921038fa-c796-47b2-ad44-7d8d3184122c","uuid:fce373ba-0bf1-4411-b78f-0e301a7625fb",0,NA,NA,NA,NA,NA,NA,0,NA,"little","moderate","moderate","moderate","moderate","moderate",1,1,0,"Income sources unreported",5,0,1,0,0,9,1,0,0,0,0,0,0,0,0,0,0,0,0.276221064086592,0.0238715452714838,"Food Secure"
"518","F",35,"coranique","Calebasses","M","26 - 55","31 - 50","26 - 55","31 - 50","uuid:eb2c28a6-72d9-444e-96b5-28c3a1c6505d","uuid:3a42942f-47b2-443c-b182-2bd1d1eae944",0,NA,NA,NA,NA,NA,NA,0,NA,"little","moderate","moderate","moderate","moderate","moderate",1,1,0,"Income sources unreported",5,0,1,1,0,9,1,1,0,1,0,0,0,0,0,2,0.0932852837366366,5.37366418029706e-09,0.276221064086592,0.0238715452714838,"Mildly Food Insecure"
"512","F",30,"coranique","Calebasses","M","26 - 55","18 - 30","26 - 55","18 - 30","uuid:b234f62b-00f6-489c-8ab8-874a3d2e99df","uuid:7e551877-c81b-4068-ba8a-626340953d78",0,NA,NA,NA,NA,NA,NA,0,NA,"little","moderate","moderate","moderate","little","moderate",1,1,0,"Income sources unreported",5,0,1,1,1,9,1,0,0,0,0,0,0,0,0,0,0,0,0.276221064086592,0.0238715452714838,"Food Secure"
"519","F",20,"coranique","Calebasses","M","18 - 25","18 - 30","18 - 25","18 - 30","uuid:ceba50a4-cd5c-4855-b37d-0768532bde58","uuid:8306a99b-f90b-4b46-836f-ab6dfd22deb1",0,NA,NA,NA,NA,NA,NA,0,NA,"little","moderate","moderate","moderate","little","moderate",1,1,0,"Income sources unreported",5,0,1,1,1,9,1,0,0,0,0,0,0,0,0,0,0,0,0.276221064086592,0.0238715452714838,"Food Secure"
"520","F",40,"coranique","Calebasses","M","26 - 55","31 - 50","26 - 55","31 - 50","uuid:6081da25-fc34-4162-9894-021ea30ec185","uuid:b665efea-db3a-4fb5-82d7-63d1198a67e3",0,NA,NA,NA,NA,NA,NA,0,NA,"little","none","little","little","little","little",1,0.166666666666667,0,"Income sources unreported",5,0,1,1,0,7,1,1,0,1,0,1,0,0,0,3,0.337569344275583,2.75628626811297e-07,0.276221064086592,0.0238715452714838,"Moderately Food Insecure"
"513","F",22,"coranique","Calebasses","M","18 - 25","18 - 30","18 - 25","18 - 30","uuid:2da07163-ca39-4db1-8ff4-2a721da18a12","uuid:7e595add-d82a-4c7a-86ee-0586f6874f20",0,NA,NA,NA,NA,NA,NA,0,NA,"little","moderate","moderate","moderate","little","moderate",1,1,0,"Income sources unreported",7,1,1,0,0,9,1,0,0,0,0,0,0,0,0,0,0,0,0.276221064086592,0.0238715452714838,"Food Secure"
"514","F",22,"coranique","Calebasses","M","18 - 25","18 - 30","18 - 25","18 - 30","uuid:9b3db37f-3147-4748-8064-2af5dfeeb861","uuid:50f1e960-cbbc-4db0-bb8b-11f41eb10d7a",0,NA,NA,NA,NA,NA,NA,0,NA,"little","none","little","none","none","little",0,0.2,0,"Income sources unreported",5,0,1,1,1,7,1,1,0,0,0,0,0,0,0,1,0.0207601978942691,6.35569774587452e-09,0.276221064086592,0.0238715452714838,"Mildly Food Insecure"
"515","F",35,"coranique","Calebasses","M","26 - 55","31 - 50","26 - 55","31 - 50","uuid:b172ad21-b966-4e7d-9e77-b9a41bd6c7e5","uuid:814ff5a1-6101-4428-80f6-438e0b3bc3fd",0,NA,NA,NA,NA,NA,NA,0,NA,"little","little","none","none","none","little",0,0.25,0,"Income sources unreported",5,0,1,1,0,7,1,1,0,1,0,0,0,0,0,2,0.0932852837366366,5.37366418029706e-09,0.276221064086592,0.0238715452714838,"Mildly Food Insecure"
"517","F",35,"coranique","Calebasses","M","26 - 55","31 - 50","26 - 55","31 - 50","uuid:117f0af1-c2dc-4802-991b-e02b63bdb3bd","uuid:cc595864-f842-4370-8885-113099c224b6",0,NA,NA,NA,NA,NA,NA,0,NA,"none","none","none","none","none","little",1,0.5,0,"Income sources unreported",5,0,1,1,0,7,1,1,0,1,0,0,0,0,0,2,0.0932852837366366,5.37366418029706e-09,0.276221064086592,0.0238715452714838,"Mildly Food Insecure"
"88","M",60,"coranique","Producteurs","M","55+","51+","26 - 55","31 - 50","uuid:4f6afde8-c888-45a2-9a84-7fb3e46c969a","uuid:19b1932d-8a3a-41f8-bbdb-7a872d2c84aa",3,1,NA,25,15000,600,0,5,1,"little","moderate","moderate","equal","little","moderate",1,1,1,"Crop farming only",7,1,0,0,1,7,1,0,1,1,0,0,0,0,0,2,0.0932852837366366,5.37366418029706e-09,0.276221064086592,0.0238715452714838,"Mildly Food Insecure"
"89","M",67,"coranique","Producteurs","M","55+","51+","26 - 55","31 - 50","uuid:fc1c3a8a-7a2d-42f1-a6a0-058a2dcaabcd","uuid:a4d54be6-19a9-4715-8444-87cdf33cfef3",2,2,0.666666666666667,3,2600,866.666666666667,0.355166188178885,4,1,"little","little","moderate","equal","little","none",1,1,1,"Crop farming only",7,1,1,0,1,6,1,0,1,1,0,0,0,0,0,2,0.0932852837366366,5.37366418029706e-09,0.276221064086592,0.0238715452714838,"Mildly Food Insecure"
"DMST6O","M",42,"primary","Consommateurs","M","26 - 55","31 - 50","26 - 55","31 - 50","uuid:a589a3c4-41d7-4be0-a3d5-a973f2e9cdbb","uuid:8d11745e-f645-4e7b-ae5e-0c5c405ad7b3",0,NA,NA,NA,NA,NA,NA,0,NA,"moderate","moderate","moderate","equal","little","none",1,0.625,0,"Income sources unreported",7,1,1,0,1,12,1,0,0,0,0,0,0,0,0,0,0,0,0.276221064086592,0.0238715452714838,"Food Secure"
"UZJX1I","M",50,"secondary","Consommateurs","M","26 - 55","31 - 50","26 - 55","31 - 50","uuid:4a18a67e-6665-4545-bc72-0386a9809797","uuid:3cbf839a-f223-4dd7-a6ef-ecd5192c7475",0,NA,NA,NA,NA,NA,NA,0,NA,"moderate","moderate","moderate","equal","little","none",1,0.625,0,"Income sources unreported",7,1,1,0,1,12,1,0,0,0,0,0,0,0,0,0,0,0,0.276221064086592,0.0238715452714838,"Food Secure"
"Z1D0OV","F",36,"secondary","Consommateurs","M","26 - 55","31 - 50","26 - 55","31 - 50","uuid:1ab02e19-1cbf-476e-9984-485694f22ba1","uuid:ffbf7f69-b532-4649-a2ed-5f2cf4a2e0c9",0,NA,NA,NA,NA,NA,NA,0,NA,"moderate","moderate","moderate","equal","little","none",1,0.5,0,"Income sources unreported",6,0,0,0,1,12,1,0,0,0,0,0,0,0,0,0,0,0,0.276221064086592,0.0238715452714838,"Food Secure"
"1KQPDB","F",36,"secondary","Consommateurs","M","26 - 55","31 - 50","26 - 55","31 - 50","uuid:393e04a0-ad70-41da-b37f-e29cafbbfda7","uuid:3fece28b-18d0-4ba0-86f1-f47a9b86704c",0,NA,NA,NA,NA,NA,NA,0,NA,"equal","equal","equal","moderate","equal","none",1,1,0,"Income sources unreported",7,1,0,0,0,12,1,0,0,0,0,0,0,0,0,0,0,0,0.276221064086592,0.0238715452714838,"Food Secure"
"446","M",65,"secondary","Consommateurs","M","55+","51+","26 - 55","31 - 50","uuid:7094c5f4-8385-47a6-979a-23f7a5680df8","uuid:f7d69dff-75f5-4814-9dc8-b5210dcaf630",0,NA,NA,NA,NA,NA,NA,0,NA,"equal","equal","equal","moderate","moderate","equal",1,0.833333333333333,0,"Income sources unreported",7,1,0,0,1,12,1,0,0,0,0,0,0,0,0,0,0,0,0.276221064086592,0.0238715452714838,"Food Secure"
"Z3LBNP","F",34,"primary","Producteurs","M","26 - 55","31 - 50","26 - 55","31 - 50","uuid:57b68e53-17d3-407e-8c93-ff33e06665a1","uuid:9567713e-cbcb-4583-b130-415cbc169e63",4,2,NA,0.6,2800,4666.66666666667,0.191394885928648,0,0,"moderate","equal","little","equal","moderate","no_reponse",1,0.142857142857143,1,"Crop farming only",6,0,0,0,0,9,1,0,0,0,0,0,0,0,0,0,0,0,0.276221064086592,0.0238715452714838,"Food Secure"
"SYMVUS","M",50,"No_school","Producteurs","M","26 - 55","31 - 50","26 - 55","31 - 50","uuid:77f17d4d-de67-4207-a034-9a25ecf31be8","uuid:2af5cf5a-7461-4d12-8900-60433092ee62",7,2,NA,0.006,160,26666.6666666667,0.471698113207547,0,0,"none","none","moderate","moderate","moderate","none",1,0.75,2,"Crop farming + Off-farm sources",6,0,0,0,0,9,1,0,0,0,0,0,0,0,0,0,0,0,0.276221064086592,0.0238715452714838,"Food Secure"
"A5HAR1","F",23,"primary","Producteurs","M","18 - 25","18 - 30","18 - 25","18 - 30","uuid:90f7a55b-043d-4228-8189-c0c83532531d","uuid:772d142e-aa60-45b7-ac20-d375af9931dd",5,2,NA,0.0086,330,38372.0930232558,0.497374965460072,0,0,"moderate","little","little","equal","moderate","little",1,0.166666666666667,1,"Crop farming only",6,0,0,0,0,9,1,0,0,0,0,0,0,0,0,0,0,0,0.276221064086592,0.0238715452714838,"Food Secure"
"HB6MT8","M",32,"postsecondary","Transformateurs","M","26 - 55","31 - 50","26 - 55","31 - 50","uuid:a9e5dfe8-42e0-4663-a135-6998c29b05d6","uuid:a30d7656-c11b-4651-bb81-92f2dd7d4a79",0,NA,NA,NA,NA,NA,NA,0,NA,"none","none","none","moderate","moderate","moderate",0,0.2,0,"Income sources unreported",6,0,0,0,1,8,1,0,0,0,0,0,0,0,0,0,0,0,0.276221064086592,0.0238715452714838,"Food Secure"
"6HF2ER","M",46,"No_school","Calebasses","M","26 - 55","31 - 50","18 - 25","18 - 30","uuid:90b33493-bffc-4bb6-8570-34c646afabc3","uuid:a51e1be3-e184-4914-a3ed-665e2d35c159",0,NA,NA,NA,NA,NA,NA,0,NA,"none","none","moderate","equal","moderate","moderate",1,1,0,"Income sources unreported",6,0,0,0,0,7,1,0,0,0,0,0,0,0,0,0,0,0,0.276221064086592,0.0238715452714838,"Food Secure"
"2","M",29,"postsecondary","Producteurs","M","26 - 55","18 - 30",NA,NA,"uuid:d0fc8c3a-4fcd-43dd-875c-85c4287f2044","uuid:c644c606-5659-4fd4-b9b4-35618ead1c0f",5,2,NA,0.115,4250,36956.5217391304,0.498387163761716,4,2,"none","none","none","moderate","moderate","moderate",1,0.375,1,"Crop farming only",6,0,1,0,0,8,1,0,0,0,0,0,0,0,0,0,0,0,0.276221064086592,0.0238715452714838,"Food Secure"
"4","M",30,"secondary","Producteurs","M","26 - 55","18 - 30","26 - 55","18 - 30","uuid:eb0ac856-da6e-4ea8-8bc5-96314b9be4e4","uuid:eee55e96-1aab-4afb-9798-3c2fd47bae34",6,2,NA,0.0275,700,25454.5454545455,0.459840588595953,0,0,"none","none","none","equal","moderate","none",1,0.166666666666667,2,"Crop farming + Off-farm sources",6,0,0,0,0,7,1,0,0,0,0,0,0,0,0,0,0,0,0.276221064086592,0.0238715452714838,"Food Secure"
"3","F",56,"No_school","Producteurs","M","55+","51+","55+","51+","uuid:3d7644b0-9817-42f2-b86b-5c85276594fb","uuid:65a9fdd6-3417-4524-b633-325a09338773",4,2,NA,0.028333,550,19411.9930822716,0.496770988574267,0,0,"moderate","more_than","equal","equal","moderate","moderate",1,1,1,"Crop farming only",6,0,0,0,0,8,1,0,0,0,0,0,0,0,0,0,0,0,0.276221064086592,0.0238715452714838,"Food Secure"
"1","M",40,"primary","Producteurs","M","26 - 55","31 - 50","26 - 55","18 - 30","uuid:711f4e24-0876-4935-b3b9-b58361b887c9","uuid:dc0b7a54-fac5-4cfd-a0af-a5e7a74dcbdd",19,2,NA,0.403333,11750,29132.2554812029,0.253529951847418,3,1,"none","none","none","moderate","moderate","moderate",1,0.375,1,"Crop farming only",6,0,1,0,0,10,1,0,0,0,0,0,0,0,0,0,0,0,0.276221064086592,0.0238715452714838,"Food Secure"
"11","M",49,"primary","Producteurs","M","26 - 55","31 - 50","26 - 55","31 - 50","uuid:a7386a3d-23ab-4ac1-86fd-24994bb43fa8","uuid:4c0c7b55-7671-41dc-85da-716609ad1974",9,2,NA,1.02,1950,1911.76470588235,0.499927642051808,2,1,"none","none","moderate","moderate","moderate","moderate",1,0.5,1,"Crop farming only",6,0,0,0,1,8,1,0,0,0,0,0,0,0,0,0,0,0,0.276221064086592,0.0238715452714838,"Food Secure"
"455","F",42,"postsecondary","Consommateurs","M","26 - 55","31 - 50","26 - 55","31 - 50","uuid:aba61aeb-88c0-4b17-897e-2ac22d4764c4","uuid:bff8e1c8-f2b0-421d-836e-fe0097f03f56",0,NA,NA,NA,NA,NA,NA,0,NA,"none","none","moderate","equal","moderate","moderate",1,0.8,0,"Income sources unreported",6,0,0,0,1,9,1,0,0,0,0,0,0,0,0,0,0,0,0.276221064086592,0.0238715452714838,"Food Secure"
"451","F",39,"postsecondary","Consommateurs","M","26 - 55","31 - 50","26 - 55","31 - 50","uuid:6ccfd720-a87b-44c5-af01-821c86c82637","uuid:0abec8cf-9253-4aa2-8770-84b6244d34ea",0,NA,NA,NA,NA,NA,NA,0,NA,"none","none","moderate","moderate","moderate","moderate",1,0.666666666666667,0,"Income sources unreported",6,0,0,0,1,10,1,0,0,0,0,0,0,0,0,0,0,0,0.276221064086592,0.0238715452714838,"Food Secure"
"454","F",39,"postsecondary","Consommateurs","M","26 - 55","31 - 50","26 - 55","31 - 50","uuid:5e6e0caa-2613-450e-acc0-6dcf972afbd5","uuid:6f6a287f-b032-4bdc-bae8-9a5f5781fd38",0,NA,NA,NA,NA,NA,NA,0,NA,"equal","no_reponse","equal","equal","moderate","moderate",1,1,0,"Income sources unreported",6,0,0,0,1,9,1,0,1,0,0,0,0,0,0,1,0.0207601978942691,6.35569774587452e-09,0.276221064086592,0.0238715452714838,"Mildly Food Insecure"
"453","F",50,"postsecondary","Consommateurs","M","26 - 55","31 - 50","26 - 55","31 - 50","uuid:2aa6dc8b-481a-4d1c-a15b-a78c4b2847de","uuid:7b73c986-8d99-4992-ab9c-4c597552c773",0,NA,NA,NA,NA,NA,NA,0,NA,"moderate","little","moderate","equal","moderate","moderate",1,1,0,"Income sources unreported",6,0,1,0,1,8,1,0,0,0,0,0,0,0,0,0,0,0,0.276221064086592,0.0238715452714838,"Food Secure"
"BF0Z81","M",26,"secondary","Consommateurs","M","18 - 25","18 - 30",NA,NA,"uuid:69a72ef5-91fd-4f25-b5a5-8bee554ef6a8","uuid:26c85a62-9f91-413e-966a-e6c00e0c5c31",0,NA,NA,NA,NA,NA,NA,0,NA,"little","moderate","moderate","equal","little","moderate",1,1,0,"Income sources unreported",7,1,0,0,1,7,1,0,1,1,1,0,0,0,0,3,0.337569344275583,2.75628626811297e-07,0.276221064086592,0.0238715452714838,"Mildly Food Insecure"
"SKNO28","F",45,"coranique","Consommateurs","M","26 - 55","31 - 50","26 - 55","31 - 50","uuid:2ee63580-2d67-4b10-ba98-93c8755b8cc6","uuid:f6210cd4-c6b9-4de2-bb94-56b2c5e67f47",0,NA,NA,NA,NA,NA,NA,0,NA,"little","little","little","little","little","little",1,0.1,0,"Income sources unreported",5,0,0,0,1,7,1,1,0,0,0,0,0,0,0,1,0.0207601978942691,6.35569774587452e-09,0.276221064086592,0.0238715452714838,"Mildly Food Insecure"
"1CWMTL","M",40,"coranique","Consommateurs","M","26 - 55","31 - 50","18 - 25","18 - 30","uuid:a0ac5cc8-0eaf-4115-810f-c05788442a87","uuid:df3899ff-4328-4538-8b50-44b0d167f7b2",0,NA,NA,NA,NA,NA,NA,0,NA,"none","none","none","none","none","none",1,0.333333333333333,0,"Income sources unreported",5,0,0,0,1,7,1,1,0,1,0,0,0,0,0,2,0.0932852837366366,5.37366418029706e-09,0.276221064086592,0.0238715452714838,"Mildly Food Insecure"
"GX8235","M",25,"coranique","Consommateurs","M","18 - 25","18 - 30","26 - 55","51+","uuid:ba95f369-5c6f-46ba-94a4-d5a03888ce94","uuid:47e597c5-3ee3-4a36-8032-6220e1f92c5f",0,NA,NA,NA,NA,NA,NA,0,NA,"none","little","none","little","none","little",1,0.142857142857143,0,"Income sources unreported",5,0,0,0,1,8,1,1,0,1,0,1,0,0,0,3,0.337569344275583,2.75628626811297e-07,0.276221064086592,0.0238715452714838,"Moderately Food Insecure"
"C39EZF","F",25,"postsecondary","Calebasses","M","18 - 25","18 - 30","18 - 25","18 - 30","uuid:70fba2d8-d4f8-4c97-97ff-d05edf2ff4a7","uuid:294626f8-5779-450c-b94e-cb0f45a3eb7b",0,NA,NA,NA,NA,NA,NA,0,NA,"little","little","little","little","none","none",1,0.125,0,"Income sources unreported",5,0,0,0,1,7,1,1,1,1,0,0,0,0,0,3,0.337569344275583,2.75628626811297e-07,0.276221064086592,0.0238715452714838,"Mildly Food Insecure"
"FE9LX5","F",23,"secondary","Calebasses","M","18 - 25","18 - 30","18 - 25","18 - 30","uuid:68d4052c-958e-40d4-861a-f770398f958a","uuid:e8b31207-b4b2-4b64-88ff-5dd24f0debc2",0,NA,NA,NA,NA,NA,NA,0,NA,"none","none","none","none","none","none",1,0.285714285714286,0,"Income sources unreported",5,0,0,0,0,7,1,0,0,0,0,0,0,0,0,0,0,0,0.276221064086592,0.0238715452714838,"Food Secure"
"C6CBXZ","F",40,"secondary","Consommateurs","M","26 - 55","31 - 50","26 - 55","31 - 50","uuid:3b60655b-ffd1-4d5d-ac61-d7b3ec229d5a","uuid:f8fd9fef-04ec-4ca7-b181-ef6c019b300d",0,NA,NA,NA,NA,NA,NA,0,NA,"none","none","none","none","none","little",1,0.5,0,"Income sources unreported",5,0,0,0,1,7,1,1,0,1,0,0,0,0,0,2,0.0932852837366366,5.37366418029706e-09,0.276221064086592,0.0238715452714838,"Mildly Food Insecure"
"17K7SR","F",42,"secondary","Calebasses","M","26 - 55","31 - 50","26 - 55","31 - 50","uuid:dab15e0b-dc2b-437a-bbbd-50aa401d2520","uuid:137a70b4-818d-4d54-a4ef-f7688064dbc4",0,NA,NA,NA,NA,NA,NA,0,NA,"little","little","little","little","little","little",1,0.5,0,"Income sources unreported",5,0,1,1,0,7,1,1,1,1,0,0,0,0,0,3,0.337569344275583,2.75628626811297e-07,0.276221064086592,0.0238715452714838,"Mildly Food Insecure"
"SQIJPA","F",35,"coranique","Calebasses","M","26 - 55","31 - 50","26 - 55","31 - 50","uuid:be3dd4d3-14f8-496c-beeb-e0893b300741","uuid:61b0396d-6354-455c-94de-91ad9f50ea4c",0,NA,NA,NA,NA,NA,NA,0,NA,"little","moderate","moderate","moderate","little","moderate",1,1,0,"Income sources unreported",5,0,1,1,0,8,1,0,0,0,0,0,0,0,0,0,0,0,0.276221064086592,0.0238715452714838,"Food Secure"
"AQVF8Q","M",40,"coranique","Consommateurs","M","26 - 55","31 - 50","26 - 55","31 - 50","uuid:72394c7c-fe5e-4d59-9159-f6fbe4001afb","uuid:001ef173-673d-4919-86b6-29a61dcfa816",0,NA,NA,NA,NA,NA,NA,0,NA,"little","moderate","moderate","moderate","little","moderate",1,1,0,"Income sources unreported",7,1,1,1,0,8,1,1,1,1,0,0,0,0,0,3,0.337569344275583,2.75628626811297e-07,0.276221064086592,0.0238715452714838,"Mildly Food Insecure"
"6K9OKX","M",35,"coranique","Consommateurs","M","26 - 55","31 - 50","18 - 25","18 - 30","uuid:161c63ad-388d-4944-9b61-c7d3ea453e79","uuid:2196d8a5-8024-44c6-aab8-67aebffb4d48",0,NA,NA,NA,NA,NA,NA,0,NA,"little","moderate","moderate","moderate","moderate","moderate",1,1,0,"Income sources unreported",5,0,1,1,0,8,1,0,0,0,0,0,0,0,0,0,0,0,0.276221064086592,0.0238715452714838,"Food Secure"
"BCN13T","F",29,"coranique","Consommateurs","F","26 - 55","18 - 30","18 - 25","18 - 30","uuid:0253d802-3725-4c11-9cfb-15d11f2f4774","uuid:e745d44d-ae4a-402c-a832-3792104e5514",0,NA,NA,NA,NA,NA,NA,0,NA,"little","moderate","moderate","moderate","little","moderate",1,1,0,"Income sources unreported",5,0,0,0,1,7,1,0,0,0,0,0,0,0,0,0,0,0,0.276221064086592,0.0238715452714838,"Food Secure"
"7R26NM","M",34,"secondary","Consommateurs","M","26 - 55","31 - 50","18 - 25","18 - 30","uuid:5dcfe76e-b6a1-43f5-abda-bf4fd5853302","uuid:9a254bb8-a6bb-4018-86f7-1dc3b1ffdbfe",0,NA,NA,NA,NA,NA,NA,0,NA,"little","little","moderate","moderate","little","moderate",1,1,0,"Income sources unreported",7,1,1,1,1,7,1,0,0,0,0,0,0,0,0,0,0,0,0.276221064086592,0.0238715452714838,"Food Secure"
"BU5G8P","M",46,"postsecondary","Consommateurs","M","26 - 55","31 - 50","26 - 55","31 - 50","uuid:46787650-969c-4963-b31d-9ebf38706726","uuid:a0d6b0b5-3069-446f-b835-5614eb606f3c",0,NA,NA,NA,NA,NA,NA,0,NA,"little","moderate","moderate","moderate","moderate","moderate",1,1,0,"Income sources unreported",7,1,0,0,1,10,1,0,0,0,0,0,0,0,0,0,0,0,0.276221064086592,0.0238715452714838,"Food Secure"
"6MGYT0","F",24,"postsecondary","Calebasses","M","18 - 25","18 - 30","18 - 25","18 - 30","uuid:f3fac2c0-baf2-447f-8d71-adc696c1e8b1","uuid:b7f71f75-c658-426e-bbbe-88e145d7d037",0,NA,NA,NA,NA,NA,NA,0,NA,"little","moderate","moderate","moderate","little","moderate",1,1,0,"Income sources unreported",5,0,0,0,0,9,1,0,0,0,0,0,0,0,0,0,0,0,0.276221064086592,0.0238715452714838,"Food Secure"
"0C9SXL","M",35,"coranique","Consommateurs","M","26 - 55","31 - 50","18 - 25","18 - 30","uuid:213f3111-685e-41db-a419-7aa6dbed66ce","uuid:1e8323f2-882d-44e6-bc4b-f46935a314f8",0,NA,NA,NA,NA,NA,NA,0,NA,"little","none","moderate","equal","little","moderate",1,1,0,"Income sources unreported",7,1,0,0,0,7,1,0,0,0,0,0,0,0,0,0,0,0,0.276221064086592,0.0238715452714838,"Food Secure"
"5XXTGF","M",27,"secondary","Consommateurs","M","26 - 55","18 - 30","18 - 25","18 - 30","uuid:f47c8ad1-3d91-4b69-917e-ad33e3698480","uuid:807f86f9-e20b-480e-bed9-bf63737b40ef",0,NA,NA,NA,NA,NA,NA,0,NA,"little","little","moderate","equal","little","moderate",1,1,0,"Income sources unreported",7,1,1,0,1,7,1,0,1,1,0,1,0,0,0,3,0.337569344275583,2.75628626811297e-07,0.276221064086592,0.0238715452714838,"Moderately Food Insecure"
"36GEC8","F",33,"coranique","Calebasses","M","26 - 55","31 - 50","26 - 55","31 - 50","uuid:644edc5b-33b5-46b8-940f-6988bd636e10","uuid:f60b7742-2278-4419-82a3-2d69eb554580",0,NA,NA,NA,NA,NA,NA,0,NA,"little","little","little","equal","little","moderate",1,1,0,"Income sources unreported",7,1,1,0,1,10,1,0,0,0,0,0,0,0,0,0,0,0,0.276221064086592,0.0238715452714838,"Food Secure"
"X4OBZH","F",45,"coranique","Producteurs","F","26 - 55","31 - 50","26 - 55","18 - 30","uuid:5ba80515-cd72-459f-81bb-19eddeae6414","uuid:91a949a7-a196-4593-9267-74e9ea9c869a",3,3,0.666666666666667,12,20000,1666.66666666667,0.620031001550078,4,4,"little","little","moderate","equal","little","none",1,1,1,"Crop farming only",7,1,1,1,0,8,1,0,1,1,0,0,0,0,0,2,0.0932852837366366,5.37366418029706e-09,0.276221064086592,0.0238715452714838,"Mildly Food Insecure"
"GLCI8E","F",35,"coranique","Consommateurs","M","26 - 55","31 - 50","26 - 55","31 - 50","uuid:f4272623-1ba5-4272-836a-3d1ac49e9c30","uuid:c9b50e17-c9ac-4f2a-986a-e65a8bd9ef08",0,NA,NA,NA,NA,NA,NA,0,NA,"no_reponse","no_reponse","little","equal","no_reponse","no_reponse",1,1,0,"Income sources unreported",7,1,0,0,1,12,1,0,0,0,0,0,0,0,0,0,0,0,0.276221064086592,0.0238715452714838,"Food Secure"
"UAEDSM","M",44,"adult_education","Consommateurs","M","26 - 55","31 - 50","18 - 25","18 - 30","uuid:8601f306-a5ea-4061-a856-35f3056aa508","uuid:c9383792-b33a-4f07-867a-71109950b11a",0,NA,NA,NA,NA,NA,NA,0,NA,"no_reponse","no_reponse","no_reponse","equal","no_reponse","no_reponse",1,1,0,"Income sources unreported",7,1,0,0,1,12,1,0,0,0,0,0,0,0,0,0,0,0,0.276221064086592,0.0238715452714838,"Food Secure"
"INLP17","F",30,"postsecondary","Consommateurs","M","26 - 55","18 - 30","26 - 55","18 - 30","uuid:88e27574-ca21-4799-988f-eb539a1c4ec0","uuid:2a6613be-e74b-489b-b4c4-e7956778188f",0,NA,NA,NA,NA,NA,NA,0,NA,"no_reponse","no_reponse","no_reponse","equal","no_reponse","no_reponse",1,1,0,"Income sources unreported",7,1,0,0,1,12,1,0,0,1,0,0,0,0,0,1,0.0207601978942691,6.35569774587452e-09,0.276221064086592,0.0238715452714838,"Mildly Food Insecure"
"UYXBMT","F",25,"secondary","Consommateurs","M","18 - 25","18 - 30","18 - 25","18 - 30","uuid:bcf774d9-b318-4deb-9a61-97b47b7347e8","uuid:0d1f53aa-0986-4f52-bcba-d35e41628feb",0,NA,NA,NA,NA,NA,NA,0,NA,"none","none","moderate","equal","no_reponse","little",0,0.166666666666667,0,"Income sources unreported",4,0,1,1,0,6,1,1,1,1,1,1,1,1,1,8,0.999226411662059,0.643822905735218,0.276221064086592,0.0238715452714838,"Severely Food Insecure"
"594","M",56,"primary","Calebasses","M","55+","51+","26 - 55","51+","uuid:c4b02c84-5e7c-45f4-959b-b40d75f69bab","uuid:f1c3ac36-76d5-4e11-98ee-3447ecacb1d5",1,1,1,0.0577,300,5199.30675909879,0,1,1,"none","no_reponse","moderate","equal","no_reponse","little",1,0.166666666666667,2,"Crop farming + Off-farm sources",4,0,1,1,1,6,1,1,0,1,0,1,1,1,0,5,0.922388641318079,0.00153586489675683,0.276221064086592,0.0238715452714838,"Moderately Food Insecure"
"157","M",28,"primary","Transformateurs","M","26 - 55","18 - 30","18 - 25","18 - 30","uuid:5db1bf6f-07ec-45b8-89ce-8dd7f21dd230","uuid:3b6488f2-1994-435d-8376-5e5c76afe970",0,NA,NA,NA,NA,NA,NA,0,NA,"none","none","moderate","moderate","moderate","moderate",0,0,0,"Income sources unreported",6,0,0,0,0,8,1,0,0,0,0,0,0,0,0,0,0,0,0.276221064086592,0.0238715452714838,"Food Secure"
"153","F",36,"primary","Transformateurs","M","26 - 55","31 - 50","26 - 55","31 - 50","uuid:ed8d2b9f-f7c7-4729-950f-19b154d460cd","uuid:72516731-62e2-4678-aca5-33f79ca2952a",0,NA,NA,NA,NA,NA,NA,0,NA,"none","none","little","equal","moderate","little",0,0.25,0,"Income sources unreported",6,0,0,0,0,8,1,0,0,0,0,0,0,0,0,0,0,0,0.276221064086592,0.0238715452714838,"Food Secure"
"475","M",34,"primary","Consommateurs","M","26 - 55","31 - 50","26 - 55","18 - 30","uuid:e7b2d72d-d655-4798-9956-9e4b5d547a15","uuid:9a52ba49-36db-4d11-bb6a-ef3c8c38940e",0,NA,NA,NA,NA,NA,NA,0,NA,"little","moderate","moderate","little","little","little",1,0.666666666666667,0,"Income sources unreported",7,1,1,1,1,8,1,0,1,0,0,0,0,0,0,1,0.0207601978942691,6.35569774587452e-09,0.276221064086592,0.0238715452714838,"Mildly Food Insecure"
"71","M",46,"secondary","Producteurs","M","26 - 55","31 - 50","26 - 55","31 - 50","uuid:e51a4193-b91b-4952-8765-acf9e7f684b4","uuid:5102c8b3-2870-46e1-a723-5eca066bfb09",6,1,NA,2,1350,675,0,4,1,"little","little","little","little","none","little",1,0.666666666666667,1,"Crop farming only",7,1,1,0,1,8,1,0,0,0,0,0,0,0,0,0,0,0,0.276221064086592,0.0238715452714838,"Food Secure"
"21","M",40,"primary","Producteurs","M","26 - 55","31 - 50","26 - 55","18 - 30","uuid:2615701c-647c-4d1a-8261-7e7aaca72815","uuid:74e9fa0f-2438-4da7-9a97-59988e4721f2",7,1,NA,1,6800,6800,0,0,0,"little","little","little","little","little","moderate",1,0.666666666666667,1,"Crop farming only",7,1,1,1,0,6,1,0,0,0,0,0,0,0,0,0,0,0,0.276221064086592,0.0238715452714838,"Food Secure"
"22","F",49,"secondary","Producteurs","F","26 - 55","31 - 50","26 - 55","31 - 50","uuid:58f0bd1f-700d-40f5-aca0-f8a3f19fb3ec","uuid:316ad4be-0133-48e8-9aa9-474c776c0459",5,1,NA,1,6500,6500,0,0,0,"no_reponse","equal","little","equal","moderate","equal",1,1,1,"Crop farming only",7,1,1,1,1,8,1,1,1,1,0,1,1,1,0,6,0.988189553227647,0.0413850653165367,0.276221064086592,0.0238715452714838,"Moderately Food Insecure"
"20","M",40,"primary","Producteurs","M","26 - 55","31 - 50","26 - 55","31 - 50","uuid:befcb4be-5146-4f08-869f-15a6b6e18086","uuid:f7d4482e-9cda-4a69-ba8e-82190961e29e",7,1,NA,1,6500,6500,0,0,0,"little","little","little","little","little","little",1,0.8,1,"Crop farming only",7,1,1,1,1,7,1,0,1,0,0,0,0,0,0,1,0.0207601978942691,6.35569774587452e-09,0.276221064086592,0.0238715452714838,"Mildly Food Insecure"
"8","M",36,"postsecondary","Producteurs","M","26 - 55","31 - 50","26 - 55","18 - 30","uuid:48dc26b1-7bb0-4a31-bc01-0b5d0a1999ea","uuid:57eb4823-ed06-42ac-ac1b-c54a23615f96",10,1,NA,1,6500,6500,0,0,0,"little","little","little","little","little","little",1,0.571428571428571,1,"Crop farming only",6,0,1,1,1,8,1,0,1,0,0,0,0,0,0,1,0.0207601978942691,6.35569774587452e-09,0.276221064086592,0.0238715452714838,"Mildly Food Insecure"
"5","M",64,"coranique","Producteurs","M","55+","51+","26 - 55","31 - 50","uuid:f3980787-4c02-4e6d-b63e-af1ee9c7a90f","uuid:8cca534e-f873-4e33-8ee5-b3ada8c52b65",10,1,NA,1,400,400,0,0,0,"little","little","little","little","little","little",1,0.714285714285714,1,"Crop farming only",7,1,0,0,1,6,1,0,0,0,0,0,0,0,0,0,0,0,0.276221064086592,0.0238715452714838,"Food Secure"
"6","M",63,"postsecondary","Producteurs","M","55+","51+","26 - 55","51+","uuid:1f12f3e0-e269-4581-8937-b05a73b5237f","uuid:8d488211-0858-4b0e-832e-3a6069763350",8,1,NA,0.013333,400,30000.7500187505,0,0,0,"little","little","little","little","little","little",1,1,1,"Crop farming only",6,0,1,1,1,8,1,0,1,0,0,0,0,0,0,1,0.0207601978942691,6.35569774587452e-09,0.276221064086592,0.0238715452714838,"Mildly Food Insecure"
"195","F",58,"primary","Transformateurs","M","55+","51+","55+","51+","uuid:e979352a-8df3-4fde-b17d-586946f55833","uuid:81b34a55-9529-4d08-9a46-d5a4a2a9b53a",0,NA,NA,NA,NA,NA,NA,0,NA,"none","moderate","moderate","moderate","moderate","moderate",1,0.75,0,"Income sources unreported",6,0,0,0,0,8,1,0,0,0,0,0,0,0,0,0,0,0,0.276221064086592,0.0238715452714838,"Food Secure"
"194","F",59,"primary","Transformateurs","F","55+","51+","55+","51+","uuid:f4d82254-3743-43a1-aa99-1cd34efad8b2","uuid:92725b76-d1c8-4264-b4c2-caeb2d3f139e",0,NA,NA,NA,NA,NA,NA,0,NA,"no_reponse","no_reponse","equal","equal","moderate","equal",1,1,0,"Income sources unreported",6,0,0,0,0,9,1,0,0,0,0,0,0,0,0,0,0,0,0.276221064086592,0.0238715452714838,"Food Secure"
"434","F",39,"primary","Consommateurs","M","26 - 55","31 - 50","26 - 55","31 - 50","uuid:6795e2ab-5889-4f68-894b-50a66ac58ebb","uuid:d32a9f89-53ae-46cb-b7bc-b8bc4b219bfa",0,NA,NA,NA,NA,NA,NA,0,NA,"none","none","moderate","moderate","moderate","moderate",1,0.75,0,"Income sources unreported",6,0,0,0,0,8,1,0,0,0,0,0,0,0,0,0,0,0,0.276221064086592,0.0238715452714838,"Food Secure"
"432","F",53,"secondary","Consommateurs","M","26 - 55","51+","26 - 55","51+","uuid:4034e143-5161-4fd5-9afd-65605568f54b","uuid:3be03daf-83d9-4205-af90-0c214e0ddb0d",0,NA,NA,NA,NA,NA,NA,0,NA,"none","none","none","moderate","moderate","moderate",1,0.75,0,"Income sources unreported",6,0,0,0,0,10,1,0,0,0,0,0,0,0,0,0,0,0,0.276221064086592,0.0238715452714838,"Food Secure"
"307","M",29,"primary","Commerçants","M","26 - 55","18 - 30","26 - 55","18 - 30","uuid:eb5f3430-e943-4c21-b86b-82b53caae80a","uuid:180cdb19-c1e9-46d5-ba86-6be0b9e8eb16",0,NA,NA,NA,NA,NA,NA,0,NA,"none","none","none","moderate","moderate","moderate",1,0.75,0,"Income sources unreported",6,0,0,0,0,9,1,0,0,0,0,0,0,0,0,0,0,0,0.276221064086592,0.0238715452714838,"Food Secure"
"199","F",60,"primary","Transformateurs","M","55+","51+","55+","51+","uuid:eb1c8037-04a8-40e3-9721-0995861f2074","uuid:f7fb720c-4f27-4c42-854f-776f65d30b8c",0,NA,NA,NA,NA,NA,NA,0,NA,"none","none","none","moderate","moderate","moderate",1,0.8,0,"Income sources unreported",6,0,0,0,1,10,1,0,0,0,0,0,0,0,0,0,0,0,0.276221064086592,0.0238715452714838,"Food Secure"
"163","F",23,"primary","Transformateurs","M","18 - 25","18 - 30","18 - 25","18 - 30","uuid:5edc7b6c-e7c8-415c-abe8-a042a744d308","uuid:187cb954-3755-41e0-9a12-c940d2261bf8",0,NA,NA,NA,NA,NA,NA,0,NA,"none","none","none","equal","moderate","little",1,0.75,0,"Income sources unreported",6,0,0,0,0,10,1,0,0,0,0,0,0,0,0,0,0,0,0.276221064086592,0.0238715452714838,"Food Secure"
"BSGBB9","F",46,"primary","Consommateurs","F","26 - 55","31 - 50","26 - 55","31 - 50","uuid:648f3abf-df17-45be-877d-f2a7dd5dfdef","uuid:100bc08b-de63-4747-82a6-99f5cb21b10e",0,NA,NA,NA,NA,NA,NA,0,NA,"no_reponse","no_reponse","no_reponse","equal","moderate","none",1,1,0,"Income sources unreported",6,0,1,0,0,9,1,0,0,0,0,0,0,0,0,0,0,0,0.276221064086592,0.0238715452714838,"Food Secure"
"308","F",45,"primary","Commerçants","M","26 - 55","31 - 50","26 - 55","31 - 50","uuid:040b8d42-9bb3-4567-9935-470a89460410","uuid:fb6a99f0-db07-4d22-87ba-d7bd9558b623",3,2,0.555555555555556,0.45,300,666.666666666667,0.445930880713489,1,1,"little","none","none","moderate","little","moderate",1,0.6,2,"Crop farming + Off-farm sources",6,0,1,1,1,8,1,0,0,0,0,0,0,0,0,0,0,0,0.276221064086592,0.0238715452714838,"Food Secure"
"N4BYNN","F",44,"primary","Transformateurs","M","26 - 55","31 - 50","26 - 55","31 - 50","uuid:05bed875-09a0-4c45-a4f8-11db9cafa666","uuid:69c92ad9-6ed4-4b62-92fd-8f1445452005",0,NA,NA,NA,NA,NA,NA,0,NA,"little","moderate","equal","moderate","little","little",1,1,0,"Income sources unreported",6,0,1,0,0,7,1,0,1,1,1,1,1,0,0,5,0.922388641318079,0.00153586489675683,0.276221064086592,0.0238715452714838,"Moderately Food Insecure"
"447","M",54,"primary","Consommateurs","M","26 - 55","51+","26 - 55","31 - 50","uuid:7319a80c-42ab-46b7-8b82-07910f7a8263","uuid:288905e6-628f-4cd7-9429-fdb7bbd0bfa4",1,1,1,0.5,100,200,0,1,1,"none","none","little","moderate","little","none",1,1,1,"Crop farming only",6,0,1,0,0,6,1,1,1,1,1,1,1,0,0,6,0.988189553227647,0.0413850653165367,0.276221064086592,0.0238715452714838,"Moderately Food Insecure"
"AASYY2","F",38,"primary","Calebasses","M","26 - 55","31 - 50","26 - 55","31 - 50","uuid:1952d809-512b-4c49-92a1-f9393b863e59","uuid:6fd45c43-2a06-47ee-8f53-b73aaba8ca3d",0,NA,NA,NA,NA,NA,NA,0,NA,"equal","moderate","equal","moderate","little","none",1,0.75,0,"Income sources unreported",7,1,1,0,0,10,1,0,0,0,0,0,0,0,0,0,0,0,0.276221064086592,0.0238715452714838,"Food Secure"
"O74I8E","F",45,"coranique","Consommateurs","M","26 - 55","31 - 50","26 - 55","31 - 50","uuid:ee614033-2861-48fd-a0dd-cdd6c87d1864","uuid:b7cff7e0-3464-4609-aa03-04b0020bf3d6",2,1,1,0.4,1000,2500,0,1,1,"little","little","little","moderate","little","little",1,1,1,"Crop farming only",6,0,1,0,0,9,1,0,0,0,0,0,0,0,0,0,0,0,0.276221064086592,0.0238715452714838,"Food Secure"
"7XV6AR","F",50,"primary","Calebasses","M","26 - 55","31 - 50","26 - 55","31 - 50","uuid:a6566b8b-7fdd-4451-93e2-24ead7f6e42b","uuid:59eeed21-ed0c-4012-abba-cd6175c64c57",0,NA,NA,NA,NA,NA,NA,0,NA,"little","moderate","moderate","moderate","little","little",1,0.8,0,"Income sources unreported",7,1,1,0,0,10,1,0,0,0,0,0,0,0,0,0,0,0,0.276221064086592,0.0238715452714838,"Food Secure"
"197","F",46,"postsecondary","Transformateurs","M","26 - 55","31 - 50","26 - 55","31 - 50","uuid:42b7dee2-5e2a-4703-91df-15b632e4c1c8","uuid:9af73b9d-c34a-469d-b732-0b13291722f8",0,NA,NA,NA,NA,NA,NA,0,NA,"none","none","none","moderate","moderate","moderate",1,0.6,0,"Income sources unreported",6,0,0,0,1,9,1,0,0,0,0,0,0,0,0,0,0,0,0.276221064086592,0.0238715452714838,"Food Secure"
"198","F",35,"secondary","Transformateurs","M","26 - 55","31 - 50","26 - 55","31 - 50","uuid:711fbd77-36ee-42f4-bb6a-863ea69282ca","uuid:0596ff2f-cbcb-45b3-8084-9ac27e5fb1c3",0,NA,NA,NA,NA,NA,NA,0,NA,"none","none","none","moderate","moderate","moderate",1,0.6,0,"Income sources unreported",6,0,0,0,1,10,1,0,0,0,0,0,0,0,0,0,0,0,0.276221064086592,0.0238715452714838,"Food Secure"
"PARYVY","M",30,"primary","Consommateurs","M","26 - 55","18 - 30","18 - 25","18 - 30","uuid:3e28cef0-a37d-402e-acaf-43faddef2b2d","uuid:a113d259-2d05-423e-a71b-3b584c35e528",0,NA,NA,NA,NA,NA,NA,0,NA,"none","none","none","equal","moderate","little",1,0.5,0,"Income sources unreported",6,0,0,0,0,8,1,0,0,0,0,0,0,0,0,0,0,0,0.276221064086592,0.0238715452714838,"Food Secure"
"433","F",25,"postsecondary","Consommateurs","M","18 - 25","18 - 30","18 - 25","18 - 30","uuid:7bad1924-7c04-4ed3-87cc-311ebba73c9c","uuid:3cc5ea55-4087-4d9b-a364-7a0652596116",0,NA,NA,NA,NA,NA,NA,0,NA,"none","none","none","equal","moderate","none",0,0.2,0,"Income sources unreported",6,0,0,0,1,9,1,0,0,0,0,0,0,0,0,0,0,0,0.276221064086592,0.0238715452714838,"Food Secure"
"RPAU4F","F",47,"postsecondary","Commerçants","M","26 - 55","31 - 50","26 - 55","31 - 50","uuid:845900b7-2a48-489a-822b-462ddd7b0e58","uuid:b076d00f-9a50-45ed-8022-58beaf98b83e",0,NA,NA,NA,NA,NA,NA,0,NA,"none","none","none","moderate","moderate","moderate",1,0.6,0,"Income sources unreported",6,0,0,0,1,10,1,0,0,0,0,0,0,0,0,0,0,0,0.276221064086592,0.0238715452714838,"Food Secure"
"430","F",60,"secondary","Consommateurs","F","55+","51+","55+","51+","uuid:14faec2f-e8b9-4c9f-9f27-ec97a206c35e","uuid:491a88e2-0f0f-4479-a8a1-fcaff5e33daf",0,NA,NA,NA,NA,NA,NA,0,NA,"none","none","none","equal","none","none",1,1,0,"Income sources unreported",6,0,0,0,0,10,1,0,0,0,0,0,0,0,0,0,0,0,0.276221064086592,0.0238715452714838,"Food Secure"
"E1R62X","F",40,"primary","Transformateurs","M","26 - 55","31 - 50","26 - 55","31 - 50","uuid:4531baab-4eda-4abe-b068-431eebc46bd8","uuid:dc3933cb-f7a1-4d53-a903-2e9ce3b6ede5",0,NA,NA,NA,NA,NA,NA,0,NA,"none","none","none","moderate","moderate","moderate",1,0.75,0,"Income sources unreported",6,0,0,0,0,8,1,0,0,0,0,0,0,0,0,0,0,0,0.276221064086592,0.0238715452714838,"Food Secure"
"175","F",24,"secondary","Transformateurs","M","18 - 25","18 - 30","18 - 25","18 - 30","uuid:471154e0-6754-40b3-959e-9e0f6bb358e7","uuid:80d7c02c-846f-4f7f-ab0d-e107f7448d7e",0,NA,NA,NA,NA,NA,NA,0,NA,"little","little","little","little","moderate","no_reponse",1,0.75,0,"Income sources unreported",6,0,1,1,1,6,1,0,0,0,0,0,0,0,0,0,0,0,0.276221064086592,0.0238715452714838,"Food Secure"
"178","F",45,"secondary","Transformateurs","F","26 - 55","31 - 50","26 - 55","31 - 50","uuid:2e4be29f-e10f-44ca-939e-90f502d01110","uuid:14e57349-1899-412f-9b36-21f1cdbbc5d6",0,NA,NA,NA,NA,NA,NA,0,NA,"little","little","little","little","little","equal",1,1,0,"Income sources unreported",7,1,1,0,1,9,1,0,0,0,0,0,0,0,0,0,0,0,0.276221064086592,0.0238715452714838,"Food Secure"
"179","F",36,"secondary","Transformateurs","M","26 - 55","31 - 50","26 - 55","31 - 50","uuid:ed3ed24d-1bd5-43d3-8c13-5db1534e62de","uuid:765635cb-7029-4d34-8e79-3204cf42722a",0,NA,NA,NA,NA,NA,NA,0,NA,"little","moderate","moderate","little","little","little",1,1,0,"Income sources unreported",7,1,1,1,1,10,1,0,0,0,0,0,0,0,0,0,0,0,0.276221064086592,0.0238715452714838,"Food Secure"
"173","F",29,"secondary","Transformateurs","M","26 - 55","18 - 30","26 - 55","18 - 30","uuid:02d9fcc5-8844-487f-82a6-64f020ed8f62","uuid:563b2623-3dda-485d-898b-f6155746d6ff",0,NA,NA,NA,NA,NA,NA,0,NA,"moderate","no_reponse","moderate","equal","moderate","moderate",1,0.8,0,"Income sources unreported",7,1,1,1,1,7,1,1,0,1,0,1,1,1,0,5,0.922388641318079,0.00153586489675683,0.276221064086592,0.0238715452714838,"Moderately Food Insecure"
"177","F",39,"secondary","Transformateurs","M","26 - 55","31 - 50","26 - 55","31 - 50","uuid:9eb04c7b-c38a-4fec-a751-fe7b3bec8c5c","uuid:42679a37-4bd3-4885-b4c2-7af383c496d7",0,NA,NA,NA,NA,NA,NA,0,NA,"little","little","little","little","moderate","moderate",1,0.8,0,"Income sources unreported",7,1,1,0,1,6,1,0,0,0,0,0,0,0,0,0,0,0,0.276221064086592,0.0238715452714838,"Food Secure"
"174","F",26,"secondary","Transformateurs","M","18 - 25","18 - 30","18 - 25","18 - 30","uuid:5060e1d6-10e2-4483-8cd6-319a140cea9d","uuid:ccd4cf07-c9c3-45af-a25c-28dd6f948887",0,NA,NA,NA,NA,NA,NA,0,NA,"moderate","no_reponse","little","little","moderate","no_reponse",1,1,0,"Income sources unreported",6,0,1,0,1,7,1,0,0,0,0,0,0,0,0,0,0,0,0.276221064086592,0.0238715452714838,"Food Secure"
"172","F",31,"secondary","Transformateurs","M","26 - 55","18 - 30","26 - 55","18 - 30","uuid:2b46eefb-373f-45ba-960a-d4eb818f5f86","uuid:610826f9-01c1-4486-b63a-464f332e2c96",0,NA,NA,NA,NA,NA,NA,0,NA,"little","little","little","little","no_reponse","none",1,1,0,"Income sources unreported",7,1,1,0,1,7,1,0,0,1,0,0,0,0,0,1,0.0207601978942691,6.35569774587452e-09,0.276221064086592,0.0238715452714838,"Mildly Food Insecure"
"181","F",25,"primary","Transformateurs","M","18 - 25","18 - 30","18 - 25","18 - 30","uuid:8f48af42-dad2-4d84-9028-774180855fbd","uuid:381a739c-70ac-4fc1-92bf-40d4245ae579",0,NA,NA,NA,NA,NA,NA,0,NA,"little","little","little","little","little","little",1,0.6,0,"Income sources unreported",7,1,1,0,1,7,1,1,1,0,0,0,0,0,0,2,0.0932852837366366,5.37366418029706e-09,0.276221064086592,0.0238715452714838,"Mildly Food Insecure"
"169","F",58,"secondary","Transformateurs","F","55+","51+","55+","51+","uuid:a7256b8b-317d-4747-9498-9907cf1829b4","uuid:8326840d-d7b9-4796-baa8-55a3079e9acf",0,NA,NA,NA,NA,NA,NA,0,NA,"no_reponse","no_reponse","no_reponse","equal","moderate","more_than",1,1,0,"Income sources unreported",7,1,1,1,1,9,1,0,0,0,0,0,0,0,0,0,0,0,0.276221064086592,0.0238715452714838,"Food Secure"
"310","F",42,"secondary","Commerçants","M","26 - 55","31 - 50","26 - 55","31 - 50","uuid:e3cc82a9-8ead-4377-ac08-df61f9df94a6","uuid:473be5b0-d44a-4153-ba65-41e9bab89ad4",0,NA,NA,NA,NA,NA,NA,0,NA,"moderate","moderate","little","equal","little","little",1,0.5,0,"Income sources unreported",6,0,1,0,1,11,1,0,0,0,0,0,0,0,0,0,0,0,0.276221064086592,0.0238715452714838,"Food Secure"
"315","F",60,"secondary","Commerçants","M","55+","51+","55+","51+","uuid:c4d43f25-a69c-488b-897e-8ccea64defdc","uuid:892f2829-4334-42e8-affa-65752e1d880c",0,NA,NA,NA,NA,NA,NA,0,NA,"equal","equal","equal","equal","moderate","equal",1,0.25,0,"Income sources unreported",6,0,1,0,0,10,1,0,0,0,0,0,0,0,0,0,0,0,0.276221064086592,0.0238715452714838,"Food Secure"
"456","F",68,"secondary","Consommateurs","F","55+","51+","55+","51+","uuid:bc3961fa-fd64-491d-b688-bd34b394a10d","uuid:23545b5b-eee9-4635-8f91-96b435a5f0aa",0,NA,NA,NA,NA,NA,NA,0,NA,"no_reponse","no_reponse","no_reponse","equal","moderate","none",1,1,0,"Income sources unreported",7,1,0,0,1,12,1,0,0,0,0,0,0,0,0,0,0,0,0.276221064086592,0.0238715452714838,"Food Secure"
"301","F",66,"primary","Commerçants","F","55+","51+","55+","51+","uuid:7d8139ac-a571-4af1-87bb-125628b62369","uuid:72d8bfe3-ca8b-4866-afd3-49e95828fd43",0,NA,NA,NA,NA,NA,NA,0,NA,"equal","equal","equal","equal","moderate","equal",1,1,0,"Income sources unreported",7,1,0,0,1,10,1,0,0,0,0,0,0,0,0,0,0,0,0.276221064086592,0.0238715452714838,"Food Secure"
"445","M",72,"postsecondary","Consommateurs","M","55+","51+","26 - 55","31 - 50","uuid:f7138cfe-768d-46ec-8c7c-4ef6d3643959","uuid:9d63000b-b0ba-4323-af54-a542b065bb1d",0,NA,NA,NA,NA,NA,NA,0,NA,"little","little","little","equal","little","none",1,1,0,"Income sources unreported",7,1,0,0,1,12,1,0,0,0,0,0,0,0,0,0,0,0,0.276221064086592,0.0238715452714838,"Food Secure"
"317","F",66,"primary","Commerçants","M","55+","51+","55+","51+","uuid:c8adfcd1-085e-4b73-a1b8-78089144836a","uuid:998f6522-7930-4296-b45f-7ef701e809d6",0,NA,NA,NA,NA,NA,NA,0,NA,"none","equal","none","moderate","little","none",1,1,0,"Income sources unreported",7,1,0,0,0,12,1,0,0,0,0,0,0,0,0,0,0,0,0.276221064086592,0.0238715452714838,"Food Secure"
"314","F",64,"secondary","Commerçants","M","55+","51+","55+","51+","uuid:4c6d6a23-d756-45fa-b586-637588579599","uuid:26eb9b0a-99b9-418c-b32b-7c8efd6010bb",0,NA,NA,NA,NA,NA,NA,0,NA,"equal","equal","equal","moderate","equal","equal",1,1,0,"Income sources unreported",6,0,1,0,0,8,1,0,0,0,0,0,0,0,0,0,0,0,0.276221064086592,0.0238715452714838,"Food Secure"
"SM5C2A","F",35,"primary","Producteurs","M","26 - 55","31 - 50","26 - 55","31 - 50","uuid:6fc88861-6042-4734-87bb-18b23ab21db4","uuid:159248d4-aa2a-4eb6-9c9c-6e5efea5a82b",0,NA,NA,NA,NA,NA,NA,0,NA,"little","moderate","none","moderate","little","moderate",1,0.8,0,"Income sources unreported",7,1,1,0,1,9,1,0,0,0,0,0,0,0,0,0,0,0,0.276221064086592,0.0238715452714838,"Food Secure"
"522","F",36,"secondary","Calebasses","M","26 - 55","31 - 50","26 - 55","31 - 50","uuid:d704e25c-bdb6-4470-aca8-5794d3a068b8","uuid:7ff3f674-d06a-428b-aeff-5276f5664de3",0,NA,NA,NA,NA,NA,NA,0,NA,"little","little","none","moderate","little","moderate",0,0.2,0,"Income sources unreported",7,1,1,0,0,9,1,0,0,0,0,0,0,0,0,0,0,0,0.276221064086592,0.0238715452714838,"Food Secure"
"Y14S42","F",30,"primary","Calebasses","M","26 - 55","18 - 30","26 - 55","18 - 30","uuid:4ae6d61d-5cea-4d4c-a6f5-704df9aba480","uuid:6fc485a8-3d37-4897-8258-cd25eecd8888",0,NA,NA,NA,NA,NA,NA,0,NA,"little","moderate","none","moderate","little","little",1,0.571428571428571,0,"Income sources unreported",7,1,1,0,1,10,1,0,0,0,0,0,0,0,0,0,0,0,0.276221064086592,0.0238715452714838,"Food Secure"
"193","F",45,"coranique","Transformateurs","M","26 - 55","31 - 50","26 - 55","31 - 50","uuid:d1f9a901-0ddc-4811-a3e5-319da503fccb","uuid:c8ae1370-f758-436f-9b00-158f3a8d279d",4,2,0.5,3,850,283.333333333333,0.207856994387861,1,1,"moderate","equal","little","equal","moderate","little",1,0.888888888888889,2,"Crop farming + Off-farm sources",7,1,1,0,0,10,1,0,0,0,0,0,0,0,0,0,0,0,0.276221064086592,0.0238715452714838,"Food Secure"
"I2XEN5","F",67,"coranique","Calebasses","M","55+","51+","26 - 55","31 - 50","uuid:dde7db34-7aed-457e-9b46-f3b96b9ce3b1","uuid:4966fea8-59df-45c1-a267-1e8ede44f644",4,2,0.411764705882353,1.7,450,264.705882352941,0.44543429844098,0,0,"moderate","equal","little","equal","little","little",1,0.714285714285714,2,"Crop farming + Off-farm sources",6,0,1,0,1,9,1,0,0,0,0,0,0,0,0,0,0,0,0.276221064086592,0.0238715452714838,"Food Secure"
"U8B8T1","F",73,"primary","Calebasses","F","55+","51+","26 - 55","31 - 50","uuid:c20cbd30-39f1-4c98-b58e-5ddacce681b4","uuid:703d3297-4759-459e-8a30-aed7e2464127",3,2,NA,0.75,9050,12066.6666666667,0.0109898899118306,0,0,"moderate","little","equal","equal","moderate","equal",1,0.571428571428571,2,"Crop farming + Off-farm sources",7,1,1,0,1,8,1,0,0,0,0,0,0,0,0,0,0,0,0.276221064086592,0.0238715452714838,"Food Secure"
"525","F",51,"secondary","Calebasses","M","26 - 55","51+","26 - 55","51+","uuid:63d16b00-ff57-45a1-bf59-223e71004ed7","uuid:5ed7f3b5-1f6b-4022-8205-0c16dc3a28a9",0,NA,NA,NA,NA,NA,NA,0,NA,"moderate","moderate","little","equal","moderate","moderate",1,0.666666666666667,0,"Income sources unreported",7,1,1,0,0,7,1,0,0,0,0,0,0,0,0,0,0,0,0.276221064086592,0.0238715452714838,"Food Secure"
"T1SNN9","F",20,"coranique","Calebasses","M","18 - 25","18 - 30","18 - 25","18 - 30","uuid:87cde266-f534-4e76-aa0f-0fb3b04628eb","uuid:da07be71-9e63-4cb0-8878-b11be527d8b1",0,NA,NA,NA,NA,NA,NA,0,NA,"little","moderate","little","moderate","little","moderate",1,1,0,"Income sources unreported",7,1,1,1,1,7,1,1,1,1,1,1,1,1,0,7,0.998120533323179,0.356687404917374,0.276221064086592,0.0238715452714838,"Moderately Food Insecure"
"100","F",28,"postsecondary","Producteurs","M","26 - 55","18 - 30","26 - 55","18 - 30","uuid:2b80e6e7-cf79-4689-afec-c879e4d78c03","uuid:ffe808ea-1442-415f-b64a-817e47f108a1",2,2,1,1.05,1003,955.238095238095,0.00597011361126198,2,2,"little","little","moderate","moderate","little","moderate",1,1,1,"Crop farming only",7,1,1,1,0,7,1,1,1,1,0,0,0,0,0,3,0.337569344275583,2.75628626811297e-07,0.276221064086592,0.0238715452714838,"Mildly Food Insecure"
"97","F",52,"coranique","Producteurs","F","26 - 55","51+","26 - 55","51+","uuid:87d0abc8-4559-4180-875d-779e709f7059","uuid:3538d85a-62c5-4123-a017-6c47ce9e2022",2,2,0.5,2,2500,1250,0.320128051220488,0,0,"none","none","none","none","none","none",1,1,1,"Crop farming only",7,1,1,1,0,6,1,1,1,1,0,0,0,0,0,3,0.337569344275583,2.75628626811297e-07,0.276221064086592,0.0238715452714838,"Mildly Food Insecure"
"495","F",25,"coranique","Calebasses","M","18 - 25","18 - 30","18 - 25","18 - 30","uuid:cda52dec-17d5-4ffe-b027-3e76983d12e6","uuid:9a0a02de-8fa1-4047-bf3c-0e9b5e01dca6",0,NA,NA,NA,NA,NA,NA,0,NA,"little","little","moderate","moderate","little","moderate",1,1,0,"Income sources unreported",7,1,1,1,0,7,1,1,1,1,0,0,0,0,0,3,0.337569344275583,2.75628626811297e-07,0.276221064086592,0.0238715452714838,"Mildly Food Insecure"
"BE01J3","F",40,"coranique","Calebasses","M","26 - 55","31 - 50","26 - 55","31 - 50","uuid:d5878ca2-8101-4788-896f-9dae7b8a0512","uuid:e1997a31-3fc0-4164-9997-ff1a320006be",0,NA,NA,NA,NA,NA,NA,0,NA,"little","little","little","moderate","little","moderate",1,1,0,"Income sources unreported",7,1,1,1,0,8,1,1,1,1,0,1,0,0,0,4,0.695132798930907,2.59281945041989e-05,0.276221064086592,0.0238715452714838,"Moderately Food Insecure"
"SOR48M","F",30,"coranique","Producteurs","M","26 - 55","18 - 30","26 - 55","18 - 30","uuid:98fd8f14-9a18-4f20-aa79-35c3bb959a3d","uuid:4fded1ad-d074-4d4e-89d0-1a5366d90228",3,1,NA,1,500,500,0,2,2,"none","none","none","none","none","none",1,1,1,"Crop farming only",7,1,0,0,0,7,1,1,1,1,0,0,0,0,0,3,0.337569344275583,2.75628626811297e-07,0.276221064086592,0.0238715452714838,"Mildly Food Insecure"
"GDBM2K","F",50,"coranique","Calebasses","M","26 - 55","31 - 50","26 - 55","31 - 50","uuid:0f685747-fa7b-44d1-876d-ca1f3b1392b8","uuid:5401514b-3a90-4137-8cee-2470b6d8f058",0,NA,NA,NA,NA,NA,NA,0,NA,"little","moderate","moderate","moderate","moderate","moderate",1,1,0,"Income sources unreported",5,0,1,1,0,10,1,1,1,1,1,1,1,0,0,6,0.988189553227647,0.0413850653165367,0.276221064086592,0.0238715452714838,"Moderately Food Insecure"
"98","F",55,"coranique","Producteurs","F","26 - 55","51+","26 - 55","51+","uuid:7a1e33cd-7931-4083-ba87-1e4c8f764f7a","uuid:3b5f1220-b421-4443-99f7-ad38a0b17b2f",4,1,NA,1,1000,1000,0,1,1,"little","moderate","moderate","equal","equal","equal",1,1,1,"Crop farming only",5,0,0,0,0,10,1,1,1,1,0,1,0,0,0,4,0.695132798930907,2.59281945041989e-05,0.276221064086592,0.0238715452714838,"Moderately Food Insecure"
"103","F",30,"coranique","Producteurs","M","26 - 55","18 - 30","26 - 55","18 - 30","uuid:58673e62-c32b-4a0d-8732-5fc7d5680cd1","uuid:f5dfc22b-7877-4873-8abe-cf0bc29540f7",4,1,NA,2,2000,1000,0,3,1,"little","moderate","moderate","moderate","little","moderate",1,1,1,"Crop farming only",5,0,1,1,0,9,1,1,1,1,1,1,1,0,0,6,0.988189553227647,0.0413850653165367,0.276221064086592,0.0238715452714838,"Moderately Food Insecure"
"490","F",40,"No_school","Calebasses","F","26 - 55","31 - 50","26 - 55","31 - 50","uuid:95913fde-e2ab-4431-98e0-63abb9bf1b66","uuid:54be4bf3-5b0a-4a65-ac9f-a78f31824414",0,NA,NA,NA,NA,NA,NA,0,NA,"moderate","equal","equal","equal","equal","equal",1,1,0,"Income sources unreported",5,0,0,0,0,9,1,0,0,0,0,0,0,0,0,0,0,0,0.276221064086592,0.0238715452714838,"Food Secure"
"494","F",25,"coranique","Calebasses","M","18 - 25","18 - 30","18 - 25","18 - 30","uuid:56cf518d-0e52-400c-840b-46a6ac8e0026","uuid:49a4a7ff-8576-4b9c-ac81-d48a4649ffff",0,NA,NA,NA,NA,NA,NA,0,NA,"little","moderate","moderate","moderate","little","moderate",1,1,0,"Income sources unreported",5,0,1,1,0,9,1,1,1,1,0,0,0,0,0,3,0.337569344275583,2.75628626811297e-07,0.276221064086592,0.0238715452714838,"Mildly Food Insecure"
"492","M",50,"coranique","Calebasses","M","26 - 55","31 - 50","26 - 55","18 - 30","uuid:bdf9f0cf-a167-409e-afdc-e7e7d99fb8f6","uuid:7e68d4b1-7a4b-4a18-b161-c7ee56e63ffe",0,NA,NA,NA,NA,NA,NA,0,NA,"little","moderate","moderate","moderate","moderate","none",1,1,0,"Income sources unreported",5,0,1,1,0,9,1,1,1,1,0,0,0,0,0,3,0.337569344275583,2.75628626811297e-07,0.276221064086592,0.0238715452714838,"Mildly Food Insecure"
"Q39Z9P","F",36,"coranique","Calebasses","M","26 - 55","31 - 50","26 - 55","31 - 50","uuid:0b34ef61-4288-4c15-9a12-317a11adc174","uuid:51a760c0-cfcb-4ff5-92e0-88e919752eeb",0,NA,NA,NA,NA,NA,NA,0,NA,"little","little","little","little","little","little",1,0.142857142857143,0,"Income sources unreported",2,0,0,0,1,8,1,1,0,0,0,0,0,0,0,1,0.0207601978942691,6.35569774587452e-09,0.276221064086592,0.0238715452714838,"Mildly Food Insecure"
"F395Z8","F",38,"coranique","Producteurs","M","26 - 55","31 - 50","26 - 55","31 - 50","uuid:033c7523-b0f8-4adf-8aa0-f0ae6af44258","uuid:6f9d0fed-4248-4b66-b6a0-664feef4cb6f",5,1,1,3,700,233.333333333333,0,1,1,"little","little","little","little","little","little",1,0.666666666666667,1,"Crop farming only",2,0,0,0,0,7,1,1,0,0,0,0,0,0,0,1,0.0207601978942691,6.35569774587452e-09,0.276221064086592,0.0238715452714838,"Mildly Food Insecure"
"498","F",25,"coranique","Calebasses","M","18 - 25","18 - 30","18 - 25","18 - 30","uuid:42f4a33e-9872-4938-ae9b-8f5c7343c235","uuid:2e26a2aa-8118-4ef4-bb90-aaa2901d0853",0,NA,NA,NA,NA,NA,NA,0,NA,"little","little","little","little","little","little",1,0.2,0,"Income sources unreported",2,0,1,1,0,7,1,1,0,0,0,0,0,0,0,1,0.0207601978942691,6.35569774587452e-09,0.276221064086592,0.0238715452714838,"Mildly Food Insecure"
"104","F",45,"coranique","Producteurs","F","26 - 55","31 - 50","26 - 55","31 - 50","uuid:e3f977a7-65a7-48a1-bea6-ce531a020075","uuid:aabc0e61-ea37-4892-8bcf-5a993df22e15",3,1,NA,1,700,700,0,2,1,"little","equal","little","little","little","little",1,0.8,1,"Crop farming only",7,1,1,1,0,7,1,1,0,0,0,0,0,0,0,1,0.0207601978942691,6.35569774587452e-09,0.276221064086592,0.0238715452714838,"Mildly Food Insecure"
"491","F",45,"coranique","Calebasses","M","26 - 55","31 - 50","26 - 55","31 - 50","uuid:a586f28c-1312-4626-9f5b-3cf11ccd59f0","uuid:d0e481b2-ea85-4098-a792-113073990f8c",0,NA,NA,NA,NA,NA,NA,0,NA,"little","little","little","little","little","little",1,0,0,"Income sources unreported",2,0,0,0,0,8,1,1,0,0,0,0,0,0,0,1,0.0207601978942691,6.35569774587452e-09,0.276221064086592,0.0238715452714838,"Mildly Food Insecure"
"493","F",30,"coranique","Calebasses","M","26 - 55","18 - 30","26 - 55","18 - 30","uuid:b6a85bed-0e64-412b-b165-5aeef4700b63","uuid:8462d315-290f-4f26-ba3c-dd47e69e8131",0,NA,NA,NA,NA,NA,NA,0,NA,"little","none","little","little","little","little",1,0.333333333333333,0,"Income sources unreported",2,0,0,0,0,7,1,1,0,0,0,0,0,0,0,1,0.0207601978942691,6.35569774587452e-09,0.276221064086592,0.0238715452714838,"Mildly Food Insecure"
"5XDQE5","F",37,"secondary","Transformateurs","M","26 - 55","31 - 50","26 - 55","31 - 50","uuid:978e4565-286c-4595-bcb9-61019cda55c2","uuid:b60ddbe2-b773-4875-9227-7a6f8f9cbacc",0,NA,NA,NA,NA,NA,NA,0,NA,"moderate","no_reponse","moderate","equal","no_reponse","no_reponse",1,1,0,"Income sources unreported",7,1,0,0,0,12,1,0,0,0,0,0,0,0,0,0,0,0,0.276221064086592,0.0238715452714838,"Food Secure"
"5M8VYN","F",65,"primary","Transformateurs","F","55+","51+","55+","51+","uuid:2c99667b-eaae-4601-9858-e1268d24fe51","uuid:5babbf91-dae7-433e-8d52-47a70ea0f9ca",0,NA,NA,NA,NA,NA,NA,0,NA,"moderate","equal","equal","equal","equal","none",1,1,0,"Income sources unreported",7,1,0,0,1,12,1,0,0,0,0,0,0,0,0,0,0,0,0.276221064086592,0.0238715452714838,"Food Secure"
"OQGUQY","F",46,"postsecondary","Calebasses","M","26 - 55","31 - 50","26 - 55","31 - 50","uuid:1e191dce-7514-40b0-a19e-a132c84046d5","uuid:d5f19736-ca28-4ef7-a2a6-9898c766537e",0,NA,NA,NA,NA,NA,NA,0,NA,"moderate","no_reponse","equal","no_reponse","moderate","equal",1,1,0,"Income sources unreported",7,1,0,0,1,12,1,0,0,0,0,0,0,0,0,0,0,0,0.276221064086592,0.0238715452714838,"Food Secure"
"XEJ811","F",39,"primary","Calebasses","M","26 - 55","31 - 50","26 - 55","31 - 50","uuid:c2792490-4585-484b-8e97-ef2530f800e8","uuid:0d9fb22a-cbab-4602-9c3d-8d98f4470a15",0,NA,NA,NA,NA,NA,NA,0,NA,"moderate","moderate","equal","equal","equal","little",1,1,0,"Income sources unreported",7,1,0,0,0,12,1,0,0,0,0,0,0,0,0,0,0,0,0.276221064086592,0.0238715452714838,"Food Secure"
"309","F",55,"coranique","Commerçants","F","26 - 55","51+","26 - 55","51+","uuid:73edc170-6c9d-4c48-ab22-be67ba427374","uuid:cda13354-bdda-4b5e-ae76-510ab7367379",0,NA,NA,NA,NA,NA,NA,0,NA,"moderate","equal","equal","equal","moderate","little",1,1,0,"Income sources unreported",7,1,0,0,1,12,1,0,0,0,0,0,0,0,0,0,0,0,0.276221064086592,0.0238715452714838,"Food Secure"
"1TF5OH","F",52,"postsecondary","Calebasses","M","26 - 55","51+","26 - 55","51+","uuid:33345bf6-fb47-4224-aa0a-4c813499e47e","uuid:35a7c124-83c7-49a1-b111-e327ad296843",0,NA,NA,NA,NA,NA,NA,0,NA,"moderate","no_reponse","equal","equal","moderate","equal",1,1,0,"Income sources unreported",7,1,1,0,1,12,1,0,0,0,0,0,0,0,0,0,0,0,0.276221064086592,0.0238715452714838,"Food Secure"
"521","F",45,"coranique","Calebasses","M","26 - 55","31 - 50","26 - 55","31 - 50","uuid:b9eb4ff5-34d1-49c3-9515-0046ee4bc441","uuid:5b241152-9813-4104-ad22-1515edbc9e3e",0,NA,NA,NA,NA,NA,NA,0,NA,"equal","moderate","little","equal","moderate","none",1,1,0,"Income sources unreported",7,1,0,0,0,12,1,0,0,0,0,0,0,0,0,0,0,0,0.276221064086592,0.0238715452714838,"Food Secure"
"JPFLQ8","F",64,"coranique","Transformateurs","F","55+","51+","55+","51+","uuid:19358f08-7c5b-49ef-8822-c48fcb549f67","uuid:d7332a9d-5485-4d1b-87f9-e63efc7b0899",0,NA,NA,NA,NA,NA,NA,0,NA,"moderate","equal","equal","equal","moderate","no_reponse",1,1,0,"Income sources unreported",7,1,0,0,1,12,1,0,0,0,0,0,0,0,0,0,0,0,0.276221064086592,0.0238715452714838,"Food Secure"
"527","F",33,"coranique","Calebasses","M","26 - 55","31 - 50","26 - 55","31 - 50","uuid:93c0ec8a-23dc-46b1-9cdd-c89debf0c8bf","uuid:cadd557a-f06b-47ff-8972-d6b4328bdc78",0,NA,NA,NA,NA,NA,NA,0,NA,"equal","equal","equal","equal","moderate","moderate",1,1,0,"Income sources unreported",7,1,0,0,1,12,1,0,0,0,0,0,0,0,0,0,0,0,0.276221064086592,0.0238715452714838,"Food Secure"
"528","F",25,"primary","Calebasses","M","18 - 25","18 - 30","18 - 25","18 - 30","uuid:6baba691-9fca-4817-965d-50bfc07e0644","uuid:a09ce407-887f-4f58-8915-fd83f66ae8d2",0,NA,NA,NA,NA,NA,NA,0,NA,"little","no_reponse","little","equal","little","moderate",1,1,0,"Income sources unreported",7,1,1,0,1,12,1,0,0,0,0,0,0,0,0,0,0,0,0.276221064086592,0.0238715452714838,"Food Secure"
"8DH4Y9","F",34,"postsecondary","Calebasses","M","26 - 55","31 - 50","26 - 55","31 - 50","uuid:4ae240b8-622a-4e0a-93a4-2583da3c04b6","uuid:f208154e-db46-4cc3-ad4c-268a3d1a6b66",0,NA,NA,NA,NA,NA,NA,0,NA,"moderate","moderate","little","equal","little","little",1,1,0,"Income sources unreported",7,1,0,0,1,12,1,0,0,0,0,0,0,0,0,0,0,0,0.276221064086592,0.0238715452714838,"Food Secure"
"1PV5DM","F",44,"coranique","Transformateurs","M","26 - 55","31 - 50","26 - 55","31 - 50","uuid:ec6d8d4c-708e-462b-9c40-75ec525a34c1","uuid:f7b02d30-def4-44fd-b5ff-8a0ba9bf079c",2,1,1,1,125,125,0,4,4,"none","moderate","little","equal","little","little",1,1,2,"Crop farming + Off-farm sources",7,1,0,0,0,12,1,0,0,0,0,0,0,0,0,0,0,0,0.276221064086592,0.0238715452714838,"Food Secure"
"526","M",83,"coranique","Calebasses","M","55+","51+","55+","51+","uuid:45d1f26d-0f5e-44db-ad7c-ea39e9b433b3","uuid:da1c7cf8-bc8b-4507-8cab-3214ff4c516c",3,1,NA,1.5,400,266.666666666667,0,5,3,"little","moderate","little","equal","moderate","little",1,1,2,"Crop farming + Off-farm sources",7,1,0,0,1,12,1,0,0,0,0,0,0,0,0,0,0,0,0.276221064086592,0.0238715452714838,"Food Secure"
"584","F",25,"coranique","Calebasses","M","18 - 25","18 - 30","18 - 25","18 - 30","uuid:0f1e7912-04b8-4c4e-be1d-728814a35fd0","uuid:89dde255-0254-4908-bf49-196d15cc4475",3,1,1,2,630,315,0,0,0,"none","none","moderate","equal","no_reponse","moderate",1,0.5,2,"Crop farming + Off-farm sources",5,0,1,1,0,9,1,0,0,0,0,0,0,0,0,0,0,0,0.276221064086592,0.0238715452714838,"Food Secure"
"227","F",57,"primary","Transformateurs","M","55+","51+","55+","51+","uuid:61b7f5df-a515-4bab-96c6-82a9fa49242a","uuid:2977bb01-f8d0-4a93-b1f3-29383084f23d",0,NA,NA,NA,NA,NA,NA,0,NA,"no_reponse","no_reponse","more_than","equal","moderate","moderate",1,0.8,0,"Income sources unreported",6,0,0,0,0,6,1,0,0,1,0,0,0,0,0,1,0.0207601978942691,6.35569774587452e-09,0.276221064086592,0.0238715452714838,"Mildly Food Insecure"
"14","M",58,"primary","Producteurs","M","55+","51+","26 - 55","31 - 50","uuid:986762f5-9e62-4b36-a67f-194fe6e0cb9f","uuid:0ec23538-1c34-4d8c-a002-fe9adae2122b",11,2,NA,0.7,4000,5714.28571428571,0.218804701175294,0,0,"little","little","little","little","little","no_reponse",1,0.571428571428571,1,"Crop farming only",7,1,1,0,1,10,1,0,0,0,0,0,0,0,0,0,0,0,0.276221064086592,0.0238715452714838,"Food Secure"
"16","F",40,"primary","Producteurs","F","26 - 55","31 - 50","26 - 55","31 - 50","uuid:d6a446cb-4359-4096-b352-9e9d57e058a6","uuid:7e5ce739-77ac-4594-a6a0-8455bd0ce54c",6,1,NA,0.0167,500,29940.119760479,0,0,0,"no_reponse","no_reponse","no_reponse","equal","little","no_reponse",1,1,1,"Crop farming only",7,1,1,0,1,10,1,0,0,0,0,0,0,0,0,0,0,0,0.276221064086592,0.0238715452714838,"Food Secure"
"524","F",29,"No_school","Calebasses","M","26 - 55","18 - 30","26 - 55","18 - 30","uuid:40243249-2b35-4cf2-93b3-743826df15ff","uuid:a7d29f75-7b45-44a3-ad67-1b3e8e8c1ce9",0,NA,NA,NA,NA,NA,NA,0,NA,"moderate","moderate","moderate","little","little","moderate",1,0.625,0,"Income sources unreported",7,1,1,1,1,8,1,1,1,0,0,0,0,0,0,2,0.0932852837366366,5.37366418029706e-09,0.276221064086592,0.0238715452714838,"Mildly Food Insecure"
"435","F",40,"postsecondary","Consommateurs","M","26 - 55","31 - 50","26 - 55","31 - 50","uuid:3ebc924c-1713-4962-8615-d4a366bc59da","uuid:704acc26-627f-48ac-a57d-2453b1f115d6",0,NA,NA,NA,NA,NA,NA,0,NA,"moderate","no_reponse","moderate","equal","no_reponse","no_reponse",1,0.8,0,"Income sources unreported",7,1,0,0,1,11,1,0,0,0,0,0,0,0,0,0,0,0,0.276221064086592,0.0238715452714838,"Food Secure"
"523","F",42,"No_school","Calebasses","M","26 - 55","31 - 50","26 - 55","31 - 50","uuid:c1ae0eff-7fae-4d25-b8f5-d5a4168892a7","uuid:97984115-3903-4721-bc2f-5ea820387aab",0,NA,NA,NA,NA,NA,NA,0,NA,"moderate","moderate","moderate","little","little","moderate",1,0.555555555555556,0,"Income sources unreported",7,1,1,1,1,7,1,1,0,1,0,1,0,1,0,4,0.695132798930907,2.59281945041989e-05,0.276221064086592,0.0238715452714838,"Moderately Food Insecure"
"9V1SWT","M",45,"coranique","Producteurs","M","26 - 55","31 - 50","26 - 55","18 - 30","uuid:687010a0-8bd2-4003-b08e-0a37769d118a","uuid:29eaa4de-b3c9-4066-9275-7edca6b6c4a3",4,4,0.5,8,4400,550,0.681973175721755,4,4,"little","little","moderate","moderate","little","none",1,1,1,"Crop farming only",7,1,0,0,0,6,1,1,1,1,0,0,0,0,0,3,0.337569344275583,2.75628626811297e-07,0.276221064086592,0.0238715452714838,"Mildly Food Insecure"
"371","F",18,"secondary","Consommateurs","M",NA,NA,NA,NA,"uuid:bf52d311-9ab1-4f56-8dd2-1b0b7f61e8c6","uuid:51d62280-743d-4df9-adeb-a54e0d7d9cad",0,NA,NA,NA,NA,NA,NA,0,NA,"little","little","little","moderate","little","none",1,1,0,"Income sources unreported",7,1,0,0,0,5,1,0,1,1,0,0,0,0,0,2,0.0932852837366366,5.37366418029706e-09,0.276221064086592,0.0238715452714838,"Mildly Food Insecure"
"85","M",75,"coranique","Producteurs","M","55+","51+","26 - 55","31 - 50","uuid:6d792e46-9979-49c4-a081-b34faa5e9bc6","uuid:c4c92ada-8835-4172-9419-21aa93d3b1fb",3,1,1,2,3000,1500,0,2,1,"none","little","none","moderate","little","none",1,1,1,"Crop farming only",7,1,1,0,0,7,1,0,1,1,0,0,0,0,0,2,0.0932852837366366,5.37366418029706e-09,0.276221064086592,0.0238715452714838,"Mildly Food Insecure"
"AKBYSA","F",25,"coranique","Consommateurs","M","18 - 25","18 - 30","18 - 25","18 - 30","uuid:1e33160e-0dc6-4f19-936a-546a2d8285a6","uuid:3eb9722d-5636-4399-9096-ce216064505c",0,NA,NA,NA,NA,NA,NA,0,NA,"little","little","moderate","moderate","little","moderate",1,1,0,"Income sources unreported",7,1,1,1,0,6,1,1,1,1,0,0,0,0,0,3,0.337569344275583,2.75628626811297e-07,0.276221064086592,0.0238715452714838,"Mildly Food Insecure"
"102","F",25,"coranique","Producteurs","M","18 - 25","18 - 30","18 - 25","18 - 30","uuid:54937317-79b3-44e0-b334-6232beabbf14","uuid:ac09d1be-5c0e-45f4-91bd-c659259ef268",1,1,NA,1,25,25,0,0,0,"little","little","moderate","moderate","little","moderate",1,1,1,"Crop farming only",7,1,0,0,1,4,0,1,1,1,0,0,0,0,0,3,0.337569344275583,2.75628626811297e-07,0.276221064086592,0.0238715452714838,"Mildly Food Insecure"
"355","F",20,"coranique","Consommateurs","M","18 - 25","18 - 30","18 - 25","18 - 30","uuid:24ce6390-2c14-4a82-8a73-cd5e76f30e73","uuid:18bb0ded-61af-45e5-ad96-e29e661b8e3a",0,NA,NA,NA,NA,NA,NA,0,NA,"little","little","little","moderate","little","none",1,1,0,"Income sources unreported",7,1,0,0,0,6,1,0,1,1,0,1,0,0,0,3,0.337569344275583,2.75628626811297e-07,0.276221064086592,0.0238715452714838,"Moderately Food Insecure"
"108","F",20,"coranique","Producteurs","M","18 - 25","18 - 30","18 - 25","18 - 30","uuid:6c3f78f4-7e6a-4721-8231-dd7da793568d","uuid:5ac7ff22-fdc5-42db-867a-9dea3392d313",3,1,NA,1,500,500,0,2,2,"little","little","moderate","moderate","little","none",1,1,1,"Crop farming only",7,1,0,0,0,5,1,1,1,1,0,0,0,0,0,3,0.337569344275583,2.75628626811297e-07,0.276221064086592,0.0238715452714838,"Mildly Food Insecure"
"6BO7I4","F",40,"coranique","Consommateurs","M","26 - 55","31 - 50","26 - 55","31 - 50","uuid:587b6895-6aae-474f-8956-d58764d7f90f","uuid:b3a56672-66b2-4b15-8bb9-13895dc02688",0,NA,NA,NA,NA,NA,NA,0,NA,"little","moderate","moderate","moderate","little","none",1,1,0,"Income sources unreported",7,1,1,0,0,6,1,1,1,1,0,0,0,0,0,3,0.337569344275583,2.75628626811297e-07,0.276221064086592,0.0238715452714838,"Mildly Food Insecure"
"323","F",30,"coranique","Commerçants","M","26 - 55","18 - 30","26 - 55","18 - 30","uuid:c1e59384-6833-47d3-854f-ce0c3317ddbc","uuid:88f9b3f9-a796-442a-9d37-924e82ff6dd7",0,NA,NA,NA,NA,NA,NA,0,NA,"little","moderate","moderate","moderate","little","moderate",1,1,0,"Income sources unreported",7,1,0,0,0,6,1,0,1,1,0,0,0,0,0,2,0.0932852837366366,5.37366418029706e-09,0.276221064086592,0.0238715452714838,"Mildly Food Insecure"
"83","M",26,"coranique","Producteurs","M","18 - 25","18 - 30","18 - 25","18 - 30","uuid:21b4f227-eeac-44a9-b959-eaaeb1e7a0f7","uuid:59636a79-7f91-45fb-9759-3f125bf4513e",3,1,NA,4,2000,500,0,5,2,"little","little","little","moderate","little","moderate",1,1,1,"Crop farming only",7,1,0,0,0,8,1,0,1,1,0,0,0,0,0,2,0.0932852837366366,5.37366418029706e-09,0.276221064086592,0.0238715452714838,"Mildly Food Insecure"
"109","F",30,"coranique","Producteurs","M","26 - 55","18 - 30","26 - 55","18 - 30","uuid:5a363eb3-bcab-4b22-b11d-220c7d8fa854","uuid:fb3d6e0a-ddfe-44f9-9496-412c6543816b",3,1,NA,2,1000,500,0,3,2,"little","little","little","little","little","little",1,0.6,1,"Crop farming only",2,0,0,0,0,7,1,1,0,0,0,0,0,0,0,1,0.0207601978942691,6.35569774587452e-09,0.276221064086592,0.0238715452714838,"Mildly Food Insecure"
"38DLAV","M",46,"coranique","Producteurs","M","26 - 55","31 - 50","26 - 55","31 - 50","uuid:c236aac5-2de2-45f0-a4af-5568fa02b8e1","uuid:bf55cf8d-6ec6-48bd-92de-bb40bbdad279",4,1,NA,2.5,3000,1200,0,1,1,"little","little","little","little","little","little",0,0,1,"Crop farming only",2,0,0,0,0,7,1,1,0,0,0,0,0,0,0,1,0.0207601978942691,6.35569774587452e-09,0.276221064086592,0.0238715452714838,"Mildly Food Insecure"
"8EPPMC","M",50,"coranique","Commerçants","M","26 - 55","31 - 50","26 - 55","31 - 50","uuid:101ce7ae-c551-47a2-bf9a-f3300eced227","uuid:83c5731f-2346-44fb-aeb1-102b8130e0c3",0,NA,NA,NA,NA,NA,NA,0,NA,"little","little","little","little","little","little",1,0.166666666666667,0,"Income sources unreported",2,0,0,0,0,7,1,1,0,0,0,0,0,0,0,1,0.0207601978942691,6.35569774587452e-09,0.276221064086592,0.0238715452714838,"Mildly Food Insecure"
"101","F",30,"coranique","Producteurs","M","26 - 55","18 - 30","26 - 55","18 - 30","uuid:f13596d0-7be8-49ef-90d0-d9497f9eeb57","uuid:c89abd79-5bea-42fb-92cf-c04c7923a8cb",2,2,0.5,2,1350,675,0.384372511874365,2,2,"little","little","little","little","little","little",0,0.333333333333333,1,"Crop farming only",2,0,0,0,0,7,1,1,0,0,0,0,0,0,0,1,0.0207601978942691,6.35569774587452e-09,0.276221064086592,0.0238715452714838,"Mildly Food Insecure"
"80","M",40,"coranique","Producteurs","M","26 - 55","31 - 50","18 - 25","18 - 30","uuid:83b06a1a-93fb-4204-8b5f-29755f6827c1","uuid:710812b1-670a-485c-b3dd-ae9f9c377479",4,3,0.454545454545455,11,8500,772.727272727273,0.567540817950901,1,1,"little","none","little","little","none","little",1,0,1,"Crop farming only",2,0,1,1,0,7,1,1,0,0,0,0,0,0,0,1,0.0207601978942691,6.35569774587452e-09,0.276221064086592,0.0238715452714838,"Mildly Food Insecure"
"331","F",43,"coranique","Consommateurs","M","26 - 55","31 - 50","26 - 55","31 - 50","uuid:64c52803-438f-47b0-9f50-ce6087536832","uuid:335146fc-6e93-4110-b50d-5cd645f26ae0",0,NA,NA,NA,NA,NA,NA,0,NA,"little","little","little","little","little","little",1,0.333333333333333,0,"Income sources unreported",2,0,1,1,0,7,1,1,0,0,0,0,0,0,0,1,0.0207601978942691,6.35569774587452e-09,0.276221064086592,0.0238715452714838,"Mildly Food Insecure"
"106","F",36,"coranique","Producteurs","M","26 - 55","31 - 50","26 - 55","31 - 50","uuid:c3f80571-3c09-4d07-88f0-ae5b66f943a6","uuid:eb4f6258-5a19-49d2-be43-d5af5b3f436b",3,1,1,3,1000,333.333333333333,0,2,2,"little","little","little","little","little","little",1,0.5,1,"Crop farming only",2,0,0,0,0,7,1,1,0,0,0,0,0,0,0,1,0.0207601978942691,6.35569774587452e-09,0.276221064086592,0.0238715452714838,"Mildly Food Insecure"
"15","M",58,"postsecondary","Producteurs","M","55+","51+","26 - 55","51+","uuid:44a21cf7-4190-4fa9-9b58-031d980f85d0","uuid:8d056c46-8b8a-4e20-857d-6a50d0da6e67",4,2,NA,0.0267,800,29962.5468164794,0.469336670838548,2,1,"none","none","none","moderate","moderate","moderate",1,0.222222222222222,2,"Crop farming + Off-farm sources",6,0,0,0,1,11,1,0,0,0,0,0,0,0,0,0,0,0,0.276221064086592,0.0238715452714838,"Food Secure"
"9","M",28,"postsecondary","Producteurs","M","26 - 55","18 - 30","55+","51+","uuid:9441db9d-46fe-414c-9cda-727a37a81b16","uuid:5155f7b5-0861-4d1f-939d-9e00577dc85b",6,2,NA,0.0667,1800,26986.5067466267,0.494101661416837,1,1,"none","none","none","moderate","moderate","moderate",1,0.375,2,"Crop farming + Off-farm sources",6,0,0,0,1,10,1,0,0,0,0,0,0,0,0,0,0,0,0.276221064086592,0.0238715452714838,"Food Secure"
"7","M",42,"primary","Producteurs","M","26 - 55","31 - 50","26 - 55","31 - 50","uuid:d3c9298b-153b-42b7-8295-ac8bd0877dd3","uuid:9576756e-c564-4f26-b9f0-0c8db4a11f43",12,2,NA,0.0867,1600,18454.4405997693,0.469043151969981,1,1,"none","none","none","moderate","moderate","moderate",1,0.5,2,"Crop farming + Off-farm sources",6,0,0,0,0,11,1,0,0,0,0,0,0,0,0,0,0,0,0.276221064086592,0.0238715452714838,"Food Secure"
"10","M",39,"postsecondary","Producteurs","M","26 - 55","31 - 50","26 - 55","31 - 50","uuid:2d210dd4-d27b-46af-a690-8196fe057f78","uuid:89593a70-69a2-4fc7-8745-4a59b783e441",15,2,NA,0.078333,1400,17872.416478368,0.459511896252425,0,0,"none","none","none","moderate","moderate","moderate",1,0.5,2,"Crop farming + Off-farm sources",6,0,0,0,1,10,1,0,0,0,0,0,0,0,0,0,0,0,0.276221064086592,0.0238715452714838,"Food Secure"
"318","M",44,"primary","Commerçants","M","26 - 55","31 - 50","26 - 55","31 - 50","uuid:431ef758-6418-4eb6-a3e1-78920b070b67","uuid:2d5cf283-12a6-4fc6-a3f0-897d74cfdf0a",0,NA,NA,NA,NA,NA,NA,0,NA,"none","none","none","moderate","moderate","moderate",1,0.75,0,"Income sources unreported",6,0,0,0,0,10,1,0,0,0,0,0,0,0,0,0,0,0,0.276221064086592,0.0238715452714838,"Food Secure"
"305","F",32,"secondary","Commerçants","M","26 - 55","31 - 50","26 - 55","31 - 50","uuid:e75c8e51-45e9-4346-b973-f72aef6932c2","uuid:ff44ef4d-8997-42f1-b505-b60c3b3f7bb8",0,NA,NA,NA,NA,NA,NA,0,NA,"none","none","none","moderate","moderate","moderate",1,0.75,0,"Income sources unreported",6,0,0,0,0,11,1,0,0,0,0,0,0,0,0,0,0,0,0.276221064086592,0.0238715452714838,"Food Secure"
"0RUTJS","F",60,"No_school","Producteurs","F","55+","51+","55+","51+","uuid:82816ab1-03c0-4317-8390-da69343f05d1","uuid:c5a256d2-e04a-43dd-99d5-9310448f16b9",2,2,0.5,2,2000,1000,0.500250125062531,2,2,"little","moderate","moderate","moderate","little","moderate",1,1,1,"Crop farming only",5,0,0,0,0,10,1,1,1,1,0,0,0,0,0,3,0.337569344275583,2.75628626811297e-07,0.276221064086592,0.0238715452714838,"Mildly Food Insecure"
"02BZVS","F",55,"coranique","Consommateurs","M","26 - 55","51+","26 - 55","51+","uuid:2c815697-9940-42cf-8fb5-ef3c0c37e943","uuid:db567bae-b5e5-4ab6-9e35-2f5ed77b4359",0,NA,NA,NA,NA,NA,NA,0,NA,"none","none","none","little","little","little",1,0.285714285714286,0,"Income sources unreported",5,0,0,0,1,7,1,1,0,1,0,0,0,0,0,2,0.0932852837366366,5.37366418029706e-09,0.276221064086592,0.0238715452714838,"Mildly Food Insecure"
"82","M",45,"coranique","Producteurs","M","26 - 55","31 - 50","26 - 55","18 - 30","uuid:5f8afbd1-f448-43d4-93d4-38b8d05833b1","uuid:93f807b0-513b-416a-bb0f-efd961e75332",3,1,1,2,3000,1500,0,2,2,"little","moderate","moderate","moderate","little","moderate",1,1,2,"Crop farming + Off-farm sources",5,0,1,0,0,9,1,1,1,1,0,0,0,0,0,3,0.337569344275583,2.75628626811297e-07,0.276221064086592,0.0238715452714838,"Mildly Food Insecure"
"107","F",20,"coranique","Producteurs","M","18 - 25","18 - 30","18 - 25","18 - 30","uuid:5df51d33-bf4e-415e-91d5-5817b2a15f61","uuid:8cdd0779-fefb-40b5-a12a-e944bc7fe176",5,1,NA,1,25,25,0,1,1,"little","moderate","moderate","moderate","little","moderate",1,1,2,"Crop farming + Off-farm sources",7,1,0,0,0,10,1,1,1,1,0,0,0,0,0,3,0.337569344275583,2.75628626811297e-07,0.276221064086592,0.0238715452714838,"Mildly Food Insecure"
"1FW6P0","M",30,"coranique","Producteurs","M","26 - 55","18 - 30","18 - 25","18 - 30","uuid:381638e4-68e3-4761-83e7-371bdc66759d","uuid:18f1e1d0-660a-477d-8608-8d6c8ce8ba26",4,1,NA,5,5000,1000,0,3,1,"little","moderate","moderate","moderate","little","moderate",1,1,1,"Crop farming only",5,0,1,1,0,10,1,1,1,1,0,0,0,NA,0,3,0.337569344275583,2.75628626811297e-07,0.276221064086592,0.0238715452714838,"Mildly Food Insecure"
"356","F",48,"coranique","Consommateurs","M","26 - 55","31 - 50","26 - 55","31 - 50","uuid:ce9e5aef-7e92-483f-9478-9753be225869","uuid:d47c8302-da0d-4aa7-abe8-ea53cef2f1d4",0,NA,NA,NA,NA,NA,NA,0,NA,"little","moderate","moderate","moderate","little","moderate",1,1,0,"Income sources unreported",5,0,0,0,0,9,1,1,1,1,0,0,0,0,0,3,0.337569344275583,2.75628626811297e-07,0.276221064086592,0.0238715452714838,"Mildly Food Insecure"
"O5P5O0","M",42,"coranique","Consommateurs","M","26 - 55","31 - 50","26 - 55","31 - 50","uuid:fea6d638-858b-437d-bfbe-269e48919379","uuid:6c3c43a2-9b65-46b3-8d02-f07a60c1cc24",0,NA,NA,NA,NA,NA,NA,0,NA,"little","moderate","moderate","moderate","moderate","moderate",1,1,0,"Income sources unreported",5,0,1,1,1,10,1,1,1,1,0,0,0,0,0,3,0.337569344275583,2.75628626811297e-07,0.276221064086592,0.0238715452714838,"Mildly Food Insecure"
"333","F",32,"coranique","Consommateurs","M","26 - 55","31 - 50","26 - 55","31 - 50","uuid:6deb04c1-0db0-4352-8afc-52e13186db73","uuid:59759eb8-1fb0-44b8-94f3-0415ff734c7c",0,NA,NA,NA,NA,NA,NA,0,NA,"little","moderate","moderate","moderate","little","moderate",1,1,0,"Income sources unreported",5,0,0,0,0,10,1,1,1,1,0,0,0,0,0,3,0.337569344275583,2.75628626811297e-07,0.276221064086592,0.0238715452714838,"Mildly Food Insecure"
"110","F",30,"coranique","Producteurs","M","26 - 55","18 - 30","26 - 55","18 - 30","uuid:ba4e7930-364b-430b-929a-22814d7479ba","uuid:74e54c37-27fc-4ea2-82c1-f7c2bfcaf087",4,1,NA,3,2500,833.333333333333,0,2,1,"little","moderate","moderate","moderate","moderate","moderate",1,1,1,"Crop farming only",5,0,1,0,0,10,1,0,1,1,0,0,0,0,0,2,0.0932852837366366,5.37366418029706e-09,0.276221064086592,0.0238715452714838,"Mildly Food Insecure"
"BR9GF9","F",25,"coranique","Consommateurs","M","18 - 25","18 - 30","18 - 25","18 - 30","uuid:d2be51b4-fba1-44f3-ab4d-21484d0d8792","uuid:d37f0436-6623-468f-9015-63db0f823723",0,NA,NA,NA,NA,NA,NA,0,NA,"little","little","little","little","little","little",1,0.166666666666667,0,"Income sources unreported",2,0,1,1,0,7,1,1,1,1,0,1,0,0,0,4,0.695132798930907,2.59281945041989e-05,0.276221064086592,0.0238715452714838,"Moderately Food Insecure"
"49BPWD","M",25,"coranique","Producteurs","M","18 - 25","18 - 30","18 - 25","18 - 30","uuid:112a254b-2387-4153-900d-932532960ea3","uuid:435caa4d-c782-4526-b161-28b52f8b1bad",3,3,0.5,7,3950,564.285714285714,0.653906933657295,2,2,"none","none","none","none","none","little",1,0,1,"Crop farming only",2,0,1,1,0,7,1,1,0,0,0,0,0,0,0,1,0.0207601978942691,6.35569774587452e-09,0.276221064086592,0.0238715452714838,"Mildly Food Insecure"
"N4FOLR","M",53,"coranique","Calebasses","M","26 - 55","51+","18 - 25","18 - 30","uuid:9902b12a-3a37-4875-a7a0-48d37078c32f","uuid:3f1d5f4a-1ef8-479e-8381-ebaa72d57828",0,NA,NA,NA,NA,NA,NA,0,NA,"moderate","moderate","moderate","equal","moderate","no_reponse",1,1,0,"Income sources unreported",7,1,0,0,0,12,1,0,0,0,0,0,0,0,0,0,0,0,0.276221064086592,0.0238715452714838,"Food Secure"
"1AY9KM","M",78,"coranique","Calebasses","M","55+","51+","55+","51+","uuid:aec04af1-9eea-4c01-b650-8f508bcaf0ca","uuid:5db051a8-38af-4e7c-b2a5-6ad0f2641289",5,2,0.444444444444444,4.5,2900,644.444444444444,0.428209489598078,1,1,"moderate","none","equal","no_reponse","no_reponse","moderate",1,0.4,1,"Crop farming only",3,0,1,0,0,6,1,1,1,1,0,1,1,0,0,5,0.922388641318079,0.00153586489675683,0.276221064086592,0.0238715452714838,"Moderately Food Insecure"
"597","M",50,"secondary","Calebasses","M","26 - 55","31 - 50",NA,NA,"uuid:12c6bc70-ad10-4331-91cf-e2e2147a9b17","uuid:0a683765-9573-45f7-aaf5-cd495704ae0f",4,2,0.4,5,5000,1000,0.480096019203841,3,2,"none","none","little","equal","moderate","none",1,0.125,2,"Crop farming + Off-farm sources",4,0,1,0,0,5,1,0,1,1,0,0,0,0,0,2,0.0932852837366366,5.37366418029706e-09,0.276221064086592,0.0238715452714838,"Mildly Food Insecure"
"385","M",40,"coranique","Consommateurs","M","26 - 55","31 - 50",NA,NA,"uuid:206c6af8-d709-4479-90c1-af4fd72e9f33","uuid:350fdc55-0fe8-4700-9e3f-b39874a5f6b2",0,NA,NA,NA,NA,NA,NA,0,NA,"none","little","none","little","none","little",0,0.166666666666667,0,"Income sources unreported",2,0,1,1,1,8,1,1,1,0,0,0,0,0,0,2,0.0932852837366366,5.37366418029706e-09,0.276221064086592,0.0238715452714838,"Mildly Food Insecure"
"378","M",40,"coranique","Consommateurs","M","26 - 55","31 - 50","26 - 55","18 - 30","uuid:f1507b4b-ffa1-447c-8906-dab21754c4c6","uuid:3c6b3fdc-60c0-4abd-b026-02a3875ed6b6",0,NA,NA,NA,NA,NA,NA,0,NA,"none","none","none","none","none","none",1,0.5,0,"Income sources unreported",2,0,0,0,0,7,1,1,0,0,0,0,0,0,0,1,0.0207601978942691,6.35569774587452e-09,0.276221064086592,0.0238715452714838,"Mildly Food Insecure"
"367","M",71,"coranique","Consommateurs","M","55+","51+","26 - 55","31 - 50","uuid:b4270741-c3ef-4c6d-9dae-0c529fcb03b4","uuid:23c21eac-c9e7-4b55-b28f-70b247fba9fb",0,NA,NA,NA,NA,NA,NA,0,NA,"little","none","little","little","none","little",1,0,0,"Income sources unreported",2,0,0,0,0,7,1,1,1,1,0,1,0,0,0,4,0.695132798930907,2.59281945041989e-05,0.276221064086592,0.0238715452714838,"Moderately Food Insecure"
"352","F",50,"coranique","Consommateurs","M","26 - 55","31 - 50","26 - 55","31 - 50","uuid:0ef1cc12-5f3a-4fe7-8352-3157ce17f670","uuid:89b00f1f-0a1a-4d14-adde-8bd4b65a1443",0,NA,NA,NA,NA,NA,NA,0,NA,"little","little","little","little","little","little",1,0.166666666666667,0,"Income sources unreported",2,0,1,1,0,8,1,1,0,0,0,0,0,0,0,1,0.0207601978942691,6.35569774587452e-09,0.276221064086592,0.0238715452714838,"Mildly Food Insecure"
"351","M",54,"coranique","Consommateurs","M","26 - 55","51+","26 - 55","18 - 30","uuid:8377a92e-6556-4da0-8137-0020fdea4b93","uuid:7e98d5e0-0949-4aef-a784-80b097d6d66f",0,NA,NA,NA,NA,NA,NA,0,NA,"none","none","none","none","none","none",0,0.2,0,"Income sources unreported",2,0,1,1,0,7,1,1,0,0,0,0,0,0,0,1,0.0207601978942691,6.35569774587452e-09,0.276221064086592,0.0238715452714838,"Mildly Food Insecure"
"349","M",30,"coranique","Consommateurs","M","26 - 55","18 - 30","18 - 25","18 - 30","uuid:cca48f6a-07e5-440d-98d8-5016c7294683","uuid:a4fc6bac-a15d-4bf1-b6b4-4af20ddca158",0,NA,NA,NA,NA,NA,NA,0,NA,"little","none","little","none","none","none",1,0.333333333333333,0,"Income sources unreported",2,0,1,1,1,8,1,1,1,0,0,0,0,0,0,2,0.0932852837366366,5.37366418029706e-09,0.276221064086592,0.0238715452714838,"Mildly Food Insecure"
"QNFQR6","M",25,"coranique","Consommateurs","M","18 - 25","18 - 30","18 - 25","18 - 30","uuid:211c6b02-db37-4790-b92a-342c2743f296","uuid:78dcabfa-f8a4-4628-9ca8-da3f1e60e990",0,NA,NA,NA,NA,NA,NA,0,NA,"none","none","none","none","none","none",0,0,0,"Income sources unreported",2,0,0,0,0,6,1,1,0,0,0,0,0,0,0,1,0.0207601978942691,6.35569774587452e-09,0.276221064086592,0.0238715452714838,"Mildly Food Insecure"
"334","M",50,"coranique","Consommateurs","M","26 - 55","31 - 50","26 - 55","18 - 30","uuid:06a4f24b-c89d-4ad3-b639-cde023bd4405","uuid:a1e1d824-d507-462b-a852-02b1f31135b9",0,NA,NA,NA,NA,NA,NA,0,NA,"none","none","none","none","none","none",0,0,0,"Income sources unreported",2,0,0,0,0,7,1,1,1,0,0,0,1,0,0,3,0.337569344275583,2.75628626811297e-07,0.276221064086592,0.0238715452714838,"Moderately Food Insecure"
"AR9EXT","M",65,"primary","Producteurs","M","55+","51+","26 - 55","31 - 50","uuid:5537e72e-0014-482a-bce5-d46576f9eddd","uuid:de53e4ef-501c-4268-9213-b4df240ef067",6,1,NA,2,1100,550,0,5,1,"little","moderate","moderate","little","little","little",1,1,1,"Crop farming only",7,1,1,1,1,11,1,0,0,0,0,0,0,0,0,0,0,0,0.276221064086592,0.0238715452714838,"Food Secure"
"0RA7VU","M",49,"No_school","Producteurs","M","26 - 55","31 - 50","26 - 55","31 - 50","uuid:519dbc7c-e65f-46e7-bd82-219c76f9c0de","uuid:440cd8f4-2c50-4bac-8add-7c49ec746bc1",9,1,NA,2,1200,600,0,6,1,"moderate","moderate","moderate","moderate","none","moderate",1,0.666666666666667,1,"Crop farming only",7,1,1,1,1,6,1,1,0,1,1,1,1,1,0,6,0.988189553227647,0.0413850653165367,0.276221064086592,0.0238715452714838,"Moderately Food Insecure"
"W3K1C7","M",60,"secondary","Producteurs","M","55+","51+","26 - 55","31 - 50","uuid:ad44205e-314e-458a-ac4e-d39bea2f8bba","uuid:fe689a76-b7f0-410a-8a73-8852194222b7",7,1,NA,1,900,900,0,5,1,"little","little","moderate","little","little","moderate",1,1,1,"Crop farming only",7,1,1,1,1,9,1,1,0,1,0,1,1,1,0,5,0.922388641318079,0.00153586489675683,0.276221064086592,0.0238715452714838,"Moderately Food Insecure"
"PEQ0SV","M",70,"primary","Producteurs","M","55+","51+","55+","51+","uuid:a2b6d660-a3fd-4fd2-8485-9ec10c293138","uuid:99f9c3a5-678c-4b8d-8636-fe831b3eb17d",8,1,NA,2,1350,675,0,6,1,"little","moderate","moderate","little","little","moderate",1,0.625,1,"Crop farming only",7,1,1,1,1,7,1,1,1,1,1,1,1,1,0,7,0.998120533323179,0.356687404917374,0.276221064086592,0.0238715452714838,"Moderately Food Insecure"
"SMANFV","F",30,"primary","Calebasses","F","26 - 55","18 - 30","26 - 55","18 - 30","uuid:db50af09-61eb-4420-99dd-485557e43b56","uuid:e13647b0-1423-4642-9fac-d5c5ba69968b",1,1,NA,0.5,150,300,0,1,1,"little","moderate","moderate","no_reponse","no_reponse","little",1,0.6,1,"Crop farming only",6,0,0,0,0,6,1,1,0,1,0,1,1,1,0,5,0.922388641318079,0.00153586489675683,0.276221064086592,0.0238715452714838,"Moderately Food Insecure"
"606","M",50,"coranique","Calebasses","M","26 - 55","31 - 50","26 - 55","31 - 50","uuid:d65eb045-f6f0-4800-a851-3524ad8c2726","uuid:4837ed9a-5071-4a59-8284-4cb34bd258ab",2,1,1,1.5,950,633.333333333333,0,1,1,"little","none","moderate","no_reponse","no_reponse","little",1,0.428571428571429,2,"Crop farming + Off-farm sources",6,0,0,0,0,6,1,1,1,1,0,0,0,0,0,3,0.337569344275583,2.75628626811297e-07,0.276221064086592,0.0238715452714838,"Mildly Food Insecure"
"XGGLW5","F",50,"coranique","Producteurs","F","26 - 55","31 - 50","26 - 55","31 - 50","uuid:0838a61d-fbce-4dda-a0ac-c9bc58d022a3","uuid:f463fefa-c2fa-4436-935c-6f8642b3a36e",12,2,0.75,2,1750,875,0.408396634811729,1,1,"none","none","none","moderate","moderate","moderate",1,0.5,1,"Crop farming only",6,0,0,0,0,6,1,0,1,1,0,0,0,0,0,2,0.0932852837366366,5.37366418029706e-09,0.276221064086592,0.0238715452714838,"Mildly Food Insecure"
"LJ5FH1","M",39,"secondary","Producteurs","M","26 - 55","31 - 50","26 - 55","18 - 30","uuid:8528ddc9-ad33-4686-87f1-f5f48fe28fdf","uuid:616f9e77-a12b-47f2-abba-83150786dc2a",10,2,0.444444444444444,1.8,2500,1388.88888888889,0.480192076830732,1,1,"none","none","none","moderate","moderate","moderate",1,0.5,1,"Crop farming only",6,0,0,0,0,6,1,0,1,1,0,0,0,0,0,2,0.0932852837366366,5.37366418029706e-09,0.276221064086592,0.0238715452714838,"Mildly Food Insecure"
"5IGGTV","M",775216285,"primary","Producteurs","M",NA,NA,"26 - 55","31 - 50","uuid:a51a96e2-4092-49bb-9a9b-f9aadaed134c","uuid:1c192f70-3521-4482-a69b-b322171aeae1",16,2,0.625,4,4000,1000,0.500125031257814,1,1,"none","none","none","moderate","moderate","moderate",1,0.5,1,"Crop farming only",6,0,0,0,0,6,1,0,1,1,0,0,0,0,0,2,0.0932852837366366,5.37366418029706e-09,0.276221064086592,0.0238715452714838,"Mildly Food Insecure"
"YEBCEN","M",55,"secondary","Producteurs","M","26 - 55","51+","26 - 55","31 - 50","uuid:ef194708-ff47-45a1-9123-a7bf3f369386","uuid:e28cb081-25d1-44a4-ada6-e55974038323",20,2,0.223879670304084,0.773076,1410,1823.8827747854,0.462075109856092,3,1,"none","none","none","moderate","moderate","moderate",1,0.666666666666667,1,"Crop farming only",6,0,0,0,0,7,1,0,1,1,0,0,0,0,0,2,0.0932852837366366,5.37366418029706e-09,0.276221064086592,0.0238715452714838,"Mildly Food Insecure"
"OCGA32","M",68,"primary","Producteurs","M","55+","51+","26 - 55","31 - 50","uuid:0bb20363-7398-44cf-8fec-ed5cb7fb86f8","uuid:b03ad1f5-4fe3-45b3-839b-a19b88b80310",6,2,0.622641744393111,2.40909,1872,777.056897002603,0.484909116656845,2,1,"none","none","none","equal","moderate","moderate",1,0.166666666666667,1,"Crop farming only",6,0,0,0,0,5,1,0,1,1,0,0,0,0,0,2,0.0932852837366366,5.37366418029706e-09,0.276221064086592,0.0238715452714838,"Mildly Food Insecure"
"322","F",52,"coranique","Commerçants","M","26 - 55","51+","26 - 55","51+","uuid:b2eb7e00-27dd-462a-9e6b-ba70f05f64d4","uuid:98efd149-0db2-4879-a743-d3d63ed4be58",0,NA,NA,NA,NA,NA,NA,0,NA,"little","little","little","little","little","little",1,0.5,0,"Income sources unreported",2,0,1,1,0,7,1,1,0,0,0,0,0,0,0,1,0.0207601978942691,6.35569774587452e-09,0.276221064086592,0.0238715452714838,"Mildly Food Insecure"
"382","M",55,"coranique","Consommateurs","M","26 - 55","51+","26 - 55","18 - 30","uuid:18c07544-191c-452d-9b62-b86190b270ce","uuid:ed606116-c48b-43e6-87ab-04892f9ec0fc",0,NA,NA,NA,NA,NA,NA,0,NA,"little","moderate","moderate","moderate","little","moderate",1,1,0,"Income sources unreported",5,0,1,1,0,10,1,1,1,1,0,0,0,0,0,3,0.337569344275583,2.75628626811297e-07,0.276221064086592,0.0238715452714838,"Mildly Food Insecure"
"377","M",32,"coranique","Consommateurs","M","26 - 55","31 - 50","18 - 25","18 - 30","uuid:fc71ea81-1243-40f8-ab42-611a7c98f596","uuid:15c534ad-8363-4aea-9dfd-cef3b746a151",0,NA,NA,NA,NA,NA,NA,0,NA,"little","moderate","moderate","moderate","moderate","moderate",1,1,0,"Income sources unreported",5,0,1,1,0,10,1,1,1,1,0,0,0,0,0,3,0.337569344275583,2.75628626811297e-07,0.276221064086592,0.0238715452714838,"Mildly Food Insecure"
"373","M",60,"coranique","Consommateurs","M","55+","51+","26 - 55","31 - 50","uuid:9b90c043-d1fc-4eda-b909-0a6d1552e7e7","uuid:dc124d1a-9fe7-46d7-8088-a75a73230a50",0,NA,NA,NA,NA,NA,NA,0,NA,"little","moderate","moderate","moderate","little","moderate",1,1,0,"Income sources unreported",7,1,0,0,1,10,1,1,1,1,0,0,0,0,0,3,0.337569344275583,2.75628626811297e-07,0.276221064086592,0.0238715452714838,"Mildly Food Insecure"
"366","M",25,"coranique","Consommateurs","M","18 - 25","18 - 30","18 - 25","18 - 30","uuid:88020a5b-6350-4d97-a427-eb18f6e5bec1","uuid:3386e1ec-5dae-40e5-bebc-9f0cb69a19ee",0,NA,NA,NA,NA,NA,NA,0,NA,"little","moderate","moderate","moderate","moderate","moderate",1,1,0,"Income sources unreported",7,1,0,0,0,10,1,1,1,1,0,0,0,0,0,3,0.337569344275583,2.75628626811297e-07,0.276221064086592,0.0238715452714838,"Mildly Food Insecure"
"496","F",19,"coranique","Calebasses","M","18 - 25","18 - 30","18 - 25","18 - 30","uuid:71fd58dc-806b-45bb-833d-55822046793b","uuid:b6e4350c-35e6-4a6b-952a-735f32ca8287",0,NA,NA,NA,NA,NA,NA,0,NA,"little","moderate","moderate","moderate","moderate","moderate",1,1,0,"Income sources unreported",7,1,0,0,0,10,1,1,1,1,1,1,1,0,0,6,0.988189553227647,0.0413850653165367,0.276221064086592,0.0238715452714838,"Moderately Food Insecure"
"348","M",60,"coranique","Consommateurs","M","55+","51+","26 - 55","31 - 50","uuid:e66ff6ab-addf-47c3-8576-9d955448ea40","uuid:bc0c6745-c86c-4ff1-a909-beff7f666bec",0,NA,NA,NA,NA,NA,NA,0,NA,"little","moderate","moderate","moderate","little","moderate",1,1,0,"Income sources unreported",5,0,1,0,0,10,1,1,1,1,0,0,0,0,0,3,0.337569344275583,2.75628626811297e-07,0.276221064086592,0.0238715452714838,"Mildly Food Insecure"
"347","M",45,"No_school","Consommateurs","M","26 - 55","31 - 50","18 - 25","18 - 30","uuid:f85ed0f0-6e45-449e-9fc0-aec7a390c4ed","uuid:4ff96624-bd05-48ea-8600-07abb58425c1",0,NA,NA,NA,NA,NA,NA,0,NA,"little","moderate","moderate","moderate","moderate","moderate",1,1,0,"Income sources unreported",5,0,1,1,0,10,1,1,1,1,0,0,0,0,0,3,0.337569344275583,2.75628626811297e-07,0.276221064086592,0.0238715452714838,"Mildly Food Insecure"
"345","M",60,"coranique","Consommateurs","M","55+","51+","26 - 55","31 - 50","uuid:1ab67859-6a5d-4644-9285-1fbb8beecb57","uuid:87746f8f-666d-4c2a-8876-d5be31dda770",0,NA,NA,NA,NA,NA,NA,0,NA,"little","moderate","moderate","moderate","moderate","moderate",1,1,0,"Income sources unreported",5,0,0,0,0,9,1,1,1,1,0,0,0,0,0,3,0.337569344275583,2.75628626811297e-07,0.276221064086592,0.0238715452714838,"Mildly Food Insecure"
"335","M",40,"coranique","Consommateurs","M","26 - 55","31 - 50","26 - 55","31 - 50","uuid:295603b1-8b5f-4cf3-93b6-ca5025a2bb6d","uuid:a99fb7fe-06a6-4784-8d75-d995cbbbddd3",0,NA,NA,NA,NA,NA,NA,0,NA,"little","moderate","moderate","moderate","little","moderate",1,1,0,"Income sources unreported",7,1,0,0,0,9,1,1,1,1,0,0,0,0,0,3,0.337569344275583,2.75628626811297e-07,0.276221064086592,0.0238715452714838,"Mildly Food Insecure"
"330","M",30,"coranique","Consommateurs","M","26 - 55","18 - 30",NA,NA,"uuid:f6c97f94-14a4-4f67-b57f-a59549437542","uuid:4c73df6d-e0c7-4712-afb1-f611ff7cd43c",0,NA,NA,NA,NA,NA,NA,0,NA,"little","moderate","moderate","moderate","little","moderate",1,1,0,"Income sources unreported",7,1,0,0,0,9,1,1,1,1,0,0,0,0,0,3,0.337569344275583,2.75628626811297e-07,0.276221064086592,0.0238715452714838,"Mildly Food Insecure"
"329","F",43,"coranique","Consommateurs","F","26 - 55","31 - 50","26 - 55","31 - 50","uuid:3ace3a60-71b8-4a49-a134-d7d09964baff","uuid:9398066d-9c76-4d37-abd0-a7c00e37f020",0,NA,NA,NA,NA,NA,NA,0,NA,"none","none","none","none","little","none",1,1,0,"Income sources unreported",7,1,1,1,0,2,0,1,0,0,1,1,1,0,0,4,0.695132798930907,2.59281945041989e-05,0.276221064086592,0.0238715452714838,"Moderately Food Insecure"
"353","F",30,"coranique","Consommateurs","M","26 - 55","18 - 30","26 - 55","18 - 30","uuid:daffce7d-68c8-4f81-950f-87ae933a3b26","uuid:eaba2533-ce86-4cb6-ac7e-97ffd61c1c2a",0,NA,NA,NA,NA,NA,NA,0,NA,"little","little","moderate","moderate","little","moderate",1,1,0,"Income sources unreported",7,1,0,0,1,8,1,1,0,1,0,0,0,0,0,2,0.0932852837366366,5.37366418029706e-09,0.276221064086592,0.0238715452714838,"Mildly Food Insecure"
"350","M",50,"coranique","Consommateurs","M","26 - 55","31 - 50","26 - 55","31 - 50","uuid:83909832-e601-4ca7-b2ff-cb1c92be2e50","uuid:a5d65650-5a1e-47b8-bef8-4ea1c1d3ff0b",0,NA,NA,NA,NA,NA,NA,0,NA,"little","moderate","moderate","moderate","little","moderate",1,1,0,"Income sources unreported",7,1,1,1,1,8,1,0,1,1,0,0,0,0,0,2,0.0932852837366366,5.37366418029706e-09,0.276221064086592,0.0238715452714838,"Mildly Food Insecure"
"326","M",26,"coranique","Consommateurs","M","18 - 25","18 - 30","18 - 25","18 - 30","uuid:34fca4e7-362d-46ea-a98e-a0e7ecec071f","uuid:e9bf73e1-b257-4c84-9fe4-6d5c7cf9425e",0,NA,NA,NA,NA,NA,NA,0,NA,"none","none","none","moderate","little","moderate",1,1,0,"Income sources unreported",7,1,0,0,0,9,1,0,1,1,0,0,0,0,0,2,0.0932852837366366,5.37366418029706e-09,0.276221064086592,0.0238715452714838,"Mildly Food Insecure"
"339","F",55,"coranique","Consommateurs","F","26 - 55","51+","26 - 55","51+","uuid:c87ef277-ec55-4593-b1e6-0cdd076a92e1","uuid:a31d182a-0ac6-4fa9-86b1-b5bdf18c879b",0,NA,NA,NA,NA,NA,NA,0,NA,"equal","equal","equal","equal","little","none",1,1,0,"Income sources unreported",7,1,0,0,0,6,1,1,1,1,0,0,0,0,0,3,0.337569344275583,2.75628626811297e-07,0.276221064086592,0.0238715452714838,"Mildly Food Insecure"
"497","F",40,"coranique","Calebasses","M","26 - 55","31 - 50","26 - 55","31 - 50","uuid:ffdff9c1-80d3-4415-a133-0778c10fa7de","uuid:7483e349-5dad-4258-a262-b076728b75f9",0,NA,NA,NA,NA,NA,NA,0,NA,"little","little","little","moderate","little","moderate",1,1,0,"Income sources unreported",7,1,1,1,0,6,1,0,1,1,0,0,0,0,0,2,0.0932852837366366,5.37366418029706e-09,0.276221064086592,0.0238715452714838,"Mildly Food Insecure"
"337","F",25,"coranique","Consommateurs","M","18 - 25","18 - 30","18 - 25","18 - 30","uuid:7277e7f6-807d-4f8a-a865-301fe84c57ef","uuid:aaeb94da-c517-494a-9469-fae7fd301016",0,NA,NA,NA,NA,NA,NA,0,NA,"none","none","none","moderate","little","none",1,1,0,"Income sources unreported",7,1,1,1,1,6,1,1,1,1,0,0,0,0,0,3,0.337569344275583,2.75628626811297e-07,0.276221064086592,0.0238715452714838,"Mildly Food Insecure"
"336","M",65,"coranique","Consommateurs","M","55+","51+","26 - 55","31 - 50","uuid:52813f8a-1d0d-4725-8092-c20eafa0308f","uuid:6e12e545-2b7b-4cf8-92aa-5e0398fb86cc",0,NA,NA,NA,NA,NA,NA,0,NA,"none","none","none","moderate","little","none",1,1,0,"Income sources unreported",7,1,1,1,0,6,1,1,1,1,0,0,0,0,0,3,0.337569344275583,2.75628626811297e-07,0.276221064086592,0.0238715452714838,"Mildly Food Insecure"
"95TCUZ","M",18,"coranique","Calebasses","M",NA,NA,"55+","51+","uuid:d21f17af-ceae-4619-8af2-66c8c45b6e82","uuid:9ba83d1a-fc27-4853-a0d0-bef187ae5c00",0,NA,NA,NA,NA,NA,NA,0,NA,"no_reponse","no_reponse","equal","equal","no_reponse","equal",1,0.6,0,"Income sources unreported",4,0,1,1,0,3,0,0,1,1,0,0,0,0,0,2,0.0932852837366366,5.37366418029706e-09,0.276221064086592,0.0238715452714838,"Mildly Food Insecure"
"245","F",25,"secondary","Transformateurs","M","18 - 25","18 - 30","18 - 25","18 - 30","uuid:9b768d6d-01b5-4d1a-b4be-97a53de3d50a","uuid:bf7c2198-5801-4a65-8cf9-ae5692c6b93e",0,NA,NA,NA,NA,NA,NA,0,NA,"no_reponse","no_reponse","moderate","equal","no_reponse","equal",1,0.333333333333333,0,"Income sources unreported",5,0,1,0,1,8,1,0,0,0,0,0,0,0,0,0,0,0,0.276221064086592,0.0238715452714838,"Food Secure"
"599","M",56,"secondary","Calebasses","M","55+","51+","26 - 55","31 - 50","uuid:74c776bb-af5a-42d1-8c44-47d1a86b3fc5","uuid:2c429d9e-c349-4a45-9cf1-b9091cbc2e2f",3,2,0.666666666666667,3,1300,433.333333333333,0.3553028957186,1,1,"none","none","little","equal","no_reponse","moderate",1,0.333333333333333,2,"Crop farming + Off-farm sources",5,0,1,0,0,7,1,1,0,1,0,1,1,1,0,5,0.922388641318079,0.00153586489675683,0.276221064086592,0.0238715452714838,"Moderately Food Insecure"
"249","F",37,"coranique","Transformateurs","M","26 - 55","31 - 50","26 - 55","31 - 50","uuid:03f0d2b3-79aa-4a24-ac73-0676446babd0","uuid:79168f86-4f38-4a0b-bab3-32682d7bca8f",0,NA,NA,NA,NA,NA,NA,0,NA,"no_reponse","no_reponse","equal","equal","no_reponse","equal",1,0.5,0,"Income sources unreported",4,0,1,0,0,9,1,0,0,0,0,0,0,0,0,0,0,0,0.276221064086592,0.0238715452714838,"Food Secure"
"428","F",30,"coranique","Consommateurs","M","26 - 55","18 - 30","26 - 55","18 - 30","uuid:3cfa5a83-2b12-4080-93fc-d8c84078e2ce","uuid:8d3eefd7-8a69-4ca5-b71b-46795b616cac",2,2,0.5,1,2500,2500,0.320128051220488,1,1,"little","none","little","equal","no_reponse","moderate",1,0.4,2,"Crop farming + Off-farm sources",5,0,0,0,0,7,1,1,1,1,0,1,1,1,0,6,0.988189553227647,0.0413850653165367,0.276221064086592,0.0238715452714838,"Moderately Food Insecure"
"6NYUUW","M",44,"primary","Consommateurs","M","26 - 55","31 - 50","26 - 55","18 - 30","uuid:8b0aaf47-f949-423c-b11e-d8adbcce8059","uuid:3e81e811-afc8-40cd-8ba3-fa795fa12604",0,NA,NA,NA,NA,NA,NA,0,NA,"none","none","none","moderate","moderate","moderate",1,0.5,0,"Income sources unreported",6,0,0,0,0,5,1,0,1,1,0,0,0,0,0,2,0.0932852837366366,5.37366418029706e-09,0.276221064086592,0.0238715452714838,"Mildly Food Insecure"
"PT7ZUR","F",38,"No_school","Consommateurs","M","26 - 55","31 - 50","26 - 55","31 - 50","uuid:bce343b3-4c0f-41bf-b828-790489f46411","uuid:a3eb6ef2-dd39-436c-826e-ba70fb059e31",0,NA,NA,NA,NA,NA,NA,0,NA,"none","none","none","equal","moderate","little",1,0.5,0,"Income sources unreported",6,0,1,0,0,5,1,0,1,1,0,0,0,0,0,2,0.0932852837366366,5.37366418029706e-09,0.276221064086592,0.0238715452714838,"Mildly Food Insecure"
"00M6KD","M",45,"primary","Consommateurs","M","26 - 55","31 - 50","18 - 25","18 - 30","uuid:465a8fa3-f3d2-4b37-8f7b-b4fdf2ec9612","uuid:4f32818b-c5a9-44af-bbad-11198cd14db4",0,NA,NA,NA,NA,NA,NA,0,NA,"none","none","none","equal","moderate","no_reponse",0,0.25,0,"Income sources unreported",6,0,0,0,0,4,0,0,0,0,0,0,0,0,0,0,0,0,0.276221064086592,0.0238715452714838,"Food Secure"
"AE2FKC","F",30,"No_school","Consommateurs","M","26 - 55","18 - 30","26 - 55","18 - 30","uuid:1c76a85e-d287-4c2c-ba96-0d2e30d98a46","uuid:3c906d3f-26dd-484e-a4dd-3bcbe2250ae5",0,0,NA,NA,NA,NA,NA,1,1,"little","little","little","little","little","little",0,0.333333333333333,0,"Income sources unreported",2,0,1,1,0,7,1,1,1,1,0,1,1,0,0,5,0.922388641318079,0.00153586489675683,0.276221064086592,0.0238715452714838,"Moderately Food Insecure"
"374","M",26,"coranique","Consommateurs","M","18 - 25","18 - 30","18 - 25","18 - 30","uuid:49d1e1ec-247e-4125-a844-0e376cacf0f9","uuid:09168eb6-0186-4bd6-9609-68cc3494acfe",1,1,NA,1,500,500,0,4,3,"none","none","none","none","none","none",1,0.5,2,"Crop farming + Off-farm sources",2,0,0,0,0,7,1,1,1,0,0,0,0,0,0,2,0.0932852837366366,5.37366418029706e-09,0.276221064086592,0.0238715452714838,"Mildly Food Insecure"
"9G9KBG","F",25,"coranique","Consommateurs","M","18 - 25","18 - 30","18 - 25","18 - 30","uuid:b41780b0-a8e3-4d2e-9c4b-7994a2b3c9ae","uuid:f635fd64-a6ed-4c59-93b6-02bbfb90baff",0,NA,NA,NA,NA,NA,NA,0,NA,"none","none","none","none","none","little",0,NA,0,"Income sources unreported",2,0,0,0,0,7,1,1,1,0,0,0,0,0,0,2,0.0932852837366366,5.37366418029706e-09,0.276221064086592,0.0238715452714838,"Mildly Food Insecure"
"X34X1S","M",45,"coranique","Consommateurs","M","26 - 55","31 - 50","18 - 25","18 - 30","uuid:5bf8ac9c-4c4c-453a-b046-e856850e954f","uuid:604f9499-45fa-44f8-acfe-e12157068d3d",0,NA,NA,NA,NA,NA,NA,0,NA,"none","none","none","none","little","little",1,0.142857142857143,0,"Income sources unreported",2,0,1,1,1,7,1,1,1,0,0,1,0,0,0,3,0.337569344275583,2.75628626811297e-07,0.276221064086592,0.0238715452714838,"Moderately Food Insecure"
"485","F",40,"coranique","Calebasses","M","26 - 55","31 - 50","26 - 55","31 - 50","uuid:8a646770-62ee-4ed1-9d54-d86b80953fc7","uuid:4b5dced3-3f2c-43a6-b975-b5460a845bb7",0,NA,NA,NA,NA,NA,NA,0,NA,"none","none","none","little","none","none",1,0.142857142857143,0,"Income sources unreported",2,0,0,0,0,7,1,1,0,1,0,0,0,0,0,2,0.0932852837366366,5.37366418029706e-09,0.276221064086592,0.0238715452714838,"Mildly Food Insecure"
"483","F",45,"coranique","Calebasses","F","26 - 55","31 - 50","26 - 55","31 - 50","uuid:1f614426-3560-4cf1-9e2d-02e87a2e652d","uuid:a85d01fc-744b-4b9d-9b62-c184aee4de82",0,NA,NA,NA,NA,NA,NA,0,NA,"moderate","little","little","little","little","little",1,0.5,0,"Income sources unreported",2,0,0,0,0,7,1,1,0,1,0,1,1,0,0,4,0.695132798930907,2.59281945041989e-05,0.276221064086592,0.0238715452714838,"Moderately Food Insecure"
"JQNOXK","F",35,"coranique","Consommateurs","M","26 - 55","31 - 50","26 - 55","31 - 50","uuid:549c062f-ab9b-4b98-a4c8-43206b22bb05","uuid:cba11b8b-90e7-4dd4-8504-99e083e1f626",2,1,NA,0.5,800,1600,0,1,1,"little","moderate","moderate","little","moderate","moderate",1,1,1,"Crop farming only",5,0,0,0,0,10,1,1,1,1,0,0,1,1,0,5,0.922388641318079,0.00153586489675683,0.276221064086592,0.0238715452714838,"Moderately Food Insecure"
"8BNMUB","F",25,"coranique","Calebasses","M","18 - 25","18 - 30","18 - 25","18 - 30","uuid:f12e734d-8fa1-4c48-ae41-a07b3c79fc57","uuid:2a9dc30b-d8c3-46c5-b391-693a033e81c0",0,NA,NA,NA,NA,NA,NA,0,NA,"little","moderate","moderate","moderate","moderate","moderate",1,1,0,"Income sources unreported",5,0,1,0,0,10,1,1,1,1,0,0,0,0,0,3,0.337569344275583,2.75628626811297e-07,0.276221064086592,0.0238715452714838,"Mildly Food Insecure"
"T98WR0","F",20,"coranique","Consommateurs","M","18 - 25","18 - 30","18 - 25","18 - 30","uuid:defc7030-ae83-4108-8dae-637198053cff","uuid:da564412-2765-49fd-8785-e119b4de9bfb",4,1,NA,6,6000,1000,0,3,1,"little","moderate","moderate","moderate","moderate","moderate",1,1,1,"Crop farming only",5,0,1,0,0,10,1,1,1,1,0,0,0,0,0,3,0.337569344275583,2.75628626811297e-07,0.276221064086592,0.0238715452714838,"Mildly Food Insecure"
"486","F",25,"coranique","Calebasses","M","18 - 25","18 - 30","18 - 25","18 - 30","uuid:528b94cc-f4a6-4f12-8479-0eada347d3a2","uuid:8b2b7bfb-3623-41b6-b7ff-67a5e76d35f9",0,NA,NA,NA,NA,NA,NA,0,NA,"little","moderate","moderate","moderate","little","moderate",1,1,0,"Income sources unreported",5,0,1,1,0,10,1,1,0,1,0,0,0,0,0,2,0.0932852837366366,5.37366418029706e-09,0.276221064086592,0.0238715452714838,"Mildly Food Insecure"
"325","M",46,"coranique","Commerçants","M","26 - 55","31 - 50","26 - 55","31 - 50","uuid:c4c2dd6d-e011-46ef-af4e-345b02984816","uuid:6f578c88-2fe6-4e63-9239-ccfab0d2a152",0,NA,NA,NA,NA,NA,NA,0,NA,"little","moderate","moderate","moderate","moderate","moderate",1,1,0,"Income sources unreported",5,0,1,0,0,9,1,1,1,0,0,0,0,0,0,2,0.0932852837366366,5.37366418029706e-09,0.276221064086592,0.0238715452714838,"Mildly Food Insecure"
"Q0XXGB","F",36,"coranique","Consommateurs","M","26 - 55","31 - 50","26 - 55","31 - 50","uuid:726cdbc7-135c-437e-88e3-bee3e4dddf50","uuid:92b0983c-f23c-45b0-bb07-b72daf74a303",3,1,NA,3,3000,1000,0,2,1,"little","moderate","moderate","little","moderate","moderate",1,1,1,"Crop farming only",5,0,0,0,0,10,1,1,1,1,0,0,0,0,0,3,0.337569344275583,2.75628626811297e-07,0.276221064086592,0.0238715452714838,"Mildly Food Insecure"
"0CSCY6","M",35,"coranique","Consommateurs","M","26 - 55","31 - 50","18 - 25","18 - 30","uuid:b43eb474-ae69-404b-a302-1b56989fc9c0","uuid:fa7dd61c-7eb4-49b9-a1ec-e700669d0fc1",0,NA,NA,NA,NA,NA,NA,0,NA,"little","moderate","moderate","moderate","little","none",1,1,0,"Income sources unreported",7,1,1,1,1,7,1,0,1,1,0,0,0,0,0,2,0.0932852837366366,5.37366418029706e-09,0.276221064086592,0.0238715452714838,"Mildly Food Insecure"
"487","F",35,"coranique","Calebasses","F","26 - 55","31 - 50","26 - 55","31 - 50","uuid:d709528a-5d44-4b8f-8e9d-9bae9451473f","uuid:73617576-b64d-46f2-aa09-fad0d598231c",0,NA,NA,NA,NA,NA,NA,0,NA,"little","little","moderate","moderate","little","none",1,1,0,"Income sources unreported",7,1,1,1,1,6,1,0,0,1,0,0,0,0,0,1,0.0207601978942691,6.35569774587452e-09,0.276221064086592,0.0238715452714838,"Mildly Food Insecure"
"1SBM5Q","F",21,"coranique","Consommateurs","M","18 - 25","18 - 30","18 - 25","18 - 30","uuid:162c9d8e-dbe0-4aef-b5b9-5e819bfeb4bb","uuid:1f85570a-ac3c-4916-a48b-2de9f9171891",0,NA,NA,NA,NA,NA,NA,0,NA,"little","moderate","moderate","moderate","little","none",1,1,0,"Income sources unreported",7,1,0,0,0,7,1,0,1,1,0,0,0,0,0,2,0.0932852837366366,5.37366418029706e-09,0.276221064086592,0.0238715452714838,"Mildly Food Insecure"
"QZVI7M","M",40,"coranique","Consommateurs","M","26 - 55","31 - 50","26 - 55","31 - 50","uuid:151f1130-2a1e-4956-831a-d8a10135b632","uuid:c662b8cd-9a1e-476a-bf8d-572515ebbec6",0,NA,NA,NA,NA,NA,NA,0,NA,"little","moderate","moderate","moderate","little","moderate",1,1,0,"Income sources unreported",7,1,1,1,0,6,1,1,1,1,0,1,0,0,0,4,0.695132798930907,2.59281945041989e-05,0.276221064086592,0.0238715452714838,"Moderately Food Insecure"
"U3LVFK","F",22,"coranique","Calebasses","M","18 - 25","18 - 30","18 - 25","18 - 30","uuid:5648c7d1-a3d2-468e-8069-8298b25b76c0","uuid:63721227-677b-4466-853d-996d2c78c8ac",0,NA,NA,NA,NA,NA,NA,0,NA,"little","little","moderate","moderate","little","none",1,1,0,"Income sources unreported",7,1,1,1,0,7,1,1,1,1,0,0,1,1,0,5,0.922388641318079,0.00153586489675683,0.276221064086592,0.0238715452714838,"Moderately Food Insecure"
"FKI2R1","M",40,"coranique","Consommateurs","M","26 - 55","31 - 50","18 - 25","18 - 30","uuid:1c9cc360-7652-488f-a254-38835713070e","uuid:86d29333-2455-40f7-8121-fdb94ad10422",0,NA,NA,NA,NA,NA,NA,0,NA,"little","little","little","moderate","little","moderate",1,1,0,"Income sources unreported",7,1,1,1,1,9,1,0,1,1,0,0,0,0,0,2,0.0932852837366366,5.37366418029706e-09,0.276221064086592,0.0238715452714838,"Mildly Food Insecure"
"243","F",60,"No_school","Transformateurs","F","55+","51+","55+","51+","uuid:4ef95818-1e87-424a-9b7c-80e5ff6f1337","uuid:1631d53e-e739-450b-8b2b-124cbdb85496",0,NA,NA,NA,NA,NA,NA,0,NA,"no_reponse","no_reponse","more_than","equal","no_reponse","more_than",1,1,0,"Income sources unreported",6,0,0,0,0,9,1,0,0,0,0,0,0,0,0,0,0,0,0.276221064086592,0.0238715452714838,"Food Secure"
"247","F",33,"secondary","Transformateurs","M","26 - 55","31 - 50","26 - 55","31 - 50","uuid:6c4260cc-0888-4da5-b352-8ac236384cd5","uuid:a8795adf-78cb-43d7-8c40-5893804f36ba",4,2,0.5,2,2400,1200,0.486313741836876,4,1,"moderate","moderate","moderate","equal","no_reponse","equal",1,0.555555555555556,2,"Crop farming + Off-farm sources",4,0,1,1,1,7,1,0,0,1,0,0,0,0,0,1,0.0207601978942691,6.35569774587452e-09,0.276221064086592,0.0238715452714838,"Mildly Food Insecure"
"598","M",23,"coranique","Calebasses","M","18 - 25","18 - 30","26 - 55","31 - 50","uuid:0bdceebe-4639-4853-9991-45e1f044d220","uuid:47ed5547-7604-4f5a-8e04-a91360a9b36f",2,1,1,1,350,350,0,1,1,"equal","little","equal","moderate","no_reponse","moderate",1,0.714285714285714,1,"Crop farming only",2,0,0,0,0,4,0,1,0,1,0,0,0,0,0,2,0.0932852837366366,5.37366418029706e-09,0.276221064086592,0.0238715452714838,"Mildly Food Insecure"
"611","M",70,"coranique","Calebasses","M","55+","51+","55+","51+","uuid:a4a21609-07d9-487e-b6be-615c34101536","uuid:8c838c3c-cccd-4e14-a2a0-b9ab4ee38d09",0,NA,NA,NA,NA,NA,NA,0,NA,"little","moderate","moderate","no_reponse","little","moderate",1,0.571428571428571,0,"Income sources unreported",3,0,0,0,0,5,1,1,0,1,0,0,0,0,0,2,0.0932852837366366,5.37366418029706e-09,0.276221064086592,0.0238715452714838,"Mildly Food Insecure"
"Y1BBO1","F",30,"coranique","Producteurs","M","26 - 55","18 - 30","26 - 55","18 - 30","uuid:6357e9ae-d930-4462-8d1b-42f33f131014","uuid:f1eb2270-567a-4ac5-b19e-b3ad8949d6e6",3,3,0.666666666666667,3,3500,1166.66666666667,0.653247866737435,1,1,"little","none","little","little","none","little",0,0.25,2,"Crop farming + Off-farm sources",2,0,0,0,0,7,1,0,0,0,0,1,0,0,0,1,0.0207601978942691,6.35569774587452e-09,0.276221064086592,0.0238715452714838,"Moderately Food Insecure"
"376","M",60,"coranique","Consommateurs","M","55+","51+","26 - 55","31 - 50","uuid:d4c36bbb-1a18-4980-999b-14afdac339a8","uuid:bee062ca-90af-4484-9280-9a1922a8d92b",3,3,0.666666666666667,3,1800,600,0.623803347538756,2,2,"little","little","little","none","none","little",1,0.666666666666667,1,"Crop farming only",2,0,0,0,0,7,1,1,1,1,0,0,1,0,0,4,0.695132798930907,2.59281945041989e-05,0.276221064086592,0.0238715452714838,"Moderately Food Insecure"
"LYRSKG","M",27,"coranique","Consommateurs","M","26 - 55","18 - 30","18 - 25","18 - 30","uuid:4089a024-80b9-4a06-84d8-5dd84e5fd917","uuid:a6c63a27-9d1e-4df3-b4ad-7854ce169516",0,NA,NA,NA,NA,NA,NA,0,NA,"little","little","little","little","none","little",0,0,0,"Income sources unreported",2,0,1,1,0,7,1,1,0,0,0,0,0,0,0,1,0.0207601978942691,6.35569774587452e-09,0.276221064086592,0.0238715452714838,"Mildly Food Insecure"
"7QQCZ8","F",39,"coranique","Producteurs","M","26 - 55","31 - 50","26 - 55","31 - 50","uuid:5259e8df-1b98-4546-977e-146cbd4b91bc","uuid:3162fd7a-8916-4373-b227-e9760fc13444",3,1,NA,1,1000,1000,0,1,1,"little","little","little","little","little","little",1,0.5,1,"Crop farming only",2,0,1,1,0,7,1,1,1,0,0,1,1,0,0,4,0.695132798930907,2.59281945041989e-05,0.276221064086592,0.0238715452714838,"Moderately Food Insecure"
"LUKLMY","M",45,"coranique","Producteurs","M","26 - 55","31 - 50","26 - 55","31 - 50","uuid:a41ca88e-a333-4d3c-9756-c3263bc6c7fb","uuid:7f5f6af9-ed3b-4e9e-bbcd-0d8f823aefb0",4,2,0.142857142857143,3.5,6500,1857.14285714286,0.355084214139453,4,2,"none","none","none","none","none","none",0,0.2,1,"Crop farming only",2,0,0,0,1,7,1,1,1,1,0,0,1,0,0,4,0.695132798930907,2.59281945041989e-05,0.276221064086592,0.0238715452714838,"Moderately Food Insecure"
"118","M",45,"coranique","Producteurs","M","26 - 55","31 - 50","26 - 55","31 - 50","uuid:a7e769d0-6e5e-426f-a713-de7e258e1c98","uuid:cef1d541-9513-465e-8fbe-3a30a9a1d084",3,3,0.666666666666667,3,2350,783.333333333333,0.615925291885184,3,2,"little","little","little","little","none","little",0,0.25,1,"Crop farming only",2,0,0,0,0,7,1,0,0,1,0,1,0,0,0,2,0.0932852837366366,5.37366418029706e-09,0.276221064086592,0.0238715452714838,"Moderately Food Insecure"
"K9GK4N","F",45,"coranique","Producteurs","M","26 - 55","31 - 50","26 - 55","31 - 50","uuid:430ad947-ee29-4781-aae9-2da03d276bea","uuid:fc5f5e7b-0aee-4889-91ef-8f24b4aa219b",2,1,1,2,1000,500,0,4,3,"little","little","little","little","none","little",1,0.333333333333333,1,"Crop farming only",2,0,0,0,1,6,1,1,0,0,0,1,0,0,0,2,0.0932852837366366,5.37366418029706e-09,0.276221064086592,0.0238715452714838,"Moderately Food Insecure"
"OKP10G","F",22,"secondary","Consommateurs","F","18 - 25","18 - 30","18 - 25","18 - 30","uuid:40810bbe-a3e0-428e-9251-41d3225fed47","uuid:6f71ae3a-20a5-4932-9d8c-7958067d7102",1,1,NA,0.066666,100,1500.01500015,0,0,0,"more_than","more_than","more_than","equal","no_reponse","moderate",1,0.8,2,"Crop farming + Off-farm sources",7,1,0,0,0,7,1,1,0,0,0,0,0,0,0,1,0.0207601978942691,6.35569774587452e-09,0.276221064086592,0.0238715452714838,"Mildly Food Insecure"
"UUCKKB","F",51,"primary","Consommateurs","M","26 - 55","51+","26 - 55","51+","uuid:6e0c083f-9bf2-4a2e-8416-ddfd4d92e7ec","uuid:ccc1bd3a-3509-4caa-a01b-9e6deee4f61e",0,NA,NA,NA,NA,NA,NA,0,NA,"none","none","moderate","moderate","moderate","moderate",1,0.142857142857143,0,"Income sources unreported",6,0,1,0,0,4,0,0,0,0,1,1,1,1,0,4,0.695132798930907,2.59281945041989e-05,0.276221064086592,0.0238715452714838,"Moderately Food Insecure"
"393","F",35,"coranique","Consommateurs","M","26 - 55","31 - 50","26 - 55","31 - 50","uuid:001d8064-237a-4682-952a-af84224208b5","uuid:2d8628c3-37e5-4a8f-909a-e444c8332b1b",2,1,1,1.5,600,400,0,2,1,"little","none","moderate","no_reponse","no_reponse","no_reponse",1,0.6,1,"Crop farming only",1,0,0,0,0,5,1,1,1,1,1,1,1,1,0,7,0.998120533323179,0.356687404917374,0.276221064086592,0.0238715452714838,"Moderately Food Insecure"
"GTQJLI","F",35,"primary","Calebasses","M","26 - 55","31 - 50","26 - 55","31 - 50","uuid:38f935e9-bd81-4e06-959e-f0e030c3ed3a","uuid:fd0a8e15-5669-4447-9994-58db3056b6fa",0,NA,NA,NA,NA,NA,NA,0,NA,"no_reponse","no_reponse","none","equal","moderate","little",1,1,0,"Income sources unreported",6,0,0,0,0,6,1,1,0,0,0,0,1,0,0,2,0.0932852837366366,5.37366418029706e-09,0.276221064086592,0.0238715452714838,"Moderately Food Insecure"
"614","M",60,"coranique","Calebasses","M","55+","51+","26 - 55","31 - 50","uuid:ef8509ac-9a06-4b95-9f20-443ffadfc396","uuid:461466f6-510f-40ad-8ef0-8b75a11fb1b4",0,NA,NA,NA,NA,NA,NA,0,NA,"moderate","moderate","moderate","moderate","no_reponse","moderate",1,0.666666666666667,0,"Income sources unreported",1,0,0,0,0,3,0,1,1,1,0,0,1,1,0,5,0.922388641318079,0.00153586489675683,0.276221064086592,0.0238715452714838,"Moderately Food Insecure"
"XWSGIS","M",64,"coranique","Calebasses","M","55+","51+","26 - 55","51+","uuid:3d7bc151-1a21-441c-9fda-7c658243f389","uuid:505c314e-34f2-4fde-acb7-8b7c6c9dee4f",0,NA,NA,NA,NA,NA,NA,0,NA,"little","moderate","moderate","no_reponse","little","moderate",1,0.4,0,"Income sources unreported",6,0,1,0,0,2,0,1,0,0,0,0,0,0,0,1,0.0207601978942691,6.35569774587452e-09,0.276221064086592,0.0238715452714838,"Mildly Food Insecure"
"Z3SDG6","F",30,"coranique","Consommateurs","F","26 - 55","18 - 30","26 - 55","18 - 30","uuid:7c578d57-a341-443c-b42a-f900df8dd806","uuid:32b75d38-9a2c-4065-b809-fef9c6dca313",0,NA,NA,NA,NA,NA,NA,0,NA,"none","none","little","little","no_reponse","none",1,0.333333333333333,0,"Income sources unreported",7,1,0,0,0,5,1,1,0,0,0,1,1,1,0,4,0.695132798930907,2.59281945041989e-05,0.276221064086592,0.0238715452714838,"Moderately Food Insecure"
"TZMP1N","F",50,"coranique","Consommateurs","F","26 - 55","31 - 50","26 - 55","31 - 50","uuid:cdcb3b8f-4730-4f02-9540-e23fda56f563","uuid:753fc1cc-3ded-44fe-9cb3-100f653611d9",1,1,NA,0.056666,1500,26470.899657643,0,0,0,"more_than","more_than","more_than","equal","more_than","more_than",1,0.8,1,"Crop farming only",6,0,0,0,0,4,0,1,1,1,1,1,0,0,0,5,0.922388641318079,0.00153586489675683,0.276221064086592,0.0238715452714838,"Moderately Food Insecure"
"ZNB13N","F",45,"coranique","Consommateurs","M","26 - 55","31 - 50","26 - 55","31 - 50","uuid:72206dfd-365a-46fd-83ad-50d21d09dcc4","uuid:a6b46666-0644-4c28-b1c8-4125e85063c2",0,NA,NA,NA,NA,NA,NA,0,NA,"none","none","none","moderate","little","moderate",1,0.75,0,"Income sources unreported",6,0,1,0,0,7,1,1,0,0,0,0,0,0,0,1,0.0207601978942691,6.35569774587452e-09,0.276221064086592,0.0238715452714838,"Mildly Food Insecure"
"416","F",36,"secondary","Consommateurs","M","26 - 55","31 - 50","26 - 55","31 - 50","uuid:b1e2661d-efc0-4fc4-862b-d864d5414872","uuid:a178062d-a4ce-465b-a5b8-a6423d7cf62e",5,1,1,2,1000,500,0,1,1,"no_reponse","little","little","moderate","moderate","moderate",1,0.571428571428571,3,"Crop farming + Off-farm sources",7,1,0,0,1,7,1,0,0,0,0,0,0,0,0,0,0,0,0.276221064086592,0.0238715452714838,"Food Secure"
"GICBRM","F",22,"primary","Consommateurs","M","18 - 25","18 - 30","18 - 25","18 - 30","uuid:6d15548f-cedd-4cd5-8cd6-f46b7a3e1296","uuid:a844aee0-9853-46b7-9a1c-9f5e87611c25",0,NA,NA,NA,NA,NA,NA,0,NA,"equal","more_than","more_than","no_reponse","no_reponse","no_reponse",1,0.75,0,"Income sources unreported",6,0,1,1,0,5,1,1,0,0,0,0,1,1,0,3,0.337569344275583,2.75628626811297e-07,0.276221064086592,0.0238715452714838,"Moderately Food Insecure"
"AD23ZB","F",29,"coranique","Consommateurs","M","26 - 55","18 - 30","26 - 55","18 - 30","uuid:d5424ff2-5c03-4e29-a43c-6e573339b581","uuid:5ebb0cd6-8728-4f17-8cb0-129a9992e0b4",0,NA,NA,NA,NA,NA,NA,0,NA,"equal","none","equal","little","moderate","moderate",1,0.666666666666667,0,"Income sources unreported",6,0,1,1,0,4,0,1,1,1,0,0,0,0,0,3,0.337569344275583,2.75628626811297e-07,0.276221064086592,0.0238715452714838,"Mildly Food Insecure"
"239","F",50,"coranique","Transformateurs","M","26 - 55","31 - 50","26 - 55","31 - 50","uuid:38e4efe5-dee3-494a-abe4-32dca58f03cd","uuid:256ae970-7078-4d9c-83dd-8728c94d8750",2,1,1,0.5,2000,4000,0,1,1,"equal","moderate","moderate","no_reponse","no_reponse","equal",1,0.625,1,"Crop farming only",2,0,1,1,1,4,0,1,0,0,0,0,0,0,0,1,0.0207601978942691,6.35569774587452e-09,0.276221064086592,0.0238715452714838,"Mildly Food Insecure"
"604","M",41,"primary","Calebasses","M","26 - 55","31 - 50","26 - 55","31 - 50","uuid:7195dbec-a86d-4d16-bc70-9478d5fe5868","uuid:757c467c-6e0d-4404-a0e3-2dafdc6209cc",0,NA,NA,NA,NA,NA,NA,0,NA,"none","none","little","no_reponse","no_reponse","no_reponse",1,0.8,0,"Income sources unreported",7,1,0,0,0,5,1,1,1,1,0,1,1,1,0,6,0.988189553227647,0.0413850653165367,0.276221064086592,0.0238715452714838,"Moderately Food Insecure"
"S2HJ3J","M",61,"primary","Calebasses","M","55+","51+","26 - 55","31 - 50","uuid:cb55b244-93f7-4cfd-b390-85ed4e6e72d6","uuid:9350d5bf-5d52-43eb-b143-753843543b28",0,NA,NA,NA,NA,NA,NA,0,NA,"no_reponse","none","no_reponse","no_reponse","no_reponse","little",1,0.75,0,"Income sources unreported",2,0,0,0,0,4,0,1,1,1,0,0,1,1,0,5,0.922388641318079,0.00153586489675683,0.276221064086592,0.0238715452714838,"Moderately Food Insecure"
"70DLOR","F",39,"coranique","Consommateurs","F","26 - 55","31 - 50","26 - 55","31 - 50","uuid:c6f674df-2668-4e44-8e31-1226956ec7ab","uuid:cc65480c-c2e7-4b90-95a1-affa0bbe0f31",0,NA,NA,NA,NA,NA,NA,0,NA,"more_than","no_reponse","more_than","equal","more_than","more_than",1,1,0,"Income sources unreported",6,0,0,0,0,7,1,0,0,0,0,0,0,0,0,0,0,0,0.276221064086592,0.0238715452714838,"Food Secure"
"591","M",30,"coranique","Calebasses","M","26 - 55","18 - 30","18 - 25","18 - 30","uuid:245dc15f-d35a-4858-9ac2-350e7383ba20","uuid:39e83e2f-a686-448c-a18b-1f1773ca8241",2,1,NA,2,500,250,0,1,1,"little","none","little","none","none","none",0,0.25,2,"Crop farming + Off-farm sources",2,0,1,1,0,1,0,1,0,0,1,1,1,1,1,6,0.988189553227647,0.0413850653165367,0.276221064086592,0.0238715452714838,"Severely Food Insecure"
"7BRRQF","M",63,"No_school","Consommateurs","M","55+","51+","26 - 55","31 - 50","uuid:b2add765-271c-409e-9d59-d375345fe0f8","uuid:bd2498d1-2ebc-43ac-a816-3fad6b7ac959",0,NA,NA,NA,NA,NA,NA,0,NA,"little","little","little","little","little","little",1,0.714285714285714,0,"Income sources unreported",7,1,0,0,1,9,1,0,0,0,0,0,0,0,0,0,0,0,0.276221064086592,0.0238715452714838,"Food Secure"
"E9VO0P","F",38,"No_school","Calebasses","M","26 - 55","31 - 50","26 - 55","31 - 50","uuid:b1e38e5c-4145-4266-851b-a0f00880fdd4","uuid:64b67a59-78d1-452b-9c17-e598a6a8d893",0,NA,NA,NA,NA,NA,NA,0,NA,"little","moderate","little","little","little","little",1,1,0,"Income sources unreported",7,1,1,0,1,7,1,0,1,1,1,0,1,1,0,5,0.922388641318079,0.00153586489675683,0.276221064086592,0.0238715452714838,"Moderately Food Insecure"
"SMLEJL","F",48,"No_school","Calebasses","M","26 - 55","31 - 50","26 - 55","31 - 50","uuid:c44c5998-f333-44a3-bed5-a39bacdc039e","uuid:362467a0-0eee-4594-80fd-f97fe892d83e",0,NA,NA,NA,NA,NA,NA,0,NA,"little","little","little","little","little","little",1,0.833333333333333,0,"Income sources unreported",7,1,0,0,1,8,1,0,0,1,0,0,0,0,0,1,0.0207601978942691,6.35569774587452e-09,0.276221064086592,0.0238715452714838,"Mildly Food Insecure"
"9XM2PP","F",27,"primary","Consommateurs","M","26 - 55","18 - 30","26 - 55","18 - 30","uuid:d3e974c4-5ef4-4ff9-98ba-78e861a1ed52","uuid:99c55a51-fa0d-45a6-a971-061159a0d45a",0,NA,NA,NA,NA,NA,NA,0,NA,"little","little","little","little","little","none",1,1,0,"Income sources unreported",7,1,1,0,1,8,1,0,0,0,0,0,0,0,0,0,0,0,0.276221064086592,0.0238715452714838,"Food Secure"
"KY2QB6","F",29,"No_school","Consommateurs","M","26 - 55","18 - 30","26 - 55","18 - 30","uuid:1b9871ba-1bd4-48f3-b0a8-bcfd3240a123","uuid:844d4b16-1076-4b01-9901-1a6271647757",0,NA,NA,NA,NA,NA,NA,0,NA,"little","little","little","little","little","little",1,1,0,"Income sources unreported",7,1,1,1,1,8,1,1,1,0,1,0,0,0,0,3,0.337569344275583,2.75628626811297e-07,0.276221064086592,0.0238715452714838,"Mildly Food Insecure"
"TCZ8XC","F",39,"No_school","Calebasses","M","26 - 55","31 - 50","26 - 55","31 - 50","uuid:7934dc2e-1a30-4d4b-b6a4-ce7e7ea02c62","uuid:238de6dd-fd88-4eea-9bfc-db4581a41466",0,NA,NA,NA,NA,NA,NA,0,NA,"little","none","none","little","little","little",1,1,0,"Income sources unreported",7,1,1,1,1,9,1,0,0,0,NA,0,0,0,0,0,0,0,0.276221064086592,0.0238715452714838,"Food Secure"
"EQGB9D","F",46,"No_school","Consommateurs","M","26 - 55","31 - 50","26 - 55","31 - 50","uuid:f218ac5d-28c6-4b46-97a9-13c91f943422","uuid:92cf7d70-d239-4c8b-a0b2-3f173d2a23ff",0,NA,NA,NA,NA,NA,NA,0,NA,"little","little","little","little","little","little",1,1,0,"Income sources unreported",5,0,1,1,1,9,1,0,0,0,0,0,0,0,0,0,0,0,0.276221064086592,0.0238715452714838,"Food Secure"
"552","M",53,"primary","Calebasses","M","26 - 55","51+","26 - 55","31 - 50","uuid:b5385812-5e9a-406d-86b8-4f6960797859","uuid:3ff5a436-af30-4af8-9908-00dc79e4cd3d",0,NA,NA,NA,NA,NA,NA,0,NA,"little","moderate","moderate","little","little","little",1,1,0,"Income sources unreported",7,1,1,0,1,7,1,1,1,1,1,1,1,1,0,7,0.998120533323179,0.356687404917374,0.276221064086592,0.0238715452714838,"Moderately Food Insecure"
"YX9NLD","M",42,"secondary","Consommateurs","M","26 - 55","31 - 50","26 - 55","31 - 50","uuid:9739e11a-1c9e-4b72-b93a-c83718ed58c5","uuid:fab34b62-6ae2-478e-9756-3ba6c09b39c0",0,NA,NA,NA,NA,NA,NA,0,NA,"little","little","little","little","little","little",1,0.666666666666667,0,"Income sources unreported",7,1,1,0,0,7,1,NA,0,0,0,0,0,NA,0,0,0,0,0.276221064086592,0.0238715452714838,"Food Secure"
"K224N2","F",51,"No_school","Consommateurs","F","26 - 55","51+","26 - 55","51+","uuid:4a6679e9-b92e-4d1a-87bf-33bacb7ff4a0","uuid:b70ac83f-a7c2-456f-808b-a96b065a997d",0,NA,NA,NA,NA,NA,NA,0,NA,"no_reponse","no_reponse","equal","equal","moderate","no_reponse",1,1,0,"Income sources unreported",6,0,0,0,0,4,0,0,1,1,0,0,0,0,0,2,0.0932852837366366,5.37366418029706e-09,0.276221064086592,0.0238715452714838,"Mildly Food Insecure"
"FLT2ZH","M",43,"secondary","Consommateurs","M","26 - 55","31 - 50","18 - 25","18 - 30","uuid:4809354e-f9cc-4e5a-94b9-91321181e3d0","uuid:3262f7e9-d578-432f-863d-e973569e920a",0,NA,NA,NA,NA,NA,NA,0,NA,"little","none","none","moderate","moderate","moderate",1,0.5,0,"Income sources unreported",6,0,0,0,0,4,0,0,0,1,0,0,0,0,0,1,0.0207601978942691,6.35569774587452e-09,0.276221064086592,0.0238715452714838,"Mildly Food Insecure"
"EBPT2P","F",23,"primary","Consommateurs","M","18 - 25","18 - 30","18 - 25","18 - 30","uuid:46c8b22f-78fb-44ba-af0c-bd6a67dfcfd1","uuid:1b765e41-45c4-4938-979f-3081b7f47754",0,NA,NA,NA,NA,NA,NA,0,NA,"none","none","none","equal","moderate","no_reponse",1,0.5,0,"Income sources unreported",6,0,0,0,0,4,0,0,1,1,0,0,0,0,0,2,0.0932852837366366,5.37366418029706e-09,0.276221064086592,0.0238715452714838,"Mildly Food Insecure"
"73N6P6","M",27,"secondary","Consommateurs","M","26 - 55","18 - 30","26 - 55","18 - 30","uuid:df137828-628c-4e2f-8b3c-f06d26a4a891","uuid:b3056b31-495c-4443-999a-7a616889c88b",0,NA,NA,NA,NA,NA,NA,0,NA,"none","none","none","moderate","moderate","moderate",1,0.5,0,"Income sources unreported",6,0,0,0,0,4,0,0,0,0,0,0,0,0,0,0,0,0,0.276221064086592,0.0238715452714838,"Food Secure"
"59","F",27,"No_school","Producteurs","M","26 - 55","18 - 30","26 - 55","18 - 30","uuid:0d872834-7868-438a-87ab-99f433f32181","uuid:57d4dcdc-5e89-43be-a9a3-ffa3085fa1dc",2,1,1,0.8,550,687.5,0,0,0,"none","none","none","equal","moderate","equal",1,0.333333333333333,2,"Crop farming + Off-farm sources",6,0,0,0,0,6,1,0,1,1,0,1,0,0,0,3,0.337569344275583,2.75628626811297e-07,0.276221064086592,0.0238715452714838,"Moderately Food Insecure"
"B2EQA2","M",34,"primary","Consommateurs","M","26 - 55","31 - 50","26 - 55","31 - 50","uuid:13a54256-d7a9-4c03-8ce7-cbde7d95772b","uuid:23fb6aeb-4dfc-4aaf-800e-e6a572bfbf64",0,NA,NA,NA,NA,NA,NA,0,NA,"little","moderate","little","moderate","moderate","moderate",1,0.8,0,"Income sources unreported",7,1,0,0,0,5,1,0,1,1,1,1,0,0,0,4,0.695132798930907,2.59281945041989e-05,0.276221064086592,0.0238715452714838,"Moderately Food Insecure"
"12AWNB","F",36,"No_school","Consommateurs","M","26 - 55","31 - 50","26 - 55","31 - 50","uuid:8780af7e-220b-4b5b-9ef5-276362f5960b","uuid:1007dc86-fd52-4ddf-8a76-b2bdd583055d",0,NA,NA,NA,NA,NA,NA,0,NA,"none","none","none","equal","moderate","no_reponse",1,0.166666666666667,0,"Income sources unreported",6,0,0,0,0,5,1,0,1,1,0,0,0,0,0,2,0.0932852837366366,5.37366418029706e-09,0.276221064086592,0.0238715452714838,"Mildly Food Insecure"
"63","F",48,"secondary","Producteurs","F","26 - 55","31 - 50","26 - 55","31 - 50","uuid:465add4a-27d5-4963-bf64-9d963c91a739","uuid:7713c96a-ad30-4973-b097-cd0c64ea4729",4,2,0.75,2,1400,700,0.408455018891045,0,0,"moderate","more_than","more_than","moderate","more_than","more_than",1,1,1,"Crop farming only",6,0,0,0,0,5,1,0,1,1,0,0,0,0,0,2,0.0932852837366366,5.37366418029706e-09,0.276221064086592,0.0238715452714838,"Mildly Food Insecure"
"58","F",37,"secondary","Producteurs","F","26 - 55","31 - 50","26 - 55","31 - 50","uuid:aa601a4b-279a-4dc9-baf5-f67adc99613e","uuid:d24d20b8-ff71-4fe6-8f2b-18b77663ab62",0,0,NA,NA,NA,NA,NA,0,0,"equal","equal","equal","equal","moderate","little",1,1,0,"Income sources unreported",6,0,0,0,0,8,1,0,1,1,0,1,0,0,0,3,0.337569344275583,2.75628626811297e-07,0.276221064086592,0.0238715452714838,"Moderately Food Insecure"
"N1KLGS","M",65,"coranique","Calebasses","M","55+","51+","26 - 55","31 - 50","uuid:2abc0d92-6850-40ed-b330-290c81057b98","uuid:9a778629-e373-4339-ae6b-a6cc28b213b2",0,NA,NA,NA,NA,NA,NA,0,NA,"no_reponse","no_reponse","equal","equal","no_reponse","moderate",1,0.5,0,"Income sources unreported",3,0,1,1,0,4,0,0,1,1,0,0,0,0,0,2,0.0932852837366366,5.37366418029706e-09,0.276221064086592,0.0238715452714838,"Mildly Food Insecure"
"BJF4SS","F",58,"coranique","Consommateurs","M","55+","51+","55+","51+","uuid:f889653f-1312-4d5c-bb7c-c602cce25e95","uuid:9325f040-1653-4af9-be92-56d3648f66ba",0,NA,NA,NA,NA,NA,NA,0,NA,"no_reponse","no_reponse","equal","equal","no_reponse","moderate",1,0.6,0,"Income sources unreported",5,0,1,1,0,7,1,0,1,1,0,0,0,0,0,2,0.0932852837366366,5.37366418029706e-09,0.276221064086592,0.0238715452714838,"Mildly Food Insecure"
"240","F",53,"No_school","Transformateurs","F","26 - 55","51+","26 - 55","51+","uuid:aa399a74-b8b0-4ff3-9f73-5ffbb5cbc6bd","uuid:e947727b-50e4-494a-8568-11c4e97497de",0,NA,NA,NA,NA,NA,NA,0,NA,"no_reponse","no_reponse","little","equal","no_reponse","moderate",1,0.5,0,"Income sources unreported",5,0,0,0,0,8,1,0,1,1,0,1,0,0,0,3,0.337569344275583,2.75628626811297e-07,0.276221064086592,0.0238715452714838,"Moderately Food Insecure"
"9VPWZA","F",43,"coranique","Consommateurs","F","26 - 55","31 - 50","26 - 55","31 - 50","uuid:f261283a-c632-4f37-b8a2-9c3984549b77","uuid:d39a934c-7ee8-4977-a505-632e90572ff4",4,1,NA,2,2400,1200,0,1,1,"equal","equal","equal","equal","no_reponse","moderate",1,0.5,2,"Crop farming + Off-farm sources",3,0,1,1,0,7,1,0,0,1,0,0,0,0,0,1,0.0207601978942691,6.35569774587452e-09,0.276221064086592,0.0238715452714838,"Mildly Food Insecure"
"Q31P6M","F",57,"coranique","Consommateurs","F","55+","51+","55+","51+","uuid:b38cc01a-c3a3-4f6d-ac35-54fd2bfba033","uuid:fb55acab-6538-49e3-ad6e-726488511282",3,1,NA,1.5,2200,1466.66666666667,0,4,2,"more_than","more_than","more_than","equal","no_reponse","equal",1,1,2,"Crop farming + Off-farm sources",5,0,0,0,0,7,1,0,0,1,0,0,0,0,0,1,0.0207601978942691,6.35569774587452e-09,0.276221064086592,0.0238715452714838,"Mildly Food Insecure"
"403","F",24,"coranique","Consommateurs","M","18 - 25","18 - 30","18 - 25","18 - 30","uuid:5c015694-e876-4131-9c9d-4dde061ea6ee","uuid:cf40eb3b-4201-4a55-b0e6-fb0b40b80061",0,NA,NA,NA,NA,NA,NA,0,NA,"no_reponse","no_reponse","moderate","equal","moderate","moderate",1,0.5,0,"Income sources unreported",5,0,1,1,0,8,1,1,0,1,0,1,1,0,0,4,0.695132798930907,2.59281945041989e-05,0.276221064086592,0.0238715452714838,"Moderately Food Insecure"
"409","F",56,"coranique","Consommateurs","M","55+","51+","55+","51+","uuid:82ae8db9-86a7-40f4-aa6b-6c228929dd4b","uuid:1fbd0fb5-ee1e-4a5b-8621-f6f0e08d1cc1",7,2,0.4,2.5,1090,436,0.500417014178482,5,3,"little","none","moderate","equal","no_reponse","moderate",1,0.625,2,"Crop farming + Off-farm sources",5,0,1,0,0,7,1,1,0,1,0,0,0,0,0,2,0.0932852837366366,5.37366418029706e-09,0.276221064086592,0.0238715452714838,"Mildly Food Insecure"
"603","M",50,"primary","Calebasses","M","26 - 55","31 - 50","26 - 55","31 - 50","uuid:bbe4675d-88ac-438a-aa93-88a38267cbfa","uuid:7a08bd08-6508-419b-b0fe-b90aac2d9be5",6,2,0.428571428571429,3.5,2500,714.285714285714,0.480192076830732,2,1,"little","none","moderate","equal","moderate","moderate",1,0.4,1,"Crop farming only",4,0,1,1,0,4,0,1,1,1,1,1,1,1,0,7,0.998120533323179,0.356687404917374,0.276221064086592,0.0238715452714838,"Moderately Food Insecure"
"242","F",25,"coranique","Transformateurs","M","18 - 25","18 - 30","18 - 25","18 - 30","uuid:89e04ba3-f93d-4ad3-9c1f-aa735acb2c67","uuid:6d49fab2-c2e6-445d-820e-51703e96911d",0,NA,NA,NA,NA,NA,NA,0,NA,"no_reponse","no_reponse","moderate","equal","no_reponse","moderate",1,0.8,0,"Income sources unreported",5,0,1,1,1,5,1,1,1,1,0,1,1,0,0,5,0.922388641318079,0.00153586489675683,0.276221064086592,0.0238715452714838,"Moderately Food Insecure"
"237","F",50,"coranique","Transformateurs","M","26 - 55","31 - 50","26 - 55","31 - 50","uuid:c8457af5-b785-4bbf-97d7-309c97c6ad33","uuid:54988ba8-8fcb-4044-a446-fef789c49e66",16,4,1,2,1100,550,0.165439655885516,5,2,"moderate","equal","equal","equal","moderate","more_than",1,0.625,2,"Crop farming + Off-farm sources",6,0,1,0,1,5,1,0,0,0,0,0,0,0,0,0,0,0,0.276221064086592,0.0238715452714838,"Food Secure"
"595","M",74,"secondary","Calebasses","M","55+","51+","55+","51+","uuid:ef840d37-34e9-4c01-9de3-460f9f179ba9","uuid:47674044-5325-4d5c-a81a-4cc302dd968a",0,NA,NA,NA,NA,NA,NA,0,NA,"no_reponse","no_reponse","moderate","equal","no_reponse","little",1,0.666666666666667,0,"Income sources unreported",6,0,0,0,0,6,1,0,1,1,0,0,0,0,0,2,0.0932852837366366,5.37366418029706e-09,0.276221064086592,0.0238715452714838,"Mildly Food Insecure"
"615","M",67,"coranique","Calebasses","M","55+","51+","26 - 55","31 - 50","uuid:034a7c9e-0ddc-4304-aca8-c40c026a8d34","uuid:9b58fae6-11fc-47b7-9da2-6763cb159536",0,NA,NA,NA,NA,NA,NA,0,NA,"no_reponse","no_reponse","equal","equal","no_reponse","moderate",1,0.75,0,"Income sources unreported",4,0,1,0,0,5,1,1,1,1,1,1,1,1,0,7,0.998120533323179,0.356687404917374,0.276221064086592,0.0238715452714838,"Moderately Food Insecure"
"253","F",25,"coranique","Transformateurs","M","18 - 25","18 - 30","18 - 25","18 - 30","uuid:452af23e-177a-4bf5-8896-f4bcb57ad707","uuid:540bdc91-f469-4ffb-a37b-acfc882d57ee",0,NA,NA,NA,NA,NA,NA,0,NA,"no_reponse","no_reponse","moderate","equal","no_reponse","moderate",1,0.285714285714286,0,"Income sources unreported",6,0,0,0,0,7,1,0,0,0,0,0,0,0,0,0,0,0,0.276221064086592,0.0238715452714838,"Food Secure"
"252","F",32,"coranique","Transformateurs","M","26 - 55","31 - 50","26 - 55","31 - 50","uuid:58a82746-7a3e-460e-bde4-38c3e31f8c47","uuid:b323eb60-8e91-4249-b3b2-00029649d47f",25,4,1,2,20000,10000,0,4,1,"equal","equal","moderate","equal","moderate","more_than",1,0.545454545454545,2,"Crop farming + Off-farm sources",6,0,0,0,1,8,1,0,0,0,0,0,0,0,0,0,0,0,0.276221064086592,0.0238715452714838,"Food Secure"
"607","M",18,"primary","Calebasses","M",NA,NA,"26 - 55","31 - 50","uuid:4534e316-3887-4456-92e7-8f42f3b4b99c","uuid:92094664-8bfe-4aaa-add0-3d5180778936",0,NA,NA,NA,NA,NA,NA,0,NA,"no_reponse","no_reponse","equal","equal","no_reponse","moderate",1,0.5,0,"Income sources unreported",3,0,1,1,0,4,0,1,1,1,0,0,1,0,0,4,0.695132798930907,2.59281945041989e-05,0.276221064086592,0.0238715452714838,"Moderately Food Insecure"
"XF0N66","F",25,"coranique","Producteurs","M","18 - 25","18 - 30","18 - 25","18 - 30","uuid:fe45fea3-c2a5-4c78-92af-09c39d116472","uuid:65cc5d24-a75a-475b-8398-50476734156e",3,1,NA,2,2500,1250,0,2,1,"little","moderate","moderate","moderate","moderate","moderate",1,1,1,"Crop farming only",7,1,0,0,0,9,1,0,0,0,0,0,0,0,0,0,0,0,0.276221064086592,0.0238715452714838,"Food Secure"
"AO0O27","M",22,"coranique","Consommateurs","M","18 - 25","18 - 30","18 - 25","18 - 30","uuid:9545905f-691c-46e5-b467-3b7eb5e86390","uuid:b03e3ec1-50ce-4fe6-b65b-7f4099bfb819",0,NA,NA,NA,NA,NA,NA,0,NA,"little","moderate","moderate","moderate","little","moderate",1,1,0,"Income sources unreported",5,0,1,0,0,10,1,0,0,0,0,0,0,0,0,0,0,0,0.276221064086592,0.0238715452714838,"Food Secure"
"9EEF4T","F",32,"coranique","Producteurs","M","26 - 55","31 - 50","26 - 55","31 - 50","uuid:a843c6dc-9c63-42db-96ac-c8976784a88b","uuid:0cee76fc-ef7c-4040-8e4e-378bda0bdfab",4,1,NA,1,1000,1000,0,2,1,"little","moderate","moderate","moderate","moderate","moderate",1,1,1,"Crop farming only",7,1,0,0,0,9,1,0,0,0,0,0,0,0,0,0,0,0,0.276221064086592,0.0238715452714838,"Food Secure"
"C4Q91K","M",46,"coranique","Producteurs","M","26 - 55","31 - 50","26 - 55","18 - 30","uuid:8ad1ea69-2311-4841-b9b5-5d6ea38e7d18","uuid:12a67484-de6f-48a4-b49e-5401c8d37364",3,1,NA,3,3000,1000,0,2,1,"little","moderate","moderate","moderate","moderate","moderate",1,1,1,"Crop farming only",7,1,0,0,0,10,1,0,0,0,0,0,0,0,0,0,0,0,0.276221064086592,0.0238715452714838,"Food Secure"
"138","F",35,"coranique","Producteurs","M","26 - 55","31 - 50",NA,NA,"uuid:ae79fda3-cd4e-4fb3-abb5-d50f9d771a15","uuid:1f63b4f4-fedd-429d-8b78-9677226d54d9",5,1,NA,5,5000,1000,0,3,2,"little","moderate","moderate","moderate","moderate","moderate",1,1,1,"Crop farming only",7,1,0,0,0,9,1,0,0,0,0,0,0,0,0,0,0,0,0.276221064086592,0.0238715452714838,"Food Secure"
"UV5VCS","F",52,"coranique","Consommateurs","M","26 - 55","51+","26 - 55","51+","uuid:77579a03-bf07-47ca-b1f3-76f7235136fd","uuid:559c2d72-0a6b-45fe-bd6e-00eba399e1b9",0,NA,NA,NA,NA,NA,NA,0,NA,"little","moderate","moderate","moderate","little","moderate",1,1,0,"Income sources unreported",5,0,1,0,0,8,1,1,0,0,NA,0,0,0,0,1,0.0207601978942691,6.35569774587452e-09,0.276221064086592,0.0238715452714838,"Mildly Food Insecure"
"111","M",35,"coranique","Producteurs","M","26 - 55","31 - 50","26 - 55","18 - 30","uuid:8e62109b-18ea-48c7-943f-a9f1d1ab9c36","uuid:e26134f9-2aa1-4bd0-8417-dd67a1aa44b7",2,1,NA,1.5,2000,1333.33333333333,0,1,1,"little","moderate","moderate","moderate","moderate","moderate",1,1,2,"Crop farming + Off-farm sources",7,1,0,0,0,11,1,0,0,0,0,0,0,0,0,0,0,0,0.276221064086592,0.0238715452714838,"Food Secure"
"0DG12Y","M",44,"coranique","Producteurs","M","26 - 55","31 - 50","18 - 25","18 - 30","uuid:71595501-2fa7-4463-9fd1-faaa5b8a51e1","uuid:762f7859-7711-458c-bbc0-dd1f62472605",3,1,NA,2,2000,1000,0,2,1,"little","moderate","moderate","moderate","moderate","moderate",1,1,1,"Crop farming only",7,1,0,0,0,9,1,0,0,0,0,0,0,0,0,0,0,0,0.276221064086592,0.0238715452714838,"Food Secure"
"KRH1ES","F",30,"coranique","Consommateurs","M","26 - 55","18 - 30","26 - 55","18 - 30","uuid:67fad01e-dc9c-4ce9-aa44-a40fa6af3df0","uuid:257160dd-f250-4da0-87d0-44edcda483c3",0,NA,NA,NA,NA,NA,NA,0,NA,"little","moderate","moderate","moderate","little","moderate",1,1,0,"Income sources unreported",5,0,1,0,0,8,1,0,0,0,0,0,0,0,0,0,0,0,0.276221064086592,0.0238715452714838,"Food Secure"
"277","F",51,"coranique","Transformateurs","M","26 - 55","51+","26 - 55","51+","uuid:1377b32f-d24c-4e89-bbbf-c4e1564148c5","uuid:e3353347-b2ae-4da0-b43a-a57a9d58141d",0,NA,NA,NA,NA,NA,NA,0,NA,"none","none","none","none","none","none",1,1,0,"Income sources unreported",7,1,0,0,0,7,1,0,1,1,0,0,0,0,0,2,0.0932852837366366,5.37366418029706e-09,0.276221064086592,0.0238715452714838,"Mildly Food Insecure"
"AEMAAR","F",34,"coranique","Producteurs","M","26 - 55","31 - 50","26 - 55","31 - 50","uuid:53ffdc16-3b90-4ddc-9368-4f9c013570dd","uuid:a1c95f00-7187-4f51-aa17-2ea88dcf3b58",1,1,NA,1,3000,3000,0,1,1,"little","moderate","moderate","moderate","little","moderate",1,1,1,"Crop farming only",7,1,1,1,1,7,1,0,1,1,0,0,0,0,0,2,0.0932852837366366,5.37366418029706e-09,0.276221064086592,0.0238715452714838,"Mildly Food Insecure"
"273","F",60,"coranique","Transformateurs","M","55+","51+","55+","51+","uuid:cde97188-b08b-450c-be7d-0118c8733da1","uuid:3c67ae58-ebca-4919-bfef-e8a07d6f05ff",0,NA,NA,NA,NA,NA,NA,0,NA,"little","moderate","moderate","moderate","little","none",1,1,0,"Income sources unreported",7,1,1,1,0,5,1,0,1,1,0,0,0,0,0,2,0.0932852837366366,5.37366418029706e-09,0.276221064086592,0.0238715452714838,"Mildly Food Insecure"
"FXG333","F",30,"coranique","Transformateurs","M","26 - 55","18 - 30","26 - 55","18 - 30","uuid:65a853bc-c463-4fd7-824f-3877d4ced779","uuid:7509e85e-bacd-4c3a-8ae7-7d7c95242891",0,NA,NA,NA,NA,NA,NA,0,NA,"little","little","moderate","moderate","little","moderate",1,1,0,"Income sources unreported",7,1,1,1,0,6,1,0,1,1,0,0,0,0,0,2,0.0932852837366366,5.37366418029706e-09,0.276221064086592,0.0238715452714838,"Mildly Food Insecure"
"264","F",18,"coranique","Transformateurs","M",NA,NA,NA,NA,"uuid:b23bbc40-eb4e-430d-80bf-a75c6ab5c97a","uuid:d59cd2e6-b416-4266-ad6e-134797d9f771",0,NA,NA,NA,NA,NA,NA,0,NA,"none","none","none","none","none","none",1,1,0,"Income sources unreported",7,1,0,0,0,8,1,1,1,1,0,0,1,1,1,6,0.988189553227647,0.0413850653165367,0.276221064086592,0.0238715452714838,"Severely Food Insecure"
"137","F",45,"coranique","Producteurs","M","26 - 55","31 - 50","26 - 55","31 - 50","uuid:03374d4a-1671-47a2-a019-d7b0f198460a","uuid:f5e13c2f-3741-4588-8bd9-88f28ba6f707",4,4,0.5,4,18000,4500,0.574105968850121,2,1,"none","none","none","equal","little","none",1,1,1,"Crop farming only",7,1,1,1,1,7,1,0,1,1,0,0,0,0,0,2,0.0932852837366366,5.37366418029706e-09,0.276221064086592,0.0238715452714838,"Mildly Food Insecure"
"268","F",35,"coranique","Transformateurs","M","26 - 55","31 - 50","26 - 55","31 - 50","uuid:dd557c9e-981c-4a33-b477-6b2cb63fe83f","uuid:a1cd3a79-ccd8-4a3a-bfdb-26762e2fd424",0,NA,NA,NA,NA,NA,NA,0,NA,"little","moderate","moderate","equal","little","none",1,1,0,"Income sources unreported",7,1,1,1,0,10,1,0,1,1,0,0,0,0,0,2,0.0932852837366366,5.37366418029706e-09,0.276221064086592,0.0238715452714838,"Mildly Food Insecure"
"8T8BIH","M",28,"coranique","Producteurs","M","26 - 55","18 - 30","18 - 25","18 - 30","uuid:52ba1c2d-dccf-45ae-9653-3be1075f9b09","uuid:a21bb0dd-dfd0-4c2b-9a9e-feeb11aa91cf",3,2,0.75,4,4000,1000,0.500125031257814,1,1,"little","moderate","moderate","moderate","little","none",1,1,2,"Crop farming + Off-farm sources",7,1,0,0,0,6,1,0,1,1,0,0,0,0,0,2,0.0932852837366366,5.37366418029706e-09,0.276221064086592,0.0238715452714838,"Mildly Food Insecure"
"113","M",50,"coranique","Producteurs","M","26 - 55","31 - 50","26 - 55","31 - 50","uuid:d1a9b148-a9b1-410e-8272-6eeff1817c2f","uuid:fbd128e6-5206-4ea8-a809-523adb93c9b7",3,1,1,1,2000,2000,0,1,1,"little","none","moderate","moderate","little","none",1,1,1,"Crop farming only",7,1,1,1,0,5,1,0,1,1,0,0,0,0,0,2,0.0932852837366366,5.37366418029706e-09,0.276221064086592,0.0238715452714838,"Mildly Food Insecure"
"292","F",30,"coranique","Transformateurs","M","26 - 55","18 - 30","26 - 55","18 - 30","uuid:a1f01447-aba3-4c3a-b450-119ef66ad4ea","uuid:6e768e3e-70b1-4486-afa7-f245ddc04eee",0,NA,NA,NA,NA,NA,NA,0,NA,"moderate","equal","equal","moderate","little","none",1,1,0,"Income sources unreported",7,1,0,0,0,5,1,1,1,1,0,1,1,1,0,6,0.988189553227647,0.0413850653165367,0.276221064086592,0.0238715452714838,"Moderately Food Insecure"
"256","F",20,"coranique","Transformateurs","M","18 - 25","18 - 30","18 - 25","18 - 30","uuid:c64cd247-5ccf-4e0f-967d-6f49217211ef","uuid:c6703d85-43a2-4a99-9cbf-06ae5661462b",0,NA,NA,NA,NA,NA,NA,0,NA,"none","none","none","moderate","little","none",1,1,0,"Income sources unreported",7,1,0,0,0,7,1,0,1,1,0,0,0,0,0,2,0.0932852837366366,5.37366418029706e-09,0.276221064086592,0.0238715452714838,"Mildly Food Insecure"
"QERJYC","M",40,"coranique","Producteurs","M","26 - 55","31 - 50","26 - 55","31 - 50","uuid:3b9ea81a-91d4-4c80-988c-63162c3ac129","uuid:e39b0ff6-c9b9-41cd-acf5-c4e499a09a52",3,2,1,1.251538,2200,1757.83715716183,0.35139939641986,4,2,"little","moderate","moderate","moderate","little","none",1,1,2,"Crop farming + Off-farm sources",7,1,0,0,0,7,1,0,1,1,0,0,0,0,0,2,0.0932852837366366,5.37366418029706e-09,0.276221064086592,0.0238715452714838,"Mildly Food Insecure"
"146","F",28,"coranique","Producteurs","M","26 - 55","18 - 30","26 - 55","18 - 30","uuid:fac42e97-d098-4351-87ab-f44e914a1ade","uuid:41274f98-659a-4015-a459-b75ff66d68e2",3,1,1,1,1000,1000,0,4,4,"little","moderate","moderate","moderate","little","none",1,1,1,"Crop farming only",7,1,1,1,0,9,1,0,1,1,0,0,0,0,0,2,0.0932852837366366,5.37366418029706e-09,0.276221064086592,0.0238715452714838,"Mildly Food Insecure"
"321","F",43,"No_school","Commerçants","M","26 - 55","31 - 50","26 - 55","31 - 50","uuid:379736f2-af01-4ca0-b373-05da21f8ba55","uuid:40315b66-155d-49ef-9c7c-dce4f29adc13",0,NA,NA,NA,NA,NA,NA,0,NA,"little","little","little","little","little","moderate",1,0.666666666666667,0,"Income sources unreported",7,1,1,0,1,7,1,0,0,0,1,0,0,0,0,1,0.0207601978942691,6.35569774587452e-09,0.276221064086592,0.0238715452714838,"Mildly Food Insecure"
"320","F",30,"primary","Commerçants","M","26 - 55","18 - 30","26 - 55","18 - 30","uuid:8b2f317b-dfa7-4d77-9124-18a34e3d8e36","uuid:adcb4fe3-a9d8-41d1-8a80-ef887692b45c",0,NA,NA,NA,NA,NA,NA,0,NA,"little","moderate","little","little","little","little",1,0.833333333333333,0,"Income sources unreported",7,1,1,0,1,5,1,1,1,0,0,0,0,0,0,2,0.0932852837366366,5.37366418029706e-09,0.276221064086592,0.0238715452714838,"Mildly Food Insecure"
"319","F",41,"primary","Commerçants","M","26 - 55","31 - 50","26 - 55","31 - 50","uuid:d3f7c060-a4f8-4f5f-893c-d16bbef10d5a","uuid:3c48198d-7a91-47d6-a821-094ed340f74a",0,NA,NA,NA,NA,NA,NA,0,NA,"little","little","moderate","little","little","moderate",1,1,0,"Income sources unreported",7,1,1,1,0,7,1,0,0,0,0,0,0,0,0,0,0,0,0.276221064086592,0.0238715452714838,"Food Secure"
"542","M",45,"No_school","Calebasses","M","26 - 55","31 - 50","26 - 55","31 - 50","uuid:3f98d4d8-139d-45ed-a507-a80ad55b4471","uuid:67a2adfb-361c-4f52-8134-5e3f05a8e771",0,NA,NA,NA,NA,NA,NA,0,NA,"little","none","moderate","little","little","little",1,1,0,"Income sources unreported",7,1,1,0,1,10,1,0,0,0,0,0,0,0,0,0,0,0,0.276221064086592,0.0238715452714838,"Food Secure"
"536","M",49,"secondary","Calebasses","M","26 - 55","31 - 50","26 - 55","31 - 50","uuid:19841b51-fd2b-4052-9d3a-3f008c180f51","uuid:34d2e30e-924d-4fbd-8cae-99997736a831",0,NA,NA,NA,NA,NA,NA,0,NA,"little","none","little","little","little","little",1,1,0,"Income sources unreported",7,1,1,0,1,8,1,0,0,0,0,0,0,0,0,0,0,0,0.276221064086592,0.0238715452714838,"Food Secure"
"541","M",44,"No_school","Calebasses","M","26 - 55","31 - 50","26 - 55","31 - 50","uuid:7e723b6d-0ae9-4765-b53d-7dbbe73adaec","uuid:77902d5b-82d9-40c4-a87d-7eade5a46c94",0,NA,NA,NA,NA,NA,NA,0,NA,"little","little","little","little","little","little",1,1,0,"Income sources unreported",7,1,1,0,1,9,1,0,0,1,0,0,0,0,0,1,0.0207601978942691,6.35569774587452e-09,0.276221064086592,0.0238715452714838,"Mildly Food Insecure"
"535","M",66,"No_school","Calebasses","M","55+","51+","26 - 55","31 - 50","uuid:d1ce819a-2e08-4f7d-871d-2c82f31d992e","uuid:db40fcd7-1d58-45ae-8379-b96ed26ad1fb",0,NA,NA,NA,NA,NA,NA,0,NA,"little","moderate","little","little","little","little",1,0.75,0,"Income sources unreported",7,1,1,0,1,8,1,0,0,0,0,0,0,0,0,0,0,0,0.276221064086592,0.0238715452714838,"Food Secure"
"539","M",66,"coranique","Calebasses","M","55+","51+","26 - 55","31 - 50","uuid:4edf4495-9959-4874-9bc9-cfbc9f2decb9","uuid:9ea3b354-cc9b-4bb7-a590-5e0238bc477a",0,NA,NA,NA,NA,NA,NA,0,NA,"little","moderate","little","little","little","little",1,0.833333333333333,0,"Income sources unreported",7,1,1,0,1,6,1,1,1,1,0,1,1,1,0,6,0.988189553227647,0.0413850653165367,0.276221064086592,0.0238715452714838,"Moderately Food Insecure"
"548","F",55,"No_school","Calebasses","M","26 - 55","51+","26 - 55","51+","uuid:1d65e983-f655-4c39-a1d7-74961600d63e","uuid:5ce19391-cdfd-45c8-b259-776141ef109f",0,NA,NA,NA,NA,NA,NA,0,NA,"little","little","little","little","little","moderate",1,1,0,"Income sources unreported",7,1,1,0,1,8,1,1,0,0,NA,0,0,0,0,1,0.0207601978942691,6.35569774587452e-09,0.276221064086592,0.0238715452714838,"Mildly Food Insecure"
"31","M",43,"secondary","Producteurs","M","26 - 55","31 - 50","26 - 55","31 - 50","uuid:7d083012-3120-4a8e-9458-26fe65f00edb","uuid:a8ed3e0f-2fc7-4655-9df5-13db39592ffc",4,1,1,3,1600,533.333333333333,0,4,1,"little","little","moderate","little","none","moderate",1,0.666666666666667,1,"Crop farming only",7,1,1,1,1,8,1,1,1,1,0,1,0,0,0,4,0.695132798930907,2.59281945041989e-05,0.276221064086592,0.0238715452714838,"Moderately Food Insecure"
"254","F",25,"secondary","Transformateurs","M","18 - 25","18 - 30","18 - 25","18 - 30","uuid:d907d35c-cf7c-45c1-9833-8ae54d3a5d17","uuid:a7ed5caf-d509-40b1-aafe-8b8ee242f0dd",12,3,0.971223091454899,4.633333,1200,258.992824387973,0.569919377258827,0,0,"equal","none","none","no_reponse","none","little",0,0.2,1,"Crop farming only",6,0,1,1,0,7,1,0,0,1,0,0,0,0,0,1,0.0207601978942691,6.35569774587452e-09,0.276221064086592,0.0238715452714838,"Mildly Food Insecure"
"61","F",44,"No_school","Producteurs","M","26 - 55","31 - 50","26 - 55","31 - 50","uuid:5d3cfa90-9504-4ac6-b274-916bb0e890c9","uuid:ce2968a5-0c45-43a0-9784-01ba83171e87",3,2,0.666666666666667,1.5,1000,666.666666666667,0.480480480480481,2,1,"little","moderate","moderate","moderate","moderate","moderate",1,0.5,1,"Crop farming only",3,0,0,0,0,5,1,1,1,1,0,1,1,0,0,5,0.922388641318079,0.00153586489675683,0.276221064086592,0.0238715452714838,"Moderately Food Insecure"
"60","F",53,"secondary","Producteurs","F","26 - 55","51+","26 - 55","51+","uuid:4e5a2017-a39c-4288-859e-0dbe7f505c90","uuid:81d34551-436c-4799-82f9-711c7bc0e5f6",4,2,0.75,2,3000,1500,0.444592641991775,3,1,"moderate","no_reponse","no_reponse","equal","moderate","no_reponse",1,0.666666666666667,1,"Crop farming only",3,0,0,0,0,4,0,1,1,1,0,1,1,0,0,5,0.922388641318079,0.00153586489675683,0.276221064086592,0.0238715452714838,"Moderately Food Insecure"
"569","F",52,"No_school","Calebasses","F","26 - 55","51+","26 - 55","51+","uuid:ecacb861-e5aa-45dc-bc4e-8c86f2d3d884","uuid:f0a6c4c6-2b65-4fee-9401-daec29bf5f23",1,1,NA,0.5,50,100,0,0,0,"no_reponse","no_reponse","no_reponse","equal","moderate","no_reponse",1,0.5,1,"Crop farming only",3,0,0,0,0,4,0,1,1,1,0,1,1,1,0,6,0.988189553227647,0.0413850653165367,0.276221064086592,0.0238715452714838,"Moderately Food Insecure"
"278","F",37,"coranique","Transformateurs","M","26 - 55","31 - 50","26 - 55","31 - 50","uuid:374da50f-3813-4ef6-a37c-e8e2767344c7","uuid:57c53a51-3e72-4aa2-ba98-916c0bd7aae9",0,NA,NA,NA,NA,NA,NA,0,NA,"none","none","none","none","none","little",0,0.25,0,"Income sources unreported",2,0,1,1,1,6,1,1,1,1,0,1,1,0,0,5,0.922388641318079,0.00153586489675683,0.276221064086592,0.0238715452714838,"Moderately Food Insecure"
"267","F",21,"coranique","Transformateurs","M","18 - 25","18 - 30","18 - 25","18 - 30","uuid:e4387613-4e01-4d10-87cd-06bf227fac42","uuid:4a64f068-f1b1-426e-9008-1c83f1825169",0,NA,NA,NA,NA,NA,NA,0,NA,"little","none","little","little","none","none",1,0.5,0,"Income sources unreported",2,0,0,0,0,8,1,1,0,1,0,1,0,0,0,3,0.337569344275583,2.75628626811297e-07,0.276221064086592,0.0238715452714838,"Moderately Food Insecure"
"255","F",23,"coranique","Transformateurs","M","18 - 25","18 - 30","18 - 25","18 - 30","uuid:ab7c3775-a55c-4707-9a4c-acd24ccdd644","uuid:8bee70d0-d8fd-4e47-873c-2370700bf1bb",0,NA,NA,NA,NA,NA,NA,0,NA,"little","none","little","none","none","little",1,0.666666666666667,0,"Income sources unreported",2,0,0,0,0,5,1,1,1,1,0,1,1,0,0,5,0.922388641318079,0.00153586489675683,0.276221064086592,0.0238715452714838,"Moderately Food Insecure"
"276","F",35,"coranique","Transformateurs","M","26 - 55","31 - 50","26 - 55","31 - 50","uuid:ff773f1f-946e-4aab-8f3d-95df22fc02b4","uuid:b4681e14-d9a9-4130-918d-dca602686f18",0,NA,NA,NA,NA,NA,NA,0,NA,"little","none","little","little","none","little",0,0.2,0,"Income sources unreported",2,0,1,1,1,6,1,1,1,1,0,1,1,0,0,5,0.922388641318079,0.00153586489675683,0.276221064086592,0.0238715452714838,"Moderately Food Insecure"
"263","F",30,"coranique","Transformateurs","M","26 - 55","18 - 30","26 - 55","18 - 30","uuid:9f61abe5-513a-4ff4-8907-93f20ad5c9f1","uuid:e7598966-59e2-4a5a-bdf9-deb5ca4e5062",0,NA,NA,NA,NA,NA,NA,0,NA,"little","none","little","none","none","little",1,1,0,"Income sources unreported",2,0,1,1,0,5,1,1,1,1,0,0,1,0,0,4,0.695132798930907,2.59281945041989e-05,0.276221064086592,0.0238715452714838,"Moderately Food Insecure"
"257","F",40,"coranique","Transformateurs","F","26 - 55","31 - 50",NA,NA,"uuid:a9ad3a64-a85a-4238-b4a0-a9507442d1f3","uuid:35a9366b-a62e-49f4-84ba-51fbc5453445",0,NA,NA,NA,NA,NA,NA,0,NA,"little","little","little","none","none","none",1,0.285714285714286,0,"Income sources unreported",5,0,1,1,1,8,1,1,1,1,0,1,1,0,0,5,0.922388641318079,0.00153586489675683,0.276221064086592,0.0238715452714838,"Moderately Food Insecure"
"262","F",20,"coranique","Transformateurs","M","18 - 25","18 - 30","18 - 25","18 - 30","uuid:da72e23f-e176-4d52-b34b-99af4bead26a","uuid:2e2f743f-ab5e-4a00-88f4-ed93be5d3341",0,NA,NA,NA,NA,NA,NA,0,NA,"none","none","none","none","none","little",1,1,0,"Income sources unreported",2,0,1,1,1,8,1,1,1,1,0,1,1,0,0,5,0.922388641318079,0.00153586489675683,0.276221064086592,0.0238715452714838,"Moderately Food Insecure"
"32","M",68,"No_school","Producteurs","M","55+","51+","26 - 55","51+","uuid:ee053e34-bff4-404d-8099-1b5ce305f2d8","uuid:2651952f-0e24-40e3-9c1f-bad78f9d6fbb",4,1,1,3,1700,566.666666666667,0,4,1,"little","little","moderate","little","little","moderate",1,1,1,"Crop farming only",7,1,1,0,1,6,1,1,0,0,0,0,0,0,0,1,0.0207601978942691,6.35569774587452e-09,0.276221064086592,0.0238715452714838,"Mildly Food Insecure"
"547","F",40,"No_school","Calebasses","M","26 - 55","31 - 50","26 - 55","31 - 50","uuid:572887b6-4058-42b6-933c-a5a210ab9546","uuid:3d1c050a-658c-4cb9-923b-22fff2162268",0,NA,NA,NA,NA,NA,NA,0,NA,"little","moderate","little","little","little","little",1,1,0,"Income sources unreported",7,1,1,0,1,8,1,0,0,0,0,0,0,0,0,0,0,0,0.276221064086592,0.0238715452714838,"Food Secure"
"6QEI6X","F",42,"No_school","Calebasses","M","26 - 55","31 - 50","26 - 55","31 - 50","uuid:47253954-243b-45e2-8a70-2c18733a2117","uuid:d15414b9-a46f-4439-af7b-ea3e6a649cd0",0,NA,NA,NA,NA,NA,NA,0,NA,"little","little","little","little","little","little",1,1,0,"Income sources unreported",7,1,1,0,1,7,1,0,0,0,0,0,0,0,0,0,0,0,0.276221064086592,0.0238715452714838,"Food Secure"
"538","M",52,"No_school","Calebasses","M","26 - 55","51+","26 - 55","31 - 50","uuid:1b6f3817-793d-4725-8777-46bb62c465af","uuid:cc021d20-b992-44b0-b1a6-ac5cfb2f8e6e",0,NA,NA,NA,NA,NA,NA,0,NA,"little","little","little","little","little","little",1,1,0,"Income sources unreported",7,1,1,0,1,8,1,0,0,0,0,0,0,0,0,0,0,0,0.276221064086592,0.0238715452714838,"Food Secure"
"544","F",45,"primary","Calebasses","M","26 - 55","31 - 50","26 - 55","31 - 50","uuid:b80b7f1c-b1ef-44a4-b9e3-045c177b8a96","uuid:3d872968-42b2-4764-8237-ad97380df1c7",0,NA,NA,NA,NA,NA,NA,0,NA,"little","little","little","little","little","little",1,1,0,"Income sources unreported",7,1,1,1,1,4,0,1,1,1,0,1,1,1,0,6,0.988189553227647,0.0413850653165367,0.276221064086592,0.0238715452714838,"Moderately Food Insecure"
"540","M",37,"primary","Calebasses","M","26 - 55","31 - 50","26 - 55","31 - 50","uuid:9584d73e-bade-4e37-a1d9-040b2dd40e1e","uuid:ed27fdb2-39f9-4c4a-963f-6d90e3eaf560",0,NA,NA,NA,NA,NA,NA,0,NA,"little","little","little","little","little","little",1,1,0,"Income sources unreported",6,0,1,1,1,5,1,1,1,0,1,0,0,NA,0,3,0.337569344275583,2.75628626811297e-07,0.276221064086592,0.0238715452714838,"Mildly Food Insecure"
"546","F",37,"No_school","Calebasses","M","26 - 55","31 - 50","26 - 55","31 - 50","uuid:6ce4fb5f-8149-448d-93d0-e27b53b404a2","uuid:56518873-e308-4c4d-a8f0-4d502d5e24c9",0,NA,NA,NA,NA,NA,NA,0,NA,"little","little","little","little","little","little",1,1,0,"Income sources unreported",7,1,1,1,1,6,1,0,0,NA,0,0,1,0,0,1,0.0207601978942691,6.35569774587452e-09,0.276221064086592,0.0238715452714838,"Moderately Food Insecure"
"537","M",46,"primary","Calebasses","M","26 - 55","31 - 50","26 - 55","31 - 50","uuid:19c180d8-4ed7-40d1-ae85-ab87844dcad9","uuid:d3a0fa10-3420-4b26-88fe-98dfb635eb3a",0,NA,NA,NA,NA,NA,NA,0,NA,"little","little","little","little","little","little",1,1,0,"Income sources unreported",7,1,1,1,1,5,1,1,1,0,0,0,NA,0,0,2,0.0932852837366366,5.37366418029706e-09,0.276221064086592,0.0238715452714838,"Mildly Food Insecure"
"545","F",34,"primary","Calebasses","M","26 - 55","31 - 50","26 - 55","31 - 50","uuid:7d9c8ac2-bedf-47b8-aaf8-99eb770a649a","uuid:0f3a162f-57d6-4c7f-b032-e97b59e013ab",0,NA,NA,NA,NA,NA,NA,0,NA,"little","none","little","little","little","little",1,0.833333333333333,0,"Income sources unreported",7,1,0,0,1,7,1,0,0,0,0,0,0,0,0,0,0,0,0.276221064086592,0.0238715452714838,"Food Secure"
"549","F",45,"coranique","Calebasses","F","26 - 55","31 - 50","26 - 55","31 - 50","uuid:aa3682fc-189f-4446-be5f-213518911ffe","uuid:56bacd91-71c6-4635-bd4f-39e1c96c30dc",0,NA,NA,NA,NA,NA,NA,0,NA,"little","little","little","little","little","little",1,0.833333333333333,0,"Income sources unreported",7,1,1,1,1,6,1,1,1,0,0,0,0,0,0,2,0.0932852837366366,5.37366418029706e-09,0.276221064086592,0.0238715452714838,"Mildly Food Insecure"
"550","M",39,"coranique","Calebasses","M","26 - 55","31 - 50","26 - 55","31 - 50","uuid:bf8c75c3-c579-45db-94d3-33eac0333da4","uuid:9e38993d-3635-4731-90ad-5a534ac77767",0,NA,NA,NA,NA,NA,NA,0,NA,"little","none","moderate","little","little","little",1,0.857142857142857,0,"Income sources unreported",7,1,1,1,1,10,1,0,0,0,0,0,0,0,0,0,0,0,0.276221064086592,0.0238715452714838,"Food Secure"
"38","M",55,"No_school","Producteurs","M","26 - 55","51+","26 - 55","31 - 50","uuid:28e59cb4-1616-4bfb-a8ef-48dea9aeb937","uuid:04e72fae-cc9c-45b1-975b-d50f878fba1a",4,1,1,3,1600,533.333333333333,0,5,1,"little","little","little","little","little","little",1,0.888888888888889,1,"Crop farming only",7,1,1,1,1,9,1,0,0,0,0,0,0,0,0,0,0,0,0.276221064086592,0.0238715452714838,"Food Secure"
"39","F",50,"No_school","Producteurs","M","26 - 55","31 - 50","26 - 55","31 - 50","uuid:c7ae93ea-22ea-4e70-9265-89871e03df26","uuid:73579e2f-7a71-4c6f-98c2-6abe5da51b42",4,1,1,3,900,300,0,5,1,"little","little","little","little","none","little",1,1,1,"Crop farming only",7,1,1,1,1,9,1,0,1,1,0,1,0,0,0,3,0.337569344275583,2.75628626811297e-07,0.276221064086592,0.0238715452714838,"Moderately Food Insecure"
"37","F",26,"primary","Producteurs","M","18 - 25","18 - 30","18 - 25","18 - 30","uuid:bbf01307-4beb-45ec-b139-23d55aa6a7e2","uuid:6903a311-3d81-487e-8342-4404470c6422",2,1,1,1.5,700,466.666666666667,0,3,1,"little","little","little","little","little","little",1,1,1,"Crop farming only",6,0,1,1,1,7,1,1,0,1,1,1,1,1,0,6,0.988189553227647,0.0413850653165367,0.276221064086592,0.0238715452714838,"Moderately Food Insecure"
"474","F",41,"primary","Consommateurs","M","26 - 55","31 - 50","26 - 55","31 - 50","uuid:62b31efb-2734-447d-a4a9-09399c2edda8","uuid:ee36a6c5-f119-4a89-bf6c-b45489476af9",7,2,0.714285714285714,3.5,1550,442.857142857143,0.224910972739957,2,1,"little","moderate","moderate","moderate","moderate","moderate",1,0.5,1,"Crop farming only",3,0,0,0,0,5,1,0,0,0,0,0,0,0,0,0,0,0,0.276221064086592,0.0238715452714838,"Food Secure"
"55","F",20,"No_school","Producteurs","F","18 - 25","18 - 30","18 - 25","18 - 30","uuid:3e421d93-3f2a-4b2e-9a88-74f30633cceb","uuid:8fc5e8f9-5147-4091-a81b-cf1e9c940ac5",3,2,0.6,1,800,800,0.469336670838548,5,2,"none","none","none","moderate","moderate","moderate",1,0.5,3,"Crop farming + Off-farm sources",2,0,0,0,0,4,0,0,1,1,0,0,0,0,0,2,0.0932852837366366,5.37366418029706e-09,0.276221064086592,0.0238715452714838,"Mildly Food Insecure"
"469","M",40,"No_school","Consommateurs","M","26 - 55","31 - 50","26 - 55","31 - 50","uuid:c3056ebb-1157-4392-9cc1-047c2d3fdccc","uuid:18accd1b-ec72-4593-8fcf-a1c338e66e8c",0,NA,NA,NA,NA,NA,NA,0,NA,"none","none","none","moderate","moderate","moderate",0,0.25,0,"Income sources unreported",1,0,0,0,0,3,0,1,1,1,1,1,1,1,1,8,0.999226411662059,0.643822905735218,0.276221064086592,0.0238715452714838,"Severely Food Insecure"
"UD7ZAE","M",28,"No_school","Producteurs","M","26 - 55","18 - 30","18 - 25","18 - 30","uuid:7dfc962a-903a-428c-8fd9-85f5a691425a","uuid:34e867f4-ed5c-4aea-bcaa-0696a2fae91c",5,2,NA,1.5,7800,5200,0.0739739808851233,1,1,"none","none","none","moderate","moderate","none",1,0.25,1,"Crop farming only",3,0,0,0,0,2,0,0,1,1,0,1,0,0,0,3,0.337569344275583,2.75628626811297e-07,0.276221064086592,0.0238715452714838,"Moderately Food Insecure"
"52","F",35,"primary","Producteurs","M","26 - 55","31 - 50","26 - 55","31 - 50","uuid:4ad3e248-8a4e-4aea-9887-1a29d9f77dc8","uuid:28741ccd-226d-4b4e-8ee9-4d0152d9efd4",4,1,1,1.5,1000,666.666666666667,0,6,1,"little","moderate","moderate","moderate","moderate","moderate",1,0.428571428571429,2,"Crop farming + Off-farm sources",6,0,0,0,0,4,0,0,1,1,0,0,0,0,0,2,0.0932852837366366,5.37366418029706e-09,0.276221064086592,0.0238715452714838,"Mildly Food Insecure"
"57","F",56,"primary","Producteurs","M","55+","51+","55+","51+","uuid:e7f823ab-2dc5-4049-8ba8-6623ad4293bb","uuid:8e437be5-0dbe-47d4-a9f2-60bba0a3b3e2",5,2,0.75,2,1750,875,0.490075961774075,3,1,"little","moderate","moderate","moderate","moderate","moderate",1,0.4,1,"Crop farming only",7,1,0,0,0,3,0,0,1,1,0,0,0,0,0,2,0.0932852837366366,5.37366418029706e-09,0.276221064086592,0.0238715452714838,"Mildly Food Insecure"
"34","F",45,"primary","Producteurs","M","26 - 55","31 - 50","26 - 55","31 - 50","uuid:ca48a0f6-6d80-4bdb-b7ca-e0699145288b","uuid:a23e32bc-ae9e-425b-a47a-26544c71acbc",3,3,0.6,5,458,91.6,0.512168786370195,3,1,"little","moderate","moderate","equal","moderate","more_than",1,1,2,"Crop farming + Off-farm sources",3,0,0,0,0,1,0,1,1,1,1,1,0,0,0,5,0.922388641318079,0.00153586489675683,0.276221064086592,0.0238715452714838,"Moderately Food Insecure"
"284","F",20,"coranique","Transformateurs","M","18 - 25","18 - 30","18 - 25","18 - 30","uuid:f3251419-5175-4aea-a96a-419dba090634","uuid:b89631de-cf57-4894-b70b-581b88d25cb2",0,NA,NA,NA,NA,NA,NA,0,NA,"none","none","little","none","none","little",1,0.333333333333333,0,"Income sources unreported",2,0,0,0,1,6,1,0,1,1,0,1,0,0,0,3,0.337569344275583,2.75628626811297e-07,0.276221064086592,0.0238715452714838,"Moderately Food Insecure"
"291","F",55,"coranique","Transformateurs","F","26 - 55","51+","26 - 55","51+","uuid:3d4304de-2352-47e5-84b0-deaebd31c144","uuid:ff02bbe4-8251-4d7c-925d-1f9a969190e1",0,NA,NA,NA,NA,NA,NA,0,NA,"little","little","little","little","little","moderate",1,1,0,"Income sources unreported",2,0,0,0,0,7,1,1,0,1,0,1,1,0,0,4,0.695132798930907,2.59281945041989e-05,0.276221064086592,0.0238715452714838,"Moderately Food Insecure"
"272","F",20,"coranique","Transformateurs","M","18 - 25","18 - 30","18 - 25","18 - 30","uuid:714c6842-785b-485e-98b1-3ad5e6006b81","uuid:1e94fd20-a08f-4f24-bd7f-5a5b55b26ac0",0,NA,NA,NA,NA,NA,NA,0,NA,"little","moderate","moderate","moderate","moderate","moderate",1,1,0,"Income sources unreported",7,1,1,0,0,9,1,0,0,0,0,0,0,0,0,0,0,0,0.276221064086592,0.0238715452714838,"Food Secure"
"283","F",22,"coranique","Transformateurs","M","18 - 25","18 - 30","18 - 25","18 - 30","uuid:9018d07b-fe60-46de-8b92-93d16646e6be","uuid:c3f97933-c9e9-49b3-8da9-7cf87d70aa6d",0,NA,NA,NA,NA,NA,NA,0,NA,"little","moderate","moderate","moderate","moderate","moderate",1,1,0,"Income sources unreported",7,1,1,0,0,8,1,0,0,0,0,0,0,0,0,0,0,0,0.276221064086592,0.0238715452714838,"Food Secure"
"258","F",30,"coranique","Transformateurs","M","26 - 55","18 - 30","26 - 55","18 - 30","uuid:ade7ee80-142b-4731-8079-dc62556328b3","uuid:1d5fb327-0bf0-42da-bb56-01e8fdff3085",0,NA,NA,NA,NA,NA,NA,0,NA,"little","moderate","moderate","moderate","moderate","moderate",1,1,0,"Income sources unreported",7,1,0,0,0,12,1,1,1,0,0,0,0,0,0,2,0.0932852837366366,5.37366418029706e-09,0.276221064086592,0.0238715452714838,"Mildly Food Insecure"
"282","F",35,"coranique","Transformateurs","M","26 - 55","31 - 50","26 - 55","31 - 50","uuid:e4ae14ab-752e-48c1-94ba-daafdbe45bf5","uuid:682c67a9-ca97-4dfc-96f4-4fd944d4dc35",0,NA,NA,NA,NA,NA,NA,0,NA,"moderate","moderate","moderate","moderate","moderate","moderate",1,1,0,"Income sources unreported",7,1,1,0,0,10,1,0,0,0,0,0,0,0,0,0,0,0,0.276221064086592,0.0238715452714838,"Food Secure"
"269","F",33,"coranique","Transformateurs","M","26 - 55","31 - 50","26 - 55","31 - 50","uuid:70baf063-b840-42a0-bc56-ce93ded4d809","uuid:c7247467-627c-4f40-bc5d-06864d1de60e",0,NA,NA,NA,NA,NA,NA,0,NA,"little","moderate","moderate","moderate","moderate","moderate",1,1,0,"Income sources unreported",7,1,0,0,0,7,1,0,0,0,0,0,0,0,0,0,0,0,0.276221064086592,0.0238715452714838,"Food Secure"
"270","F",35,"coranique","Transformateurs","M","26 - 55","31 - 50","26 - 55","31 - 50","uuid:c8ffbcdd-b643-482d-99d9-10bd561774fe","uuid:a603e597-ceac-4ee2-a793-bbcecfe17095",0,NA,NA,NA,NA,NA,NA,0,NA,"little","moderate","moderate","moderate","moderate","moderate",1,1,0,"Income sources unreported",7,1,0,0,0,8,1,1,1,1,0,1,1,0,0,5,0.922388641318079,0.00153586489675683,0.276221064086592,0.0238715452714838,"Moderately Food Insecure"
"261","F",20,"coranique","Transformateurs","M","18 - 25","18 - 30","18 - 25","18 - 30","uuid:78efbe78-fce0-4fa0-96a3-de192202f0d0","uuid:dc4d1023-cd5b-4ca4-851d-86291a9345f0",0,NA,NA,NA,NA,NA,NA,0,NA,"little","moderate","moderate","moderate","moderate","moderate",1,1,0,"Income sources unreported",7,1,1,1,0,7,1,1,1,1,1,1,1,1,0,7,0.998120533323179,0.356687404917374,0.276221064086592,0.0238715452714838,"Moderately Food Insecure"
"260","F",30,"coranique","Transformateurs","M","26 - 55","18 - 30","26 - 55","18 - 30","uuid:bb4ef8f1-3c30-40e4-b22b-4e33dcde27b6","uuid:280d7fd5-1767-494b-b30f-7d4ac7e554dd",0,NA,NA,NA,NA,NA,NA,0,NA,"little","moderate","moderate","moderate","moderate","moderate",1,1,0,"Income sources unreported",7,1,0,0,0,8,1,1,1,1,1,1,1,1,0,7,0.998120533323179,0.356687404917374,0.276221064086592,0.0238715452714838,"Moderately Food Insecure"
"259","F",34,"coranique","Transformateurs","M","26 - 55","31 - 50","26 - 55","31 - 50","uuid:5d7a079d-dd12-49b6-821d-02a962927afa","uuid:082bdb95-4ff5-4b0d-bfb0-0dae069d4381",0,NA,NA,NA,NA,NA,NA,0,NA,"none","none","none","equal","little","moderate",1,1,0,"Income sources unreported",7,1,1,0,0,4,0,1,1,1,0,0,0,0,0,3,0.337569344275583,2.75628626811297e-07,0.276221064086592,0.0238715452714838,"Mildly Food Insecure"
"271","F",20,"coranique","Transformateurs","M","18 - 25","18 - 30","18 - 25","18 - 30","uuid:e96bc7c0-141e-486e-a08a-3e7cf802db64","uuid:6be01cf9-5271-4145-a839-22f96d9ef0ee",0,NA,NA,NA,NA,NA,NA,0,NA,"none","none","none","little","little","none",1,1,0,"Income sources unreported",7,1,0,0,0,12,1,0,1,1,0,0,0,0,0,2,0.0932852837366366,5.37366418029706e-09,0.276221064086592,0.0238715452714838,"Mildly Food Insecure"
"266","F",19,"coranique","Transformateurs","M","18 - 25","18 - 30","18 - 25","18 - 30","uuid:a337d4cd-1a3c-4e63-8146-7c5ed83ca70d","uuid:0e891cf7-7588-4720-ba30-3636eb316d97",0,NA,NA,NA,NA,NA,NA,0,NA,"little","moderate","moderate","moderate","little","moderate",1,1,0,"Income sources unreported",7,1,0,0,1,9,1,0,1,1,0,0,0,0,0,2,0.0932852837366366,5.37366418029706e-09,0.276221064086592,0.0238715452714838,"Mildly Food Insecure"
"316","F",57,"primary","Commerçants","F","55+","51+","55+","51+","uuid:66cc7d9b-ffb9-4e09-80a4-d389e22bdd43","uuid:aaa195ba-df2c-4cd1-b102-bc6b1d48057c",0,NA,NA,NA,NA,NA,NA,0,NA,"equal","equal","equal","equal","moderate","little",1,0.25,0,"Income sources unreported",7,1,0,0,1,11,1,0,0,0,0,0,0,0,0,0,0,0,0.276221064086592,0.0238715452714838,"Food Secure"
"457","M",52,"postsecondary","Consommateurs","M","26 - 55","51+","26 - 55","51+","uuid:d8ccc04c-d920-4ec8-92b9-ccdc8248586f","uuid:2a90d787-c2dd-4f57-8dd1-c21d5bc25d27",0,NA,NA,NA,NA,NA,NA,0,NA,"equal","equal","equal","equal","little","none",1,0.857142857142857,0,"Income sources unreported",6,0,0,0,1,12,1,0,0,0,0,0,0,0,0,0,0,0,0.276221064086592,0.0238715452714838,"Food Secure"
"313","F",60,"coranique","Commerçants","F","55+","51+","26 - 55","31 - 50","uuid:5a8d972d-c195-42e4-9e64-fbf586d702d6","uuid:d0b32661-a19a-4bf9-a54b-884e8a397ecc",0,NA,NA,NA,NA,NA,NA,0,NA,"equal","no_reponse","equal","equal","moderate","none",1,0.666666666666667,0,"Income sources unreported",7,1,1,0,0,10,1,0,0,0,0,0,0,0,0,0,0,0,0.276221064086592,0.0238715452714838,"Food Secure"
"311","M",50,"coranique","Commerçants","M","26 - 55","31 - 50","26 - 55","31 - 50","uuid:cc50c957-41de-4570-8989-ac30d54130ac","uuid:42dc6b94-d5d9-4357-99e5-16caa775b2d7",0,NA,NA,NA,NA,NA,NA,0,NA,"equal","equal","equal","equal","little","none",0,0.25,0,"Income sources unreported",6,0,1,0,1,10,1,0,0,0,0,0,0,0,0,0,0,0,0.276221064086592,0.0238715452714838,"Food Secure"
"196","F",47,"primary","Transformateurs","M","26 - 55","31 - 50","26 - 55","31 - 50","uuid:bf859ccc-0964-4895-9227-0e96f6aa0c3f","uuid:b054f932-2678-44ba-a89e-5c0cc3b3b765",0,NA,NA,NA,NA,NA,NA,0,NA,"moderate","equal","equal","equal","little","little",1,0.75,0,"Income sources unreported",7,1,1,0,0,11,1,0,0,0,0,0,0,0,0,0,0,0,0.276221064086592,0.0238715452714838,"Food Secure"
"450","F",61,"postsecondary","Consommateurs","F","55+","51+","55+","51+","uuid:8e3463af-883a-4a33-91f5-e2c9103226db","uuid:01daeb29-9655-41d8-83d4-2945d1c811b3",0,NA,NA,NA,NA,NA,NA,0,NA,"equal","equal","equal","equal","moderate","little",1,1,0,"Income sources unreported",7,1,1,1,1,12,1,0,0,0,0,0,0,0,0,0,0,0,0.276221064086592,0.0238715452714838,"Food Secure"
"443","M",41,"postsecondary","Consommateurs","M","26 - 55","31 - 50","26 - 55","31 - 50","uuid:e4a93e46-a45d-4303-8313-169199fe8312","uuid:a9165a9d-39ab-44fe-9e43-1d99636a0c0e",0,NA,NA,NA,NA,NA,NA,0,NA,"equal","equal","equal","equal","equal","moderate",1,0.833333333333333,0,"Income sources unreported",7,1,1,0,1,12,1,0,0,0,0,0,0,0,0,0,0,0,0.276221064086592,0.0238715452714838,"Food Secure"
"176","F",40,"secondary","Transformateurs","M","26 - 55","31 - 50","26 - 55","31 - 50","uuid:0587810d-27d9-4292-a1aa-2d56b5556ed1","uuid:6596fc08-dd97-491e-a21d-bae4e1c2ecf2",0,NA,NA,NA,NA,NA,NA,0,NA,"moderate","equal","equal","equal","equal","none",1,0.857142857142857,0,"Income sources unreported",7,1,0,0,1,10,1,0,0,0,0,NA,0,0,0,0,0,0,0.276221064086592,0.0238715452714838,"Food Secure"
"182","F",24,"postsecondary","Transformateurs","M","18 - 25","18 - 30","18 - 25","18 - 30","uuid:b19b6185-d7b7-4dcb-aaa3-e0ae4dba826f","uuid:cb2c9c40-5783-4e3e-81a0-0ef54b33825f",0,NA,NA,NA,NA,NA,NA,0,NA,"equal","equal","equal","equal","little","little",0,0.25,0,"Income sources unreported",6,0,0,0,0,9,1,0,0,0,0,0,0,0,0,0,0,0,0.276221064086592,0.0238715452714838,"Food Secure"
"171","F",30,"postsecondary","Transformateurs","M","26 - 55","18 - 30","26 - 55","18 - 30","uuid:69b55128-d0a1-4095-904d-8db4718219fc","uuid:3d9d38da-a0f9-4ff4-b751-c24f145e245e",0,NA,NA,NA,NA,NA,NA,0,NA,"equal","equal","equal","equal","moderate","moderate",1,1,0,"Income sources unreported",7,1,0,0,1,12,1,0,0,0,0,0,0,0,0,0,0,0,0.276221064086592,0.0238715452714838,"Food Secure"
"180","M",42,"postsecondary","Transformateurs","M","26 - 55","31 - 50","26 - 55","31 - 50","uuid:f412217a-f14a-4757-bb74-5d9b20b2a216","uuid:ced6e966-d613-4c4f-8227-b899fe0eea38",0,NA,NA,NA,NA,NA,NA,0,NA,"equal","little","moderate","moderate","little","none",1,0.333333333333333,0,"Income sources unreported",6,0,0,0,1,11,1,0,0,0,0,0,0,0,0,0,0,0,0.276221064086592,0.0238715452714838,"Food Secure"
"170","F",28,"adult_education","Transformateurs","M","26 - 55","18 - 30","26 - 55","18 - 30","uuid:d7810ce1-49d6-4a21-adf7-cf5707e21b8a","uuid:fbfec1ae-05d9-4509-a3ee-b81e767520d1",0,NA,NA,NA,NA,NA,NA,0,NA,"little","little","moderate","moderate","little","none",1,0.333333333333333,0,"Income sources unreported",5,0,0,0,0,12,1,0,0,0,0,0,0,0,0,0,0,0,0.276221064086592,0.0238715452714838,"Food Secure"
"200","F",57,"secondary","Transformateurs","M","55+","51+","55+","51+","uuid:eed890dc-43db-4ae1-a279-8ee7ee452d9f","uuid:e11a18cf-d44f-41dd-895b-765fc347c0bb",0,NA,NA,NA,NA,NA,NA,0,NA,"equal","equal","equal","equal","equal","moderate",1,1,0,"Income sources unreported",7,1,1,1,1,11,1,0,0,0,0,0,0,0,0,0,0,0,0.276221064086592,0.0238715452714838,"Food Secure"
"251","F",28,"secondary","Transformateurs","F","26 - 55","18 - 30","26 - 55","18 - 30","uuid:07302408-a800-4487-900b-3f77ecf5e73f","uuid:a0ef3810-4053-4038-9f75-e95b6c19b67c",0,NA,NA,NA,NA,NA,NA,0,NA,"more_than","equal","more_than","equal","equal","moderate",1,1,0,"Income sources unreported",6,0,1,0,0,7,1,1,1,0,0,0,0,0,0,2,0.0932852837366366,5.37366418029706e-09,0.276221064086592,0.0238715452714838,"Mildly Food Insecure"
"TOAY51","F",45,"No_school","Calebasses","M","26 - 55","31 - 50","26 - 55","31 - 50","uuid:803fe594-90be-48ff-b2a6-b1870b7c3494","uuid:571adaf4-abab-4b75-810f-fc7ec1646697",6,1,1,2.5,1700,680,0,4,1,"little","little","little","little","little","little",1,0.875,1,"Crop farming only",7,1,1,1,1,9,1,0,0,0,0,0,1,0,0,1,0.0207601978942691,6.35569774587452e-09,0.276221064086592,0.0238715452714838,"Moderately Food Insecure"
"590","M",52,"coranique","Calebasses","M","26 - 55","51+","26 - 55","18 - 30","uuid:44ac2392-5e73-4a94-a402-2a99d20adc48","uuid:697b55c4-f7aa-4f3e-8ff5-d27433f5a16e",0,NA,NA,NA,NA,NA,NA,0,NA,"moderate","moderate","moderate","moderate","no_reponse","equal",1,0.833333333333333,0,"Income sources unreported",5,0,1,1,0,4,0,1,0,1,0,0,0,0,0,2,0.0932852837366366,5.37366418029706e-09,0.276221064086592,0.0238715452714838,"Mildly Food Insecure"
"608","M",22,"primary","Calebasses","M","18 - 25","18 - 30","26 - 55","31 - 50","uuid:87ddc02a-168d-493d-94f7-9fcd1baf4432","uuid:d4f57a92-4f20-48db-ab45-d84bc6172d64",3,1,1,3,650,216.666666666667,0,1,1,"no_reponse","moderate","no_reponse","no_reponse","no_reponse","no_reponse",1,0.6,1,"Crop farming only",2,0,1,1,1,1,0,1,0,1,0,1,0,0,0,3,0.337569344275583,2.75628626811297e-07,0.276221064086592,0.0238715452714838,"Moderately Food Insecure"
"596","M",41,"coranique","Calebasses","M","26 - 55","31 - 50","26 - 55","31 - 50","uuid:4d4b3fb1-4810-4739-a4bd-6276f36a9d05","uuid:ab8dacd9-6366-4270-9ef8-94636125e99a",3,1,NA,1,500,500,0,4,1,"little","moderate","moderate","no_reponse","little","little",1,0.25,1,"Crop farming only",2,0,1,1,0,4,0,1,1,1,0,1,1,0,0,5,0.922388641318079,0.00153586489675683,0.276221064086592,0.0238715452714838,"Moderately Food Insecure"
"601","M",45,"coranique","Calebasses","M","26 - 55","31 - 50","18 - 25","18 - 30","uuid:f9435f07-69e6-4d2d-a127-ff68341e43de","uuid:e7bfad7a-c94c-4369-8f8a-b7558de0584b",0,NA,NA,NA,NA,NA,NA,0,NA,"no_reponse","no_reponse","moderate","equal","no_reponse","moderate",1,1,0,"Income sources unreported",3,0,0,0,0,5,1,0,1,1,0,0,0,0,0,2,0.0932852837366366,5.37366418029706e-09,0.276221064086592,0.0238715452714838,"Mildly Food Insecure"
"H6EGJ3","F",48,"secondary","Consommateurs","M","26 - 55","31 - 50","26 - 55","31 - 50","uuid:cc71a224-20a3-4a15-a449-6db085269e04","uuid:af4cac1d-708d-41c2-a906-f5c244a13e7b",0,NA,NA,NA,NA,NA,NA,0,NA,"no_reponse","no_reponse","equal","equal","no_reponse","moderate",1,0.75,0,"Income sources unreported",6,0,1,0,1,8,1,0,0,0,0,0,0,0,0,0,0,0,0.276221064086592,0.0238715452714838,"Food Secure"
"27","F",27,"No_school","Producteurs","M","26 - 55","18 - 30","26 - 55","51+","uuid:6138b6c2-6e8b-4d8a-ac4a-e95c8a525572","uuid:a86ede4e-892c-4aba-be6f-5068d47331ff",3,1,1,1,500,500,0,3,1,"none","none","none","equal","moderate","more_than",1,0.181818181818182,1,"Crop farming only",6,0,1,1,1,9,1,0,0,0,0,0,0,0,0,0,0,0,0.276221064086592,0.0238715452714838,"Food Secure"
"43","F",54,"primary","Producteurs","M","26 - 55","51+","26 - 55","51+","uuid:3e83bfa2-30b1-4773-be82-5e27e23fc458","uuid:94285416-3d89-48ab-8bb3-2e629d118892",4,2,0.666666666666667,3,1600,533.333333333333,0.500312695434647,3,1,"little","moderate","little","little","little","little",1,0.875,1,"Crop farming only",7,1,1,1,1,8,1,1,0,1,0,0,0,0,0,2,0.0932852837366366,5.37366418029706e-09,0.276221064086592,0.0238715452714838,"Mildly Food Insecure"
"45","F",68,"No_school","Producteurs","M","55+","51+","55+","51+","uuid:f591789e-f5c5-428b-a880-27a1d84c5b80","uuid:078b7586-fae3-4727-8469-9858c38eb330",2,1,1,3,1500,500,0,3,1,"little","little","little","little","little","moderate",1,1,1,"Crop farming only",6,0,1,1,1,8,1,0,0,0,0,0,0,0,0,0,0,0,0.276221064086592,0.0238715452714838,"Food Secure"
"565","M",52,"No_school","Calebasses","M","26 - 55","51+","26 - 55","31 - 50","uuid:ff10ea70-5dd2-462a-a730-643af04a7a77","uuid:b2c8c178-ddc3-49bc-9785-06867150419d",0,NA,NA,NA,NA,NA,NA,0,NA,"little","little","little","little","little","little",1,0.714285714285714,0,"Income sources unreported",6,0,1,1,1,7,1,0,0,0,0,0,0,0,0,0,0,0,0.276221064086592,0.0238715452714838,"Food Secure"
"564","F",35,"primary","Calebasses","M","26 - 55","31 - 50","26 - 55","31 - 50","uuid:3809c00a-4b31-494b-a358-f154f0d187ae","uuid:37b50e47-892b-489c-befe-6172bc94f567",0,NA,NA,NA,NA,NA,NA,0,NA,"little","little","little","little","little","little",1,0.833333333333333,0,"Income sources unreported",7,1,1,1,1,5,1,1,1,1,0,0,0,0,0,3,0.337569344275583,2.75628626811297e-07,0.276221064086592,0.0238715452714838,"Mildly Food Insecure"
"553","M",46,"primary","Calebasses","M","26 - 55","31 - 50","26 - 55","31 - 50","uuid:41738d3a-2e1e-484e-a169-7881a50b07fd","uuid:9718e982-297f-4bff-a03a-7a6a0098b3cf",0,NA,NA,NA,NA,NA,NA,0,NA,"little","little","moderate","little","little","moderate",1,1,0,"Income sources unreported",7,1,1,1,0,6,1,1,1,1,NA,0,0,1,0,4,0.695132798930907,2.59281945041989e-05,0.276221064086592,0.0238715452714838,"Moderately Food Insecure"
"563","M",52,"secondary","Calebasses","M","26 - 55","51+","26 - 55","31 - 50","uuid:6675ff3c-3302-497f-99bd-b4db7666a134","uuid:ff14169d-8b14-449a-91f6-d3731070524c",0,NA,NA,NA,NA,NA,NA,0,NA,"little","little","little","little","little","moderate",1,0.8,0,"Income sources unreported",4,0,1,1,1,5,1,NA,0,1,1,1,1,1,0,5,0.922388641318079,0.00153586489675683,0.276221064086592,0.0238715452714838,"Moderately Food Insecure"
"561","M",66,"secondary","Calebasses","M","55+","51+","55+","51+","uuid:fd341688-3fc3-4baa-8d4a-c4784819ce72","uuid:0caabf14-a881-40cc-9412-5684b9f50915",0,NA,NA,NA,NA,NA,NA,0,NA,"little","moderate","moderate","little","little","moderate",1,0.8,0,"Income sources unreported",7,1,1,1,1,6,1,1,1,1,0,0,1,1,0,5,0.922388641318079,0.00153586489675683,0.276221064086592,0.0238715452714838,"Moderately Food Insecure"
"560","F",38,"No_school","Calebasses","M","26 - 55","31 - 50","26 - 55","31 - 50","uuid:0b53500b-13cd-4789-b592-db441df247dc","uuid:a06c2c0f-066c-42c5-bf32-f211c2ab968b",0,NA,NA,NA,NA,NA,NA,0,NA,"little","moderate","little","little","none","little",1,0.8,0,"Income sources unreported",7,1,1,1,1,10,1,0,0,0,0,NA,0,0,0,0,0,0,0.276221064086592,0.0238715452714838,"Food Secure"
"562","M",36,"No_school","Calebasses","M","26 - 55","31 - 50","26 - 55","31 - 50","uuid:693d5572-148e-4c76-943c-50a34ff014a8","uuid:5a677735-78ed-4a15-9158-3b1739702b7d",0,NA,NA,NA,NA,NA,NA,0,NA,"little","little","little","little","little","little",1,0.666666666666667,0,"Income sources unreported",7,1,0,0,1,5,1,1,1,1,1,1,1,1,0,7,0.998120533323179,0.356687404917374,0.276221064086592,0.0238715452714838,"Moderately Food Insecure"
"570","F",36,"primary","Calebasses","M","26 - 55","31 - 50","26 - 55","31 - 50","uuid:ab3e2971-86fe-4bf3-aaa1-215483a0ab39","uuid:c637826b-eced-4ffc-a8cc-c4e3a9e807df",0,NA,NA,NA,NA,NA,NA,0,NA,"little","little","none","little","little","little",1,0.833333333333333,0,"Income sources unreported",7,1,1,1,1,6,1,1,0,0,0,1,1,1,0,4,0.695132798930907,2.59281945041989e-05,0.276221064086592,0.0238715452714838,"Moderately Food Insecure"
"555","M",48,"No_school","Calebasses","M","26 - 55","31 - 50","26 - 55","31 - 50","uuid:17c45024-ac8b-4626-95f1-86a6dba1e0ce","uuid:43e093b9-7667-40d5-be60-847ae0d0c6c0",0,NA,NA,NA,NA,NA,NA,0,NA,"little","none","little","little","little","moderate",1,1,0,"Income sources unreported",7,1,1,1,0,7,1,1,1,0,0,1,1,1,0,5,0.922388641318079,0.00153586489675683,0.276221064086592,0.0238715452714838,"Moderately Food Insecure"
"0J8TP7","F",36,"coranique","Consommateurs","F","26 - 55","31 - 50","26 - 55","31 - 50","uuid:c8a28f64-b381-4133-b7bb-10c9c45c4fc7","uuid:6424fc94-33fb-427c-bc76-d63aade96697",0,NA,NA,NA,NA,NA,NA,0,NA,"equal","more_than","more_than","equal","moderate","more_than",1,1,0,"Income sources unreported",2,0,1,1,0,7,1,1,0,0,0,0,0,0,0,1,0.0207601978942691,6.35569774587452e-09,0.276221064086592,0.0238715452714838,"Mildly Food Insecure"
"4U9K7H","F",38,"primary","Consommateurs","M","26 - 55","31 - 50","26 - 55","31 - 50","uuid:52edf170-632d-4832-a6bf-f323b570ca94","uuid:54e7aaa0-a393-4725-a53b-29842e18d777",0,NA,NA,NA,NA,NA,NA,0,NA,"more_than","no_reponse","more_than","little","moderate","equal",1,0.75,0,"Income sources unreported",2,0,1,1,0,6,1,1,1,1,0,0,0,0,0,3,0.337569344275583,2.75628626811297e-07,0.276221064086592,0.0238715452714838,"Mildly Food Insecure"
"23","M",37,"secondary","Producteurs","M","26 - 55","31 - 50","26 - 55","18 - 30","uuid:6cf16bc8-a8c2-438c-856f-4a001e9811d8","uuid:53a94643-5a37-4bd9-b0ca-db3e94134df8",7,1,NA,0.16,4000,25000,0,0,0,"little","none","none","moderate","little","moderate",1,0.555555555555556,1,"Crop farming only",7,1,0,0,1,9,1,0,0,0,0,0,0,0,0,0,0,0,0.276221064086592,0.0238715452714838,"Food Secure"
"306","F",50,"secondary","Commerçants","M","26 - 55","31 - 50","26 - 55","31 - 50","uuid:c99e265c-6179-44cf-8c14-b872a8207fac","uuid:d9bc203c-aa1b-4cbf-ad82-0df991ab9f43",0,NA,NA,NA,NA,NA,NA,0,NA,"equal","equal","equal","equal","moderate","none",1,1,0,"Income sources unreported",6,0,0,0,0,12,1,0,0,0,0,0,0,0,0,0,0,0,0.276221064086592,0.0238715452714838,"Food Secure"
"54","M",55,"primary","Producteurs","M","26 - 55","51+","26 - 55","31 - 50","uuid:921c646a-f4f0-46b4-9f6b-d98f04feec10","uuid:f31fb21a-9627-4ca8-b312-d373c58544be",3,1,1,2,500,250,0,3,2,"none","none","none","equal","moderate","none",1,0.142857142857143,1,"Crop farming only",5,0,0,0,0,5,1,0,1,1,0,0,0,0,0,2,0.0932852837366366,5.37366418029706e-09,0.276221064086592,0.0238715452714838,"Mildly Food Insecure"
"36","M",45,"No_school","Producteurs","M","26 - 55","31 - 50","26 - 55","31 - 50","uuid:607b2b07-ed5b-4a4f-9eda-7a85a9453853","uuid:462a61c4-ae19-4ff6-8aef-163aa118afec",2,1,1,1,250,250,0,0,0,"none","none","none","moderate","moderate","none",1,0.25,1,"Crop farming only",2,0,0,0,0,4,0,1,1,1,0,1,1,0,0,5,0.922388641318079,0.00153586489675683,0.276221064086592,0.0238715452714838,"Moderately Food Insecure"
"64","M",57,"secondary","Producteurs","M","55+","51+","26 - 55","31 - 50","uuid:cd264ab4-db66-4444-ba2c-5bedad70ebc7","uuid:91f349f1-4bac-4a65-a129-32caac11936d",3,3,0.624739951994982,0.800333,405,506.039361115935,0.391150226133725,2,1,"none","none","none","moderate","moderate","moderate",1,0.428571428571429,2,"Crop farming + Off-farm sources",5,0,0,0,0,3,0,0,1,1,0,0,0,0,0,2,0.0932852837366366,5.37366418029706e-09,0.276221064086592,0.0238715452714838,"Mildly Food Insecure"
"53","F",45,"No_school","Producteurs","M","26 - 55","31 - 50","26 - 55","31 - 50","uuid:19dbcf24-599a-4fd6-9c3b-9e49d65b47e4","uuid:b9498816-5cd9-4f75-96fa-e67b2dfa1a75",2,1,1,1,100,100,0,0,0,"more_than","more_than","more_than","equal","moderate","none",1,1,1,"Crop farming only",2,0,0,0,0,4,0,1,1,1,0,1,1,0,0,5,0.922388641318079,0.00153586489675683,0.276221064086592,0.0238715452714838,"Moderately Food Insecure"
"12","F",52,"No_school","Producteurs","M","26 - 55","51+","26 - 55","51+","uuid:eeaa05d2-c203-46c8-95e5-ead9fc6c01b1","uuid:184719f7-22f9-4ef9-972a-82b71a3d4e12",4,2,0.6,2.5,900,360,0.444938820912125,1,1,"none","none","none","moderate","moderate","moderate",1,0.4,1,"Crop farming only",4,0,0,0,0,3,0,1,1,1,0,1,0,0,0,4,0.695132798930907,2.59281945041989e-05,0.276221064086592,0.0238715452714838,"Moderately Food Insecure"
"44","F",42,"primary","Producteurs","M","26 - 55","31 - 50","26 - 55","31 - 50","uuid:843195f6-69f3-4607-94ed-dccd8baae26c","uuid:206bac7e-27ee-4a23-b6cc-6f05fd0348b0",3,2,0.571428571428571,3.5,1500,428.571428571429,0.44474093840338,2,2,"none","none","none","moderate","moderate","moderate",1,0.5,1,"Crop farming only",7,1,0,0,1,5,1,0,1,1,0,0,0,0,0,2,0.0932852837366366,5.37366418029706e-09,0.276221064086592,0.0238715452714838,"Mildly Food Insecure"
"51","F",36,"coranique","Producteurs","M","26 - 55","31 - 50","26 - 55","31 - 50","uuid:1701209a-e415-4acf-a045-06bd43b2be07","uuid:742738b1-a933-4583-9b8c-2aa9f8242f25",5,1,1,2,1000,500,0,2,1,"none","none","none","moderate","moderate","moderate",1,0.375,1,"Crop farming only",2,0,0,0,0,2,0,1,0,1,0,1,1,0,1,5,0.922388641318079,0.00153586489675683,0.276221064086592,0.0238715452714838,"Severely Food Insecure"
"56","F",39,"primary","Producteurs","M","26 - 55","31 - 50","26 - 55","31 - 50","uuid:3cfdb317-6aad-46e3-acc6-9be0fb4afc30","uuid:f31f5eb6-c923-42c8-82de-f688242649e4",4,1,1,2,500,250,0,4,2,"none","none","moderate","moderate","moderate","moderate",1,0.444444444444444,2,"Crop farming + Off-farm sources",6,0,0,0,1,5,1,0,1,1,0,0,0,0,0,2,0.0932852837366366,5.37366418029706e-09,0.276221064086592,0.0238715452714838,"Mildly Food Insecure"
"65","F",47,"primary","Producteurs","F","26 - 55","31 - 50","26 - 55","31 - 50","uuid:7bd69b24-0c7c-490e-9a6b-a259cf19b0b9","uuid:322f07fe-9068-4c5d-ad41-7d6624a58478",1,1,1,1,300,300,0,1,1,"moderate","no_reponse","no_reponse","equal","moderate","no_reponse",1,0.857142857142857,2,"Crop farming + Off-farm sources",6,0,1,1,0,4,0,0,0,1,0,0,0,0,0,1,0.0207601978942691,6.35569774587452e-09,0.276221064086592,0.0238715452714838,"Mildly Food Insecure"
"131","F",76,"coranique","Producteurs","M","55+","51+","55+","51+","uuid:9fb8b21b-9441-4033-8b05-5d8be6c0f0f1","uuid:d363dcd7-f6b7-4fbf-bd47-708781bba6d6",3,2,0.5,4,4000,1000,0.500125031257814,2,2,"little","moderate","moderate","equal","moderate","moderate",1,1,1,"Crop farming only",7,1,0,0,0,11,1,0,0,0,0,0,0,0,0,0,0,0,0.276221064086592,0.0238715452714838,"Food Secure"
"130","M",74,"coranique","Producteurs","M","55+","51+",NA,NA,"uuid:7805dde1-1a65-49f7-9ba8-7909551da081","uuid:275d2ae1-d244-4f73-8208-20a56488cb71",3,1,NA,3,3000,1000,0,3,1,"little","moderate","moderate","equal","moderate","moderate",1,1,1,"Crop farming only",7,1,0,0,0,11,1,1,0,0,1,1,1,0,0,4,0.695132798930907,2.59281945041989e-05,0.276221064086592,0.0238715452714838,"Moderately Food Insecure"
"279","F",26,"coranique","Transformateurs","M","18 - 25","18 - 30","18 - 25","18 - 30","uuid:7917b63e-fc1b-4b64-bdba-7d837f9173d5","uuid:47796c94-8e1d-46a0-90bc-5c9d3ddeff4c",0,NA,NA,NA,NA,NA,NA,0,NA,"little","moderate","moderate","equal","moderate","moderate",1,1,0,"Income sources unreported",7,1,0,0,0,10,1,1,1,1,0,1,1,0,0,5,0.922388641318079,0.00153586489675683,0.276221064086592,0.0238715452714838,"Moderately Food Insecure"
"281","F",30,"coranique","Transformateurs","M","26 - 55","18 - 30","26 - 55","18 - 30","uuid:85c81231-65af-4118-a8ef-0c36f866522d","uuid:c6f35ddd-f298-4068-b4a2-eb122bbc257c",0,NA,NA,NA,NA,NA,NA,0,NA,"little","moderate","moderate","moderate","moderate","moderate",1,1,0,"Income sources unreported",7,1,0,0,0,6,1,1,0,0,0,0,0,0,0,1,0.0207601978942691,6.35569774587452e-09,0.276221064086592,0.0238715452714838,"Mildly Food Insecure"
"293","F",28,"coranique","Transformateurs","M","26 - 55","18 - 30","18 - 25","18 - 30","uuid:ce595681-cb70-4615-924e-766f88a5236d","uuid:37de1962-12f1-4660-a227-7e6cc4da56f9",0,NA,NA,NA,NA,NA,NA,0,NA,"little","moderate","moderate","moderate","moderate","moderate",1,1,0,"Income sources unreported",7,1,0,0,0,9,1,1,1,1,1,1,1,0,1,7,0.998120533323179,0.356687404917374,0.276221064086592,0.0238715452714838,"Severely Food Insecure"
"147","F",19,"coranique","Producteurs","M","18 - 25","18 - 30","18 - 25","18 - 30","uuid:20250782-cf22-4869-b243-2b8da7cf4ac8","uuid:57a40c40-24d9-4b2b-b010-de8ebff1bf30",1,1,NA,0.32,272,850,0,3,3,"little","moderate","moderate","moderate","little","moderate",1,1,1,"Crop farming only",7,1,1,0,1,6,1,0,1,1,0,0,0,0,0,2,0.0932852837366366,5.37366418029706e-09,0.276221064086592,0.0238715452714838,"Mildly Food Insecure"
"300","F",25,"coranique","Transformateurs","M","18 - 25","18 - 30","18 - 25","18 - 30","uuid:2171f26d-3fcd-4af9-a284-9062bb3cb7aa","uuid:31165ed5-4619-4ab3-b0ba-a3e0ec244d73",0,NA,NA,NA,NA,NA,NA,0,NA,"none","none","none","none","none","little",1,0.333333333333333,0,"Income sources unreported",2,0,1,1,1,5,1,1,1,1,0,1,1,0,0,5,0.922388641318079,0.00153586489675683,0.276221064086592,0.0238715452714838,"Moderately Food Insecure"
"274","F",30,"coranique","Transformateurs","M","26 - 55","18 - 30","26 - 55","31 - 50","uuid:5d02e118-429b-464c-9895-ea00e802c813","uuid:d43ab291-d4d3-4b35-bb93-6c2cc8932fd5",0,NA,NA,NA,NA,NA,NA,0,NA,"little","moderate","moderate","equal","moderate","moderate",1,1,0,"Income sources unreported",7,1,0,0,0,8,1,1,0,1,1,1,1,0,0,5,0.922388641318079,0.00153586489675683,0.276221064086592,0.0238715452714838,"Moderately Food Insecure"
"288","F",20,"coranique","Transformateurs","M","18 - 25","18 - 30","18 - 25","18 - 30","uuid:db4e1ce0-ff4c-49ca-9bd5-c33c8e00bf63","uuid:6ce9bc4f-b553-4851-91f8-8eedcfa0f990",0,NA,NA,NA,NA,NA,NA,0,NA,"little","moderate","moderate","moderate","little","moderate",1,1,0,"Income sources unreported",7,1,0,0,1,7,1,0,1,1,0,0,0,0,0,2,0.0932852837366366,5.37366418029706e-09,0.276221064086592,0.0238715452714838,"Mildly Food Insecure"
"148","F",50,"coranique","Producteurs","F","26 - 55","31 - 50","26 - 55","31 - 50","uuid:587f8c69-8308-4293-8a10-efb4040a9816","uuid:6083df6c-fd8c-4fc8-8627-c8fe3ac228b5",1,1,NA,2,250,125,0,0,0,"moderate","little","equal","equal","moderate","equal",1,1,1,"Crop farming only",2,0,1,1,0,5,1,1,1,1,1,1,1,1,1,8,0.999226411662059,0.643822905735218,0.276221064086592,0.0238715452714838,"Severely Food Insecure"
"299","F",26,"coranique","Transformateurs","F","18 - 25","18 - 30","18 - 25","18 - 30","uuid:d37202e2-a1a3-43e7-8c0d-cf7f2110e826","uuid:904d8c9f-606f-42d9-8acb-2838954453b0",0,NA,NA,NA,NA,NA,NA,0,NA,"none","none","none","none","none","none",1,1,0,"Income sources unreported",7,1,1,1,0,2,0,1,0,0,1,1,1,1,0,5,0.922388641318079,0.00153586489675683,0.276221064086592,0.0238715452714838,"Moderately Food Insecure"
"289","F",24,"coranique","Transformateurs","M","18 - 25","18 - 30","18 - 25","18 - 30","uuid:34fd784b-aade-4934-a593-405a21518c07","uuid:6e9a9f17-b13c-4a04-8060-8dd57020b13c",0,NA,NA,NA,NA,NA,NA,0,NA,"little","moderate","moderate","moderate","moderate","moderate",1,1,0,"Income sources unreported",7,1,0,0,0,10,1,0,0,0,0,0,0,0,0,0,0,0,0.276221064086592,0.0238715452714838,"Food Secure"
"286","F",25,"coranique","Transformateurs","F","18 - 25","18 - 30","18 - 25","18 - 30","uuid:557c7ecb-609c-4086-bc92-4d0ba6a15200","uuid:b3bc801a-de9d-4272-8563-83f7c410ffa1",0,NA,NA,NA,NA,NA,NA,0,NA,"little","moderate","moderate","moderate","little","moderate",1,1,0,"Income sources unreported",7,1,1,1,0,8,1,0,1,1,0,0,0,0,0,2,0.0932852837366366,5.37366418029706e-09,0.276221064086592,0.0238715452714838,"Mildly Food Insecure"
"280","F",30,"coranique","Transformateurs","M","26 - 55","18 - 30","26 - 55","18 - 30","uuid:9d2c64ce-ec99-415d-a005-844cdf13552a","uuid:ac28e212-216f-4f34-8760-38b46dde10ab",0,NA,NA,NA,NA,NA,NA,0,NA,"little","no_reponse","little","little","no_reponse","moderate",1,0.333333333333333,0,"Income sources unreported",2,0,1,1,0,5,1,1,1,1,1,1,1,0,0,6,0.988189553227647,0.0413850653165367,0.276221064086592,0.0238715452714838,"Moderately Food Insecure"
"297","F",30,"coranique","Transformateurs","M","26 - 55","18 - 30","26 - 55","18 - 30","uuid:c571716a-d87f-49d3-861f-35d4872ca2ee","uuid:6a243b72-d773-48ac-bff4-ca632077795a",0,NA,NA,NA,NA,NA,NA,0,NA,"little","moderate","moderate","moderate","moderate","moderate",1,1,0,"Income sources unreported",7,1,0,0,0,9,1,0,0,0,0,0,0,0,0,0,0,0,0.276221064086592,0.0238715452714838,"Food Secure"
"290","F",30,"coranique","Transformateurs","M","26 - 55","18 - 30","26 - 55","18 - 30","uuid:591ad08d-5285-4551-b2cd-da8f6e22658a","uuid:1a48d072-5342-440f-b9dd-e0b32145e98a",0,NA,NA,NA,NA,NA,NA,0,NA,"none","none","none","none","none","none",0,0,0,"Income sources unreported",3,0,1,1,0,5,1,1,0,0,0,1,1,0,0,3,0.337569344275583,2.75628626811297e-07,0.276221064086592,0.0238715452714838,"Moderately Food Insecure"
"144","F",40,"coranique","Producteurs","M","26 - 55","31 - 50","26 - 55","31 - 50","uuid:c85ec42b-2df3-4499-9519-5d388be4a6cf","uuid:cf380b35-853c-4e89-b0f6-61507c6b03f2",2,1,NA,1,136,136,0,1,1,"none","moderate","moderate","moderate","little","little",1,1,1,"Crop farming only",7,1,1,1,0,4,0,0,1,1,0,0,0,0,0,2,0.0932852837366366,5.37366418029706e-09,0.276221064086592,0.0238715452714838,"Mildly Food Insecure"
"149","F",38,"coranique","Producteurs","M","26 - 55","31 - 50","26 - 55","31 - 50","uuid:a83de8ed-9374-466c-ad36-d2e83e5fd764","uuid:d4ac3306-d5c4-4434-9bba-ba81aad0846d",3,1,1,2,2000,1000,0,1,1,"little","moderate","moderate","equal","moderate","moderate",1,1,2,"Crop farming + Off-farm sources",7,1,0,0,0,11,1,0,0,0,0,0,0,0,0,0,0,0,0.276221064086592,0.0238715452714838,"Food Secure"
"287","F",30,"coranique","Transformateurs","M","26 - 55","18 - 30","18 - 25","18 - 30","uuid:795621bb-6849-4d1d-bc67-0b962f3e5dd1","uuid:0685d761-3401-48fa-b2d8-710799287ed1",0,NA,NA,NA,NA,NA,NA,0,NA,"none","none","little","none","none","none",1,0.5,0,"Income sources unreported",4,0,0,0,0,5,1,1,1,1,0,1,1,0,0,5,0.922388641318079,0.00153586489675683,0.276221064086592,0.0238715452714838,"Moderately Food Insecure"
"296","F",40,"coranique","Transformateurs","M","26 - 55","31 - 50","26 - 55","31 - 50","uuid:23e4cf2b-1cbb-45f1-a795-f2f881042f01","uuid:9c24f2e5-37aa-4f3a-b312-c8259695a8ae",0,NA,NA,NA,NA,NA,NA,0,NA,"little","little","little","moderate","little","moderate",1,1,0,"Income sources unreported",7,1,1,1,0,11,1,0,1,1,0,0,0,0,0,2,0.0932852837366366,5.37366418029706e-09,0.276221064086592,0.0238715452714838,"Mildly Food Insecure"
"295","F",40,"coranique","Transformateurs","M","26 - 55","31 - 50","26 - 55","31 - 50","uuid:94df97d4-591d-43d3-ad04-7aafc198df43","uuid:22144067-7112-43da-8044-921ad43b2f7b",0,NA,NA,NA,NA,NA,NA,0,NA,"little","moderate","moderate","equal","little","moderate",1,1,0,"Income sources unreported",7,1,0,0,0,11,1,0,1,1,0,0,0,0,0,2,0.0932852837366366,5.37366418029706e-09,0.276221064086592,0.0238715452714838,"Mildly Food Insecure"
"150","F",50,"coranique","Producteurs","F","26 - 55","31 - 50","26 - 55","31 - 50","uuid:d6302793-73b9-4410-9434-f28613f883f0","uuid:e7454814-a172-4f73-9516-0c7cf6934eee",3,3,0.666666666666667,1.5,1130,753.333333333333,0.603870603635452,2,2,"moderate","equal","equal","equal","moderate","moderate",1,1,2,"Crop farming + Off-farm sources",3,0,1,1,0,5,1,1,1,1,1,1,1,0,1,7,0.998120533323179,0.356687404917374,0.276221064086592,0.0238715452714838,"Severely Food Insecure"
"298","F",30,"primary","Transformateurs","M","26 - 55","18 - 30","26 - 55","18 - 30","uuid:f0254b7b-0846-4985-9328-26b54758abfe","uuid:9881733a-122c-480b-8c68-ddc5ba422a1d",0,NA,NA,NA,NA,NA,NA,0,NA,"none","none","none","none","none","little",0,0,0,"Income sources unreported",2,0,0,0,0,5,1,1,0,1,0,1,1,0,0,4,0.695132798930907,2.59281945041989e-05,0.276221064086592,0.0238715452714838,"Moderately Food Insecure"
"285","F",35,"coranique","Transformateurs","M","26 - 55","31 - 50","26 - 55","31 - 50","uuid:3b6026e3-2ba0-4398-a898-423246861f1e","uuid:b3cb39ee-55e3-422f-a221-03e127992a6d",0,NA,NA,NA,NA,NA,NA,0,NA,"little","moderate","none","equal","little","none",1,1,0,"Income sources unreported",7,1,1,0,0,8,1,1,1,1,0,0,0,0,0,3,0.337569344275583,2.75628626811297e-07,0.276221064086592,0.0238715452714838,"Mildly Food Insecure"
"142","M",34,"coranique","Producteurs","M","26 - 55","31 - 50","26 - 55","31 - 50","uuid:5a528504-c948-4c04-8d8e-a7011c55f53b","uuid:1e4d27bf-f97f-4ca1-b1ae-f81bea1619e1",3,2,0.5,6,2550,425,0.484619112454711,1,1,"none","none","none","none","none","none",1,0.25,1,"Crop farming only",3,0,0,0,1,5,1,0,0,1,0,1,0,0,0,2,0.0932852837366366,5.37366418029706e-09,0.276221064086592,0.0238715452714838,"Moderately Food Insecure"
"294","F",40,"coranique","Transformateurs","M","26 - 55","31 - 50","26 - 55","31 - 50","uuid:cfdceb00-3d1d-4106-93da-9549eef5b14a","uuid:4d0ac371-645a-4a62-a79f-1f1c82779f0a",0,NA,NA,NA,NA,NA,NA,0,NA,"moderate","equal","equal","equal","little","none",1,1,0,"Income sources unreported",7,1,0,0,0,12,1,0,1,1,0,0,0,0,0,2,0.0932852837366366,5.37366418029706e-09,0.276221064086592,0.0238715452714838,"Mildly Food Insecure"
"275","F",20,"coranique","Transformateurs","M","18 - 25","18 - 30","18 - 25","18 - 30","uuid:1454f004-ff19-455e-995a-a29b3df4edd0","uuid:c31da35f-8a43-46da-afe7-378477767d6a",0,NA,NA,NA,NA,NA,NA,0,NA,"little","little","little","little","little","little",0,0.333333333333333,0,"Income sources unreported",1,0,0,0,0,8,1,1,1,1,1,1,1,0,0,6,0.988189553227647,0.0413850653165367,0.276221064086592,0.0238715452714838,"Moderately Food Insecure"
"ZCATM0","F",50,"coranique","Calebasses","M","26 - 55","31 - 50","26 - 55","31 - 50","uuid:76e859f2-dd47-44e2-9fef-a77317af0bb4","uuid:ba7cd47d-6758-4c2b-af1a-f2e5bf59bea8",0,NA,NA,NA,NA,NA,NA,0,NA,"little","no_reponse","none","none","no_reponse","no_reponse",1,1,0,"Income sources unreported",3,0,0,0,0,3,0,1,0,1,1,1,1,1,0,6,0.988189553227647,0.0413850653165367,0.276221064086592,0.0238715452714838,"Moderately Food Insecure"
"DTZQNE","F",26,"postsecondary","Consommateurs","M","18 - 25","18 - 30","18 - 25","18 - 30","uuid:b50bcfee-dbb5-456b-8e2f-3c54053c9abf","uuid:eb03e91b-09bd-418f-8292-3638322410f7",0,NA,NA,NA,NA,NA,NA,0,NA,"no_reponse","no_reponse","equal","equal","no_reponse","equal",1,0.4,0,"Income sources unreported",6,0,0,0,1,9,1,0,0,0,0,0,0,0,0,0,0,0,0.276221064086592,0.0238715452714838,"Food Secure"
"587","F",49,"postsecondary","Calebasses","F","26 - 55","31 - 50","26 - 55","31 - 50","uuid:d50c7d9f-8fdc-4629-966a-3835c0f22572","uuid:f6f83632-09df-4b72-80f1-bb447a66439e",0,NA,NA,NA,NA,NA,NA,0,NA,"no_reponse","no_reponse","no_reponse","equal","moderate","equal",1,1,0,"Income sources unreported",7,1,1,1,0,9,1,0,1,0,0,0,0,0,0,1,0.0207601978942691,6.35569774587452e-09,0.276221064086592,0.0238715452714838,"Mildly Food Insecure"
"412","F",33,"secondary","Consommateurs","F","26 - 55","31 - 50","26 - 55","31 - 50","uuid:4fecf208-d11c-45d3-80b1-5f8bb980621f","uuid:9574ed10-6a1c-4ce3-b3c7-8a5095f1732e",0,NA,NA,NA,NA,NA,NA,0,NA,"no_reponse","no_reponse","more_than","equal","moderate","more_than",1,1,0,"Income sources unreported",7,1,0,0,0,9,1,0,0,0,0,0,0,0,0,0,0,0,0.276221064086592,0.0238715452714838,"Food Secure"
"575","F",28,"secondary","Calebasses","M","26 - 55","18 - 30","26 - 55","18 - 30","uuid:f0cf1608-55df-4bab-a8ae-477944359d1a","uuid:e2e99ac5-8e78-4306-813b-0478ddc09e32",0,NA,NA,NA,NA,NA,NA,0,NA,"no_reponse","little","moderate","equal","moderate","moderate",1,0.833333333333333,0,"Income sources unreported",3,0,1,1,0,5,1,1,0,1,0,0,0,0,0,2,0.0932852837366366,5.37366418029706e-09,0.276221064086592,0.0238715452714838,"Mildly Food Insecure"
"576","F",30,"coranique","Calebasses","M","26 - 55","18 - 30","26 - 55","18 - 30","uuid:792365b8-2c5b-4397-8e89-2a9422d18f8e","uuid:cbacbf5f-d197-4b9d-af64-30a5e786542a",0,NA,NA,NA,NA,NA,NA,0,NA,"little","no_reponse","moderate","no_reponse","moderate","little",1,0.8,0,"Income sources unreported",5,0,1,1,0,4,0,1,0,1,0,0,1,1,0,4,0.695132798930907,2.59281945041989e-05,0.276221064086592,0.0238715452714838,"Moderately Food Insecure"
"24","M",44,"secondary","Producteurs","M","26 - 55","31 - 50","26 - 55","18 - 30","uuid:e669b858-b13f-457c-9f73-809aeb7c591f","uuid:2f509bf7-3ab6-43f8-b6c6-45deeffc23d1",3,1,NA,0.18,4500,25000,0,0,0,"little","none","little","moderate","little","moderate",1,0.444444444444444,1,"Crop farming only",6,0,0,0,1,8,1,0,0,0,0,0,0,0,0,0,0,0,0.276221064086592,0.0238715452714838,"Food Secure"
"558","M",41,"No_school","Calebasses","M","26 - 55","31 - 50","26 - 55","31 - 50","uuid:a4373ee3-755a-4fb9-86f7-ede504385995","uuid:6fb795d6-c743-460f-a80e-b42b3f19b913",0,NA,NA,NA,NA,NA,NA,0,NA,"little","little","little","little","little","little",1,0.5,0,"Income sources unreported",7,1,1,0,1,9,1,0,0,0,0,0,0,0,0,0,0,0,0.276221064086592,0.0238715452714838,"Food Secure"
"557","M",40,"No_school","Calebasses","M","26 - 55","31 - 50","26 - 55","31 - 50","uuid:1d6c7c1e-44dd-4160-9ed3-45ab3edc473e","uuid:c58308ea-5133-4b3c-bf91-d39de99c9d2a",0,NA,NA,NA,NA,NA,NA,0,NA,"little","little","moderate","little","little","little",1,0.75,0,"Income sources unreported",7,1,1,0,1,4,0,1,1,1,1,1,1,1,0,7,0.998120533323179,0.356687404917374,0.276221064086592,0.0238715452714838,"Moderately Food Insecure"
"559","M",53,"No_school","Calebasses","M","26 - 55","51+","26 - 55","51+","uuid:12ec621a-14aa-45df-ae75-1616ae2e2532","uuid:30131398-3849-431a-843b-6bb20a381156",0,NA,NA,NA,NA,NA,NA,0,NA,"little","little","little","little","little","little",1,0.75,0,"Income sources unreported",7,1,1,0,1,5,1,1,0,NA,0,0,1,1,0,3,0.337569344275583,2.75628626811297e-07,0.276221064086592,0.0238715452714838,"Moderately Food Insecure"
"556","M",45,"secondary","Calebasses","M","26 - 55","31 - 50","26 - 55","31 - 50","uuid:43bdd96e-f624-4957-9d37-7ac050d8b708","uuid:ba75c493-bc1b-493a-8209-2df056fc2fcf",0,NA,NA,NA,NA,NA,NA,0,NA,"little","little","none","little","little","little",1,1,0,"Income sources unreported",7,1,1,1,1,6,1,0,1,NA,NA,0,0,0,0,1,0.0207601978942691,6.35569774587452e-09,0.276221064086592,0.0238715452714838,"Mildly Food Insecure"
"554","M",49,"No_school","Calebasses","M","26 - 55","31 - 50","26 - 55","31 - 50","uuid:1b36a4c1-6e51-4d6c-bb2e-b1cd6062f844","uuid:49c55352-0cac-4898-881d-18a37f5c2b45",0,NA,NA,NA,NA,NA,NA,0,NA,"little","little","little","little","little","little",1,1,0,"Income sources unreported",5,0,1,1,1,5,1,0,1,0,0,0,0,0,0,1,0.0207601978942691,6.35569774587452e-09,0.276221064086592,0.0238715452714838,"Mildly Food Insecure"
"551","F",45,"primary","Calebasses","M","26 - 55","31 - 50","26 - 55","31 - 50","uuid:8f2737a4-b5e6-4460-b068-16f0604318fa","uuid:1518a358-cdc3-41c3-b650-d2e57865a66b",0,NA,NA,NA,NA,NA,NA,0,NA,"little","little","little","little","little","little",1,0.8,0,"Income sources unreported",7,1,1,0,1,6,1,0,1,0,0,1,0,0,0,2,0.0932852837366366,5.37366418029706e-09,0.276221064086592,0.0238715452714838,"Moderately Food Insecure"
"304","F",51,"secondary","Commerçants","F","26 - 55","51+","26 - 55","51+","uuid:4b12cd39-0570-4911-b818-eca040bdbc85","uuid:692eeee5-5d56-471b-a15b-e42f94e3b7ba",0,NA,NA,NA,NA,NA,NA,0,NA,"more_than","no_reponse","no_reponse","equal","moderate","little",1,0.833333333333333,0,"Income sources unreported",7,1,1,0,0,10,1,0,0,0,0,0,0,0,0,0,0,0,0.276221064086592,0.0238715452714838,"Food Secure"
"13","M",30,"secondary","Producteurs","M","26 - 55","18 - 30",NA,NA,"uuid:94b2fb26-d89c-42c0-a7b4-966025e55a6a","uuid:1ea053c8-b505-462d-bdc8-f7fde34a7889",5,2,NA,0.02,1000,50000,0,0,0,"little","none","none","moderate","little","none",1,0.111111111111111,1,"Crop farming only",7,1,0,0,1,10,1,0,0,0,0,0,0,0,0,0,0,0,0.276221064086592,0.0238715452714838,"Food Secure"
"579","F",60,"No_school","Calebasses","F","55+","51+","55+","51+","uuid:76fd8c11-5d74-4d30-8d16-8eacfafca4e1","uuid:b19aeebe-b5fb-48e2-9407-06a8d6b449e3",0,NA,NA,NA,NA,NA,NA,0,NA,"no_reponse","no_reponse","more_than","equal","no_reponse","equal",1,1,0,"Income sources unreported",5,0,0,0,0,8,1,0,0,0,0,0,0,0,0,0,0,0,0.276221064086592,0.0238715452714838,"Food Secure"
"577","F",35,"primary","Calebasses","M","26 - 55","31 - 50","26 - 55","31 - 50","uuid:ec1a1790-d894-4d15-ac83-bb6c4ad04edf","uuid:b8f974bd-1f75-49c8-89c0-79e875e76bf6",0,NA,NA,NA,NA,NA,NA,0,NA,"no_reponse","no_reponse","moderate","equal","moderate","moderate",0,0.166666666666667,0,"Income sources unreported",5,0,1,0,1,9,1,0,0,1,0,0,0,0,0,1,0.0207601978942691,6.35569774587452e-09,0.276221064086592,0.0238715452714838,"Mildly Food Insecure"
"NEB8EM","F",60,"No_school","Consommateurs","F","55+","51+","55+","51+","uuid:a361b0ca-a585-45bd-80f2-64763ae5f7e0","uuid:af8e678b-563f-4117-a73e-7089eb38a59b",0,NA,NA,NA,NA,NA,NA,0,NA,"no_reponse","no_reponse","no_reponse","equal","no_reponse","little",1,0.833333333333333,0,"Income sources unreported",6,0,1,0,1,7,1,0,0,0,0,0,0,0,0,0,0,0,0.276221064086592,0.0238715452714838,"Food Secure"
"582","F",32,"primary","Calebasses","M","26 - 55","31 - 50","26 - 55","31 - 50","uuid:284404af-3dc2-44ec-af35-964b25ecc66c","uuid:85edc94a-364d-4a76-b369-2b9ee5d907e6",3,1,NA,2,2000,1000,0,1,1,"none","none","equal","equal","no_reponse","no_reponse",1,0.4,2,"Crop farming + Off-farm sources",5,0,1,0,0,7,1,0,1,1,0,0,0,0,0,2,0.0932852837366366,5.37366418029706e-09,0.276221064086592,0.0238715452714838,"Mildly Food Insecure"
"581","F",23,"primary","Calebasses","M","18 - 25","18 - 30","18 - 25","18 - 30","uuid:434ffdae-4523-4b33-a5c0-8d73a5f05352","uuid:1ffc85ff-0c49-45bf-982c-400535be38b8",2,2,0.103447781212569,0.278846,362,1298.2076128042,0.486677583752927,0,0,"little","moderate","moderate","no_reponse","no_reponse","no_reponse",1,0.666666666666667,2,"Crop farming + Off-farm sources",5,0,0,0,0,3,0,1,1,1,0,1,1,1,0,6,0.988189553227647,0.0413850653165367,0.276221064086592,0.0238715452714838,"Moderately Food Insecure"
"226","F",53,"coranique","Transformateurs","F","26 - 55","51+","26 - 55","51+","uuid:751fe271-3fd4-433c-97ab-7349f49f3e3b","uuid:885e6234-385f-4d75-99c5-3922caaeec37",0,NA,NA,NA,NA,NA,NA,0,NA,"no_reponse","no_reponse","no_reponse","no_reponse","moderate","none",1,1,0,"Income sources unreported",3,0,1,0,0,7,1,1,1,1,1,0,1,1,0,6,0.988189553227647,0.0413850653165367,0.276221064086592,0.0238715452714838,"Moderately Food Insecure"
"232","F",25,"coranique","Transformateurs","M","18 - 25","18 - 30","18 - 25","18 - 30","uuid:4307a348-d5e3-464f-9027-f4003e1948da","uuid:90eef800-8202-4089-bf1c-bd8098ec5cda",0,NA,NA,NA,NA,NA,NA,0,NA,"no_reponse","no_reponse","no_reponse","moderate","no_reponse","equal",1,0.8,0,"Income sources unreported",3,0,1,1,0,4,0,1,0,1,0,1,1,0,0,4,0.695132798930907,2.59281945041989e-05,0.276221064086592,0.0238715452714838,"Moderately Food Insecure"
"228","F",40,"coranique","Transformateurs","M","26 - 55","31 - 50","26 - 55","31 - 50","uuid:92ba4398-9aad-4c72-98ba-a58cba3fb42b","uuid:35a52159-084e-4747-bd4c-3557bcf7e8f8",3,1,1,2,630,315,0,0,0,"none","none","moderate","equal","moderate","moderate",1,0.5,2,"Crop farming + Off-farm sources",5,0,1,1,0,8,1,0,0,0,0,0,0,0,0,0,0,0,0.276221064086592,0.0238715452714838,"Food Secure"
"YY86LA","F",35,"No_school","Calebasses","M","26 - 55","31 - 50","26 - 55","31 - 50","uuid:e64c9764-0335-4372-a472-513dea244140","uuid:5cf233ba-6f8f-404c-9727-5a6f277eafd8",0,NA,NA,NA,NA,NA,NA,0,NA,"little","none","equal","equal","moderate","moderate",1,1,0,"Income sources unreported",4,0,1,1,0,5,1,1,1,1,0,1,1,0,0,5,0.922388641318079,0.00153586489675683,0.276221064086592,0.0238715452714838,"Moderately Food Insecure"
"AGTP4E","F",27,"primary","Calebasses","M","26 - 55","18 - 30","26 - 55","18 - 30","uuid:c425fd6f-9145-4bbc-bdbd-24e875297b0b","uuid:1161833d-4cee-4637-9807-185d19a0181a",5,2,0.333333333333333,3,3600,1200,0.486246179494304,4,2,"little","none","equal","equal","moderate","moderate",1,0.333333333333333,1,"Crop farming only",5,0,1,0,0,6,1,0,1,1,0,0,0,0,0,2,0.0932852837366366,5.37366418029706e-09,0.276221064086592,0.0238715452714838,"Mildly Food Insecure"
"IIDYJY","F",45,"secondary","Transformateurs","M","26 - 55","31 - 50","26 - 55","31 - 50","uuid:cca6d0ce-3255-412f-904d-786f3501d26e","uuid:6a62842e-dd11-4dfd-a606-bd918c4eaeb7",6,2,0.333333333333333,3,2480,826.666666666667,0.31230074561803,2,1,"little","none","moderate","equal","moderate","moderate",1,0.333333333333333,1,"Crop farming only",5,0,1,0,1,6,1,0,0,1,1,1,1,1,0,5,0.922388641318079,0.00153586489675683,0.276221064086592,0.0238715452714838,"Moderately Food Insecure"
"234","F",43,"secondary","Transformateurs","M","26 - 55","31 - 50","26 - 55","31 - 50","uuid:ab77b9f1-9fe0-44f4-9ad1-b8fd7d4f136c","uuid:5f3d22f5-e7d7-4310-b479-1655ee8ad4a9",3,1,1,1.5,400,266.666666666667,0,1,1,"no_reponse","none","moderate","moderate","no_reponse","moderate",1,0.8,2,"Crop farming + Off-farm sources",3,0,1,1,1,4,0,1,0,1,0,0,0,0,0,2,0.0932852837366366,5.37366418029706e-09,0.276221064086592,0.0238715452714838,"Mildly Food Insecure"
"621","F",32,"primary","Calebasses","M","26 - 55","31 - 50","26 - 55","31 - 50","uuid:95de5f8a-ec5e-4402-8e7e-fb11a021eec1","uuid:8b92295e-0364-4aa1-b898-7351204b59e6",3,1,1,1.5,350,233.333333333333,0,2,1,"no_reponse","no_reponse","moderate","no_reponse","no_reponse","none",1,0.714285714285714,2,"Crop farming + Off-farm sources",6,0,1,1,0,4,0,1,1,1,0,1,0,0,0,4,0.695132798930907,2.59281945041989e-05,0.276221064086592,0.0238715452714838,"Moderately Food Insecure"
"417","F",50,"coranique","Consommateurs","F","26 - 55","31 - 50","26 - 55","31 - 50","uuid:92d099ac-ea61-4926-8056-ffeade8fd1b4","uuid:c90a71c5-431d-4e42-aadc-108548694081",0,NA,NA,NA,NA,NA,NA,0,NA,"no_reponse","no_reponse","none","moderate","no_reponse","moderate",1,1,0,"Income sources unreported",5,0,1,1,0,3,0,1,0,1,0,1,1,1,0,5,0.922388641318079,0.00153586489675683,0.276221064086592,0.0238715452714838,"Moderately Food Insecure"
"49","M",36,"primary","Producteurs","M","26 - 55","31 - 50","26 - 55","31 - 50","uuid:750cd455-1aed-4272-834a-0720b503ae74","uuid:65960601-2670-49f8-92da-355bd62c0928",4,1,1,2.5,1500,600,0,6,1,"none","none","none","none","none","little",1,0.75,1,"Crop farming only",7,1,1,1,1,4,0,1,1,1,1,1,1,1,0,7,0.998120533323179,0.356687404917374,0.276221064086592,0.0238715452714838,"Moderately Food Insecure"
"50","M",45,"No_school","Producteurs","M","26 - 55","31 - 50","26 - 55","31 - 50","uuid:9da7cecc-ebce-4769-aa44-bf98d5faa83d","uuid:8938fd88-ca48-444d-b58b-255555a16b99",3,1,1,2,900,450,0,5,1,"none","none","none","little","little","little",1,0.875,1,"Crop farming only",7,1,1,1,1,6,1,1,1,1,0,1,1,1,0,6,0.988189553227647,0.0413850653165367,0.276221064086592,0.0238715452714838,"Moderately Food Insecure"
"41","F",75,"No_school","Producteurs","M","55+","51+","55+","51+","uuid:94446695-736f-43b6-80be-0e904b260394","uuid:dbd556e8-0344-4175-ac8c-6552b07d74bd",3,1,1,3,1600,533.333333333333,0,4,1,"none","little","little","little","little","little",1,1,1,"Crop farming only",7,1,1,1,1,6,1,1,1,0,0,0,0,0,0,2,0.0932852837366366,5.37366418029706e-09,0.276221064086592,0.0238715452714838,"Mildly Food Insecure"
"40","M",49,"coranique","Producteurs","M","26 - 55","31 - 50","26 - 55","31 - 50","uuid:5dcc3467-b093-4f1a-8d9d-d9a3c349b29c","uuid:3c107c1e-11a7-49d1-820a-ef358e77484b",3,1,1,2,1500,750,0,5,2,"none","none","none","none","little","little",1,0.875,1,"Crop farming only",7,1,1,1,1,8,1,0,0,1,0,0,0,0,0,1,0.0207601978942691,6.35569774587452e-09,0.276221064086592,0.0238715452714838,"Mildly Food Insecure"
"166","M",40,"postsecondary","Transformateurs","M","26 - 55","31 - 50","26 - 55","31 - 50","uuid:c9266ac9-c7b4-4482-b211-7fbf4b212512","uuid:a53c2675-3320-4edc-ab16-7ed2d4bbaecd",0,NA,NA,NA,NA,NA,NA,0,NA,"little","none","little","equal","little","moderate",1,0.333333333333333,0,"Income sources unreported",7,1,0,0,0,10,1,0,0,0,0,0,0,0,0,0,0,0,0.276221064086592,0.0238715452714838,"Food Secure"
"R7KUQO","F",33,"postsecondary","Transformateurs","M","26 - 55","31 - 50","26 - 55","31 - 50","uuid:bfa8188e-aa24-410a-bc0a-0c1f219fe406","uuid:bdc71a89-72cb-4522-b497-d630dbdb8d98",0,NA,NA,NA,NA,NA,NA,0,NA,"little","little","little","equal","little","moderate",1,0.333333333333333,0,"Income sources unreported",7,1,0,0,1,9,1,0,0,0,NA,0,0,0,0,0,0,0,0.276221064086592,0.0238715452714838,"Food Secure"
"158","F",44,"adult_education","Transformateurs","M","26 - 55","31 - 50","26 - 55","31 - 50","uuid:e92a59a9-1129-429b-ae4b-09eca6e4ca72","uuid:3b328072-f25e-49e7-8c2f-ef1737ab4c43",0,NA,NA,NA,NA,NA,NA,0,NA,"little","moderate","moderate","equal","little","moderate",1,0.571428571428571,0,"Income sources unreported",7,1,1,0,1,8,1,0,0,0,0,0,0,0,0,0,0,0,0.276221064086592,0.0238715452714838,"Food Secure"
"159","F",42,"postsecondary","Transformateurs","M","26 - 55","31 - 50","26 - 55","31 - 50","uuid:4adec367-c786-475e-b40f-4f748028af21","uuid:629814c5-0bab-49b9-afd9-c143cd28081e",0,NA,NA,NA,NA,NA,NA,0,NA,"equal","moderate","little","equal","little","moderate",1,0.428571428571429,0,"Income sources unreported",7,1,1,0,0,8,1,0,0,0,0,0,0,0,0,0,0,0,0.276221064086592,0.0238715452714838,"Food Secure"
"161","F",30,"postsecondary","Transformateurs","M","26 - 55","18 - 30","26 - 55","18 - 30","uuid:1e3c35d6-33b3-4282-9295-dc46df271ec5","uuid:4007439b-5192-4ce8-bbd1-e6030119d604",0,NA,NA,NA,NA,NA,NA,0,NA,"equal","equal","equal","equal","moderate","no_reponse",1,0.857142857142857,0,"Income sources unreported",7,1,1,1,1,12,1,0,0,0,0,0,0,0,0,0,0,0,0.276221064086592,0.0238715452714838,"Food Secure"
"87","M",56,"coranique","Producteurs","M","55+","51+","26 - 55","31 - 50","uuid:2f2da079-7033-4ff2-af8b-715e7883bdde","uuid:79efcda3-fbad-43c7-b839-5ed634e5ceb6",3,3,0.473684210526316,9.5,7900,831.578947368421,0.443254313556755,3,3,"none","none","none","none","none","none",1,0,2,"Crop farming + Off-farm sources",3,0,1,1,1,6,1,0,0,1,0,1,0,0,0,2,0.0932852837366366,5.37366418029706e-09,0.276221064086592,0.0238715452714838,"Moderately Food Insecure"
"94","M",35,"coranique","Producteurs","M","26 - 55","31 - 50","26 - 55","18 - 30","uuid:82091b05-6e9b-4095-b20e-42fdda397dbb","uuid:714cefc9-bd47-46d6-90c7-4517568196da",4,4,0.7,5,3720,744,0.503372683719464,2,2,"none","none","none","none","none","none",1,0.142857142857143,2,"Crop farming + Off-farm sources",3,0,1,1,1,7,1,1,1,1,0,1,0,0,0,4,0.695132798930907,2.59281945041989e-05,0.276221064086592,0.0238715452714838,"Moderately Food Insecure"
"119","M",30,"coranique","Producteurs","M","26 - 55","18 - 30","18 - 25","18 - 30","uuid:d1a61c5f-dcbf-4298-9cff-6aa730ce200c","uuid:2a69efe8-6af8-4913-a582-310e81d7e7cf",2,2,0.5,2,920,460,0.496759237356295,1,1,"none","none","none","none","none","little",0,0,2,"Crop farming + Off-farm sources",3,0,0,0,0,6,1,0,0,1,0,1,1,0,0,3,0.337569344275583,2.75628626811297e-07,0.276221064086592,0.0238715452714838,"Moderately Food Insecure"
"92","M",50,"coranique","Producteurs","M","26 - 55","31 - 50","26 - 55","18 - 30","uuid:bd05de50-04f5-4db3-abc0-c2913c63527f","uuid:32a7adb5-18da-4052-8250-22986f5e0642",2,2,0.5,4,2300,575,0.499271895152902,3,3,"none","none","none","none","none","none",1,0.333333333333333,1,"Crop farming only",7,1,1,1,0,7,1,1,1,1,0,1,1,0,0,5,0.922388641318079,0.00153586489675683,0.276221064086592,0.0238715452714838,"Moderately Food Insecure"
"135","F",70,"postsecondary","Producteurs","M","55+","51+","26 - 55","18 - 30","uuid:c215d096-0e9b-4dd2-8a4d-ca5949f260eb","uuid:aaecc48e-042f-4189-a48e-317a59a4e344",4,4,0.25,10,8570,857,0.575655128735328,2,2,"none","none","none","none","none","moderate",1,0.0833333333333333,2,"Crop farming + Off-farm sources",3,0,0,0,1,9,1,0,1,1,0,1,0,0,0,3,0.337569344275583,2.75628626811297e-07,0.276221064086592,0.0238715452714838,"Moderately Food Insecure"
"128","M",56,"coranique","Producteurs","M","55+","51+","26 - 55","31 - 50","uuid:174d02fb-ffec-4cb7-803d-154c1e4c6c9e","uuid:03875a5b-941c-41f5-bdd9-4dec7c9cfaf5",4,3,0.423076923076923,5.2,5200,1000,0.577034045008656,1,1,"none","none","none","none","none","moderate",1,0.4,2,"Crop farming + Off-farm sources",3,0,1,1,0,6,1,1,0,1,0,1,1,0,0,4,0.695132798930907,2.59281945041989e-05,0.276221064086592,0.0238715452714838,"Moderately Food Insecure"
"121","M",40,"coranique","Producteurs","M","26 - 55","31 - 50","26 - 55","18 - 30","uuid:a1b4a8db-c7f6-4558-a9de-0c24f264d637","uuid:983ce2f6-e698-43d6-9705-129bf9d804fe",2,2,0.857142857142857,7,5600,800,0.191360702166203,0,0,"none","none","none","none","none","little",1,0.5,2,"Crop farming + Off-farm sources",3,0,1,1,0,6,1,1,0,1,0,1,1,0,0,4,0.695132798930907,2.59281945041989e-05,0.276221064086592,0.0238715452714838,"Moderately Food Insecure"
"122","M",55,"coranique","Producteurs","M","26 - 55","51+","26 - 55","31 - 50","uuid:8d2bc429-5133-4f1e-b788-51d6abc57991","uuid:1946e97a-f5de-476f-894a-50795b02f16e",4,1,1,2,2000,1000,0,2,2,"little","moderate","moderate","equal","moderate","moderate",1,1,1,"Crop farming only",7,1,0,0,0,9,1,0,0,0,0,0,0,0,0,0,0,0,0.276221064086592,0.0238715452714838,"Food Secure"
"123","M",53,"coranique","Producteurs","M","26 - 55","51+","26 - 55","18 - 30","uuid:e6df1fe0-672c-4a02-abcb-3b78dc1a9e38","uuid:5005b985-3249-45bf-abf8-0f5f3c5b3832",3,1,NA,2,2000,1000,0,2,2,"little","moderate","moderate","equal","moderate","moderate",1,1,1,"Crop farming only",7,1,0,0,0,10,1,0,0,0,0,0,0,0,0,0,0,0,0.276221064086592,0.0238715452714838,"Food Secure"
"93","M",65,"coranique","Producteurs","M","55+","51+","26 - 55","31 - 50","uuid:3494d84b-32b3-4a7d-b235-36e22ca1676d","uuid:ec392756-a431-4761-8546-80abd635836c",3,1,NA,3,3000,1000,0,2,1,"little","moderate","moderate","equal","moderate","moderate",1,1,1,"Crop farming only",7,1,1,0,0,9,1,0,0,0,0,0,0,0,0,0,0,0,0.276221064086592,0.0238715452714838,"Food Secure"
"91","M",57,"secondary","Producteurs","M","55+","51+","26 - 55","31 - 50","uuid:58cb9724-4b70-435b-a031-8d2ba887858e","uuid:55a53045-42a5-405f-8f41-0f7aee8c2e58",3,1,1,6,5240,873.333333333333,0,4,1,"little","moderate","moderate","equal","moderate","moderate",1,1,1,"Crop farming only",7,1,0,0,0,10,1,0,0,0,0,0,0,0,0,0,0,0,0.276221064086592,0.0238715452714838,"Food Secure"
"120","M",44,"postsecondary","Producteurs","M","26 - 55","31 - 50",NA,NA,"uuid:31b092a5-ccab-43cb-8f1c-3c8f916501e7","uuid:5cd1322e-0e6e-49a0-9502-e229fee5dcad",4,1,NA,20,15000,750,0,4,1,"little","moderate","moderate","equal","moderate","moderate",1,1,2,"Crop farming + Off-farm sources",7,1,0,0,1,12,1,0,0,0,0,0,0,0,0,0,0,0,0.276221064086592,0.0238715452714838,"Food Secure"
"115","M",40,"coranique","Producteurs","M","26 - 55","31 - 50","18 - 25","18 - 30","uuid:ef2438e4-9190-4d1f-b3a3-fa4cbc776181","uuid:1b4d28f2-2533-48d5-8441-413ec3ca5d7b",5,1,NA,3,3000,1000,0,2,1,"moderate","moderate","moderate","equal","moderate","moderate",1,1,2,"Crop farming + Off-farm sources",7,1,1,0,1,10,1,0,0,0,0,0,0,0,0,0,0,0,0.276221064086592,0.0238715452714838,"Food Secure"
"116","M",42,"postsecondary","Producteurs","M","26 - 55","31 - 50","26 - 55","18 - 30","uuid:5ba1a777-d63b-4d8a-8f08-c2c68f621f58","uuid:81a6c08b-f2ef-4b2b-8790-a0d095153c62",2,1,NA,2,2000,1000,0,0,0,"little","moderate","moderate","equal","moderate","moderate",1,1,2,"Crop farming + Off-farm sources",7,1,0,0,1,9,1,0,0,0,0,0,0,0,0,0,0,0,0.276221064086592,0.0238715452714838,"Food Secure"
"114","M",40,"coranique","Producteurs","M","26 - 55","31 - 50","26 - 55","18 - 30","uuid:a6585630-6dba-4c60-9eef-3e68270468c3","uuid:66ba7663-3912-44ee-9787-f552cc8f3935",3,1,1,0.115384,600,5200.02773348125,0,2,1,"none","little","none","moderate","none","moderate",1,1,1,"Crop farming only",7,1,0,0,0,7,1,0,1,1,0,1,1,0,0,4,0.695132798930907,2.59281945041989e-05,0.276221064086592,0.0238715452714838,"Moderately Food Insecure"
"136","F",41,"coranique","Producteurs","M","26 - 55","31 - 50","26 - 55","31 - 50","uuid:40afa01a-42f8-4a01-a34e-0e21b06a931a","uuid:e7d86e02-df64-4b58-8e49-91b51e5e8af8",3,1,NA,1,250,250,0,3,1,"none","none","none","equal","none","none",1,1,1,"Crop farming only",7,1,1,1,0,11,1,0,1,1,0,0,0,0,0,2,0.0932852837366366,5.37366418029706e-09,0.276221064086592,0.0238715452714838,"Mildly Food Insecure"
"117","M",35,"coranique","Producteurs","M","26 - 55","31 - 50","26 - 55","18 - 30","uuid:87e6c63c-a755-41ee-b800-0c21f1d4483a","uuid:43745a40-fabb-4b1c-84fc-de6f2298272a",3,1,1,1,800,800,0,0,0,"none","none","none","little","little","moderate",1,1,1,"Crop farming only",7,1,1,0,0,4,0,1,1,1,0,1,1,1,1,7,0.998120533323179,0.356687404917374,0.276221064086592,0.0238715452714838,"Severely Food Insecure"
"125","M",40,"postsecondary","Producteurs","M","26 - 55","31 - 50","26 - 55","18 - 30","uuid:2237ca7b-c20d-4447-aad2-d9b03e11211a","uuid:5ba6563c-7976-4554-8cf0-4353815c1148",3,1,NA,3,3000,1000,0,3,1,"none","none","none","moderate","little","moderate",1,1,1,"Crop farming only",7,1,0,0,0,10,1,0,1,1,0,1,0,0,0,3,0.337569344275583,2.75628626811297e-07,0.276221064086592,0.0238715452714838,"Moderately Food Insecure"
"112","M",31,"coranique","Producteurs","M","26 - 55","18 - 30",NA,NA,"uuid:0d5129a1-baa8-4215-882b-f169ea796559","uuid:21ce3834-9ae6-40dc-b067-4967a78677d8",3,1,NA,2,2000,1000,0,2,1,"none","little","none","equal","little","moderate",1,1,1,"Crop farming only",7,1,1,0,0,9,1,0,1,1,0,0,0,0,0,2,0.0932852837366366,5.37366418029706e-09,0.276221064086592,0.0238715452714838,"Mildly Food Insecure"
"90","M",74,"coranique","Producteurs","M","55+","51+","26 - 55","31 - 50","uuid:ff83f9f6-b02e-41f1-b788-1eceb49d06c7","uuid:df04b808-e2f7-4589-b30c-31eb5e5c7027",3,1,1,1,1000,1000,0,3,1,"little","little","moderate","moderate","little","moderate",1,1,1,"Crop farming only",7,1,0,0,1,12,1,0,1,1,0,0,0,0,0,2,0.0932852837366366,5.37366418029706e-09,0.276221064086592,0.0238715452714838,"Mildly Food Insecure"
"47","F",35,"coranique","Producteurs","M","26 - 55","31 - 50","26 - 55","31 - 50","uuid:8a947650-1009-400b-9cfd-54e3b482f5d4","uuid:298b201f-4778-440b-93bc-480065bcfb93",4,4,0.621890701962861,4.019999,1475,366.915514158088,0.465699238782973,4,1,"none","none","moderate","equal","moderate","moderate",1,0.5,1,"Crop farming only",6,0,0,0,1,3,0,0,1,1,0,0,0,0,0,2,0.0932852837366366,5.37366418029706e-09,0.276221064086592,0.0238715452714838,"Mildly Food Insecure"
"48","F",49,"secondary","Producteurs","F","26 - 55","31 - 50","26 - 55","31 - 50","uuid:913d3783-d1ca-484f-868a-2db3e7863755","uuid:521e1ec4-2ab8-452c-9038-518e66ca7d14",4,1,1,1.5,400,266.666666666667,0,0,0,"equal","no_reponse","little","equal","moderate","equal",1,0.833333333333333,1,"Crop farming only",5,0,0,0,0,5,1,1,0,1,1,1,1,1,1,7,0.998120533323179,0.356687404917374,0.276221064086592,0.0238715452714838,"Severely Food Insecure"
"460","M",58,"No_school","Consommateurs","M","55+","51+","26 - 55","51+","uuid:221cf057-51b2-4662-89ce-ea3aab91bc71","uuid:9edf0e3a-35b0-4839-b6d7-6069a53dfe13",0,NA,NA,NA,NA,NA,NA,0,NA,"none","none","none","no_reponse","moderate","moderate",0,0.333333333333333,0,"Income sources unreported",6,0,0,0,0,3,0,1,0,1,1,1,1,1,0,6,0.988189553227647,0.0413850653165367,0.276221064086592,0.0238715452714838,"Moderately Food Insecure"
"462","M",57,"coranique","Consommateurs","M","55+","51+","26 - 55","31 - 50","uuid:b4c9321a-dfc1-46fa-b0e7-8781d90b178f","uuid:07f1499b-36da-446b-8d2a-e4fb90b9f255",0,NA,NA,NA,NA,NA,NA,0,NA,"none","none","none","no_reponse","no_reponse","none",1,0.166666666666667,0,"Income sources unreported",1,0,0,0,0,5,1,0,1,0,0,0,0,0,0,1,0.0207601978942691,6.35569774587452e-09,0.276221064086592,0.0238715452714838,"Mildly Food Insecure"
"46","F",46,"No_school","Producteurs","M","26 - 55","31 - 50","26 - 55","31 - 50","uuid:18bd5a41-ee0b-44da-9d64-6240ba703601","uuid:dc4322c5-f912-4554-9791-088dedef8b28",2,2,0.5,3,1750,583.333333333333,0.490075961774075,0,0,"equal","moderate","moderate","moderate","equal","moderate",1,0.428571428571429,1,"Crop farming only",6,0,0,0,1,8,1,0,0,0,0,0,0,0,0,0,0,0,0.276221064086592,0.0238715452714838,"Food Secure"
"33","M",51,"primary","Producteurs","M","26 - 55","51+","26 - 55","31 - 50","uuid:9324a6e6-b810-4972-aee1-dc70af3f4e2f","uuid:788bfc16-821e-45de-8aad-b2671c0d0904",5,2,0.666666666666667,1.5,450,300,0.494926998267756,2,2,"none","none","none","moderate","none","none",1,0.166666666666667,2,"Crop farming + Off-farm sources",6,0,1,1,0,5,1,0,0,0,0,0,0,0,0,0,0,0,0.276221064086592,0.0238715452714838,"Food Secure"
"151","F",54,"coranique","Transformateurs","M","26 - 55","51+","26 - 55","51+","uuid:cc05c495-e597-43fa-a96c-4ae7ca1041a0","uuid:cb2248dc-f6c5-44ee-9ca6-26cbee516b4b",7,2,NA,0.01375,450,32727.2727272727,0.44543429844098,1,1,"moderate","moderate","moderate","equal","moderate","equal",1,1,2,"Crop farming + Off-farm sources",7,1,0,0,1,12,1,0,0,0,0,0,0,0,0,0,0,0,0.276221064086592,0.0238715452714838,"Food Secure"
"302","F",59,"secondary","Commerçants","M","55+","51+","55+","51+","uuid:7e040a08-0f78-48ff-a295-d9c192bc1ed5","uuid:59f61f33-faba-4bb2-936a-ca9307e81979",12,3,NA,0.026166,830,31720.5533898953,0.505762495094976,2,1,"moderate","equal","moderate","equal","moderate","equal",1,1,2,"Crop farming + Off-farm sources",7,1,1,0,1,12,1,0,0,0,0,0,0,0,0,0,0,0,0.276221064086592,0.0238715452714838,"Food Secure"
"156","M",23,"postsecondary","Transformateurs","M","18 - 25","18 - 30","26 - 55","31 - 50","uuid:6bdc2802-60b5-4254-b2c7-9fa1f95cc145","uuid:804d4e9c-3ee0-471f-9acd-d51c8cf6deac",19,4,NA,0.138332,2900,20964.0574848914,0.644693176005995,3,2,"little","none","none","equal","moderate","moderate",1,1,2,"Crop farming + Off-farm sources",7,1,1,1,1,12,1,0,0,0,0,0,0,0,0,0,0,0,0.276221064086592,0.0238715452714838,"Food Secure"
"165","M",21,"postsecondary","Transformateurs","M","18 - 25","18 - 30","18 - 25","18 - 30","uuid:07b20aed-87ea-4150-9f3b-80ee0601f271","uuid:68abce76-9560-4af9-9a5c-3051fdbbdff7",4,2,NA,0.0175,350,20000,0,3,2,"moderate","little","none","little","moderate","little",1,1,2,"Crop farming + Off-farm sources",7,1,1,0,0,12,1,0,0,0,0,0,0,0,0,0,0,0,0.276221064086592,0.0238715452714838,"Food Secure"
"VJNRD6","F",30,"postsecondary","Transformateurs","M","26 - 55","18 - 30","26 - 55","18 - 30","uuid:b0106fd8-1649-4d69-81e6-b2ed97a18bf7","uuid:0dc3b444-20a6-4267-a0cb-c2f691178c20",0,NA,NA,NA,NA,NA,NA,0,NA,"moderate","equal","equal","equal","moderate","moderate",1,1,0,"Income sources unreported",7,1,0,0,0,12,1,0,0,0,0,0,0,0,0,0,0,0,0.276221064086592,0.0238715452714838,"Food Secure"
"ZFV14D","F",35,"postsecondary","Transformateurs","M","26 - 55","31 - 50","26 - 55","31 - 50","uuid:28a41229-94d9-4fd8-b4d0-608c38cec3c4","uuid:5acf9b01-b241-4a56-9199-cddd621b647b",2,1,NA,0,0,NA,NA,0,0,"little","moderate","moderate","equal","moderate","equal",1,1,2,"Crop farming + Off-farm sources",7,1,0,0,1,12,1,0,0,1,0,0,0,0,0,1,0.0207601978942691,6.35569774587452e-09,0.276221064086592,0.0238715452714838,"Mildly Food Insecure"
"155","M",51,"postsecondary","Transformateurs","M","26 - 55","51+","26 - 55","31 - 50","uuid:908f0dbf-fb6f-45f9-84f7-d326741dcd9a","uuid:9b8ef7b0-48b2-408f-b90f-6c3b9fb9f053",0,NA,NA,NA,NA,NA,NA,0,NA,"equal","little","moderate","equal","moderate","little",1,1,0,"Income sources unreported",7,1,0,0,0,12,1,0,1,1,0,0,0,0,0,2,0.0932852837366366,5.37366418029706e-09,0.276221064086592,0.0238715452714838,"Mildly Food Insecure"
"154","F",46,"postsecondary","Transformateurs","M","26 - 55","31 - 50","26 - 55","31 - 50","uuid:939d3653-8390-4be5-9e36-209cb9ebedd0","uuid:1ae73920-b0c0-4cd5-bd32-916e0e74baec",0,NA,NA,NA,NA,NA,NA,0,NA,"little","little","equal","equal","moderate","equal",1,0.666666666666667,0,"Income sources unreported",7,1,0,0,0,12,1,1,1,0,0,0,0,0,0,2,0.0932852837366366,5.37366418029706e-09,0.276221064086592,0.0238715452714838,"Mildly Food Insecure"
"210","M",42,"primary","Transformateurs","M","26 - 55","31 - 50","26 - 55","31 - 50","uuid:4adc4f2c-cab6-466e-ad6a-5a8c9e22c44c","uuid:63c20918-777e-4887-a4ca-419a22f1064a",0,NA,NA,NA,NA,NA,NA,0,NA,"none","little","none","little","little","little",1,0.75,0,"Income sources unreported",7,1,1,1,1,6,1,1,1,0,0,0,0,0,0,2,0.0932852837366366,5.37366418029706e-09,0.276221064086592,0.0238715452714838,"Mildly Food Insecure"
"209","F",45,"primary","Transformateurs","M","26 - 55","31 - 50","26 - 55","31 - 50","uuid:b1e91f03-eabe-41de-a5c6-bf294525f504","uuid:b21c957f-3be2-469f-a2df-f3f1efc9afb4",0,NA,NA,NA,NA,NA,NA,0,NA,"none","none","none","little","little","little",1,0.714285714285714,0,"Income sources unreported",7,1,1,1,1,5,1,0,0,1,0,0,0,0,0,1,0.0207601978942691,6.35569774587452e-09,0.276221064086592,0.0238715452714838,"Mildly Food Insecure"
"208","F",36,"primary","Transformateurs","M","26 - 55","31 - 50","26 - 55","31 - 50","uuid:132a0211-a8f0-4ec3-bc38-d906e7892c2a","uuid:ad9c0687-d392-423c-84f4-3da3aa6d3805",0,NA,NA,NA,NA,NA,NA,0,NA,"none","none","none","little","little","little",1,0.714285714285714,0,"Income sources unreported",7,1,1,1,1,5,1,1,1,1,0,1,1,1,0,6,0.988189553227647,0.0413850653165367,0.276221064086592,0.0238715452714838,"Moderately Food Insecure"
"8DDON6","F",36,"secondary","Transformateurs","M","26 - 55","31 - 50","26 - 55","31 - 50","uuid:60abd11a-6d10-41a7-aca7-fe09070f328d","uuid:5400cad4-db10-475d-9601-cbe3f0604ed6",0,NA,NA,NA,NA,NA,NA,0,NA,"little","none","none","little","none","little",1,0.571428571428571,0,"Income sources unreported",7,1,1,1,1,6,1,0,0,1,0,0,0,0,0,1,0.0207601978942691,6.35569774587452e-09,0.276221064086592,0.0238715452714838,"Mildly Food Insecure"
"OT4LXN","F",55,"secondary","Consommateurs","F","26 - 55","51+","26 - 55","51+","uuid:14745672-58d6-41ca-8525-eef2f2a19303","uuid:8bfc909b-4dae-4226-98c6-0fad4440ee9e",0,NA,NA,NA,NA,NA,NA,0,NA,"more_than","more_than","more_than","equal","more_than","more_than",1,0.5,0,"Income sources unreported",1,0,1,1,0,1,0,1,1,1,1,1,1,1,0,7,0.998120533323179,0.356687404917374,0.276221064086592,0.0238715452714838,"Moderately Food Insecure"
"BCJCXL","F",50,"coranique","Calebasses","M","26 - 55","31 - 50","26 - 55","31 - 50","uuid:2ab2e190-3fb7-4581-8599-c1d658f8220f","uuid:105f3f5c-84f3-43b8-bcfa-9f22d3091db9",0,NA,NA,NA,NA,NA,NA,0,NA,"little","none","little","equal","moderate","moderate",1,0.333333333333333,0,"Income sources unreported",7,1,0,0,1,6,1,0,0,1,0,0,0,0,0,1,0.0207601978942691,6.35569774587452e-09,0.276221064086592,0.0238715452714838,"Mildly Food Insecure"
"623","F",50,"coranique","Calebasses","F","26 - 55","31 - 50","26 - 55","31 - 50","uuid:ad383e55-aca0-4630-b48a-ce7de1a93dc2","uuid:fd2413d6-71a7-4b73-b989-b5cb1479c418",3,1,1,1,250,250,0,0,0,"more_than","more_than","more_than","equal","no_reponse","more_than",1,0.875,1,"Crop farming only",5,0,0,0,0,0,0,1,1,1,1,1,1,1,0,7,0.998120533323179,0.356687404917374,0.276221064086592,0.0238715452714838,"Moderately Food Insecure"
"625","F",50,"coranique","Calebasses","M","26 - 55","31 - 50","26 - 55","31 - 50","uuid:e191edc0-a4af-459c-a6ff-bfd4d37738cb","uuid:044e0480-2198-4a70-9140-992fd03c6881",4,2,0.666666666666667,3,4500,1500,0.345755846978341,4,1,"little","little","moderate","equal","moderate","moderate",1,0.375,2,"Crop farming + Off-farm sources",6,0,1,0,0,7,1,0,0,1,0,0,0,0,0,1,0.0207601978942691,6.35569774587452e-09,0.276221064086592,0.0238715452714838,"Mildly Food Insecure"
"233","F",40,"coranique","Transformateurs","F","26 - 55","31 - 50","26 - 55","31 - 50","uuid:2dd13524-4c66-4438-aa11-4e842ab31097","uuid:697b1b31-c051-44fb-9635-ae7ab5dc147b",0,NA,NA,NA,NA,NA,NA,0,NA,"no_reponse","more_than","no_reponse","no_reponse","no_reponse","no_reponse",1,0.833333333333333,0,"Income sources unreported",1,0,1,1,0,2,0,1,1,1,1,0,1,1,0,6,0.988189553227647,0.0413850653165367,0.276221064086592,0.0238715452714838,"Moderately Food Insecure"
"152","F",48,"postsecondary","Transformateurs","M","26 - 55","31 - 50","26 - 55","31 - 50","uuid:2d5d5f07-3568-43fc-8728-c21af320de25","uuid:9812c306-53bf-4c0e-86ff-5df81a9e5306",0,NA,NA,NA,NA,NA,NA,0,NA,"little","moderate","moderate","equal","moderate","moderate",1,0.8,0,"Income sources unreported",7,1,0,0,0,9,1,0,0,0,0,0,0,0,0,0,0,0,0.276221064086592,0.0238715452714838,"Food Secure"
"303","F",59,"postsecondary","Commerçants","M","55+","51+","55+","51+","uuid:885b9f24-b4c2-4869-b503-81152a9fc54c","uuid:ccc830ce-7b9c-4383-b4db-3cbfdfcfee6b",0,NA,NA,NA,NA,NA,NA,0,NA,"equal","equal","equal","moderate","little","moderate",1,0.857142857142857,0,"Income sources unreported",6,0,0,0,1,10,1,1,1,0,0,0,0,0,0,2,0.0932852837366366,5.37366418029706e-09,0.276221064086592,0.0238715452714838,"Mildly Food Insecure"
"624","F",32,"primary","Calebasses","M","26 - 55","31 - 50","26 - 55","31 - 50","uuid:f688f5cc-e4a7-4a86-967f-e68fd2f34b61","uuid:63c69569-d4e0-4651-9e10-1a3cfb7c9e92",2,1,1,3,750,250,0,4,2,"none","none","moderate","equal","moderate","moderate",1,0.5,2,"Crop farming + Off-farm sources",5,0,1,1,1,7,1,0,0,1,0,0,0,0,0,1,0.0207601978942691,6.35569774587452e-09,0.276221064086592,0.0238715452714838,"Mildly Food Insecure"
"620","F",60,"coranique","Calebasses","F","55+","51+","55+","51+","uuid:30852675-d633-46a2-89e7-4d2a643763fa","uuid:3e262a56-6b65-4e0d-8a62-ca08dfd322ef",2,1,1,1,250,250,0,2,1,"no_reponse","more_than","more_than","moderate","no_reponse","more_than",1,0.666666666666667,2,"Crop farming + Off-farm sources",5,0,1,1,0,1,0,1,0,1,0,1,1,1,0,5,0.922388641318079,0.00153586489675683,0.276221064086592,0.0238715452714838,"Moderately Food Insecure"
"2HEMFQ","F",32,"primary","Calebasses","M","26 - 55","31 - 50","26 - 55","31 - 50","uuid:083ede75-0526-477b-ab10-0ef8f72589f0","uuid:6253762e-d54a-412c-a29d-c62455d2fb95",0,NA,NA,NA,NA,NA,NA,0,NA,"no_reponse","no_reponse","moderate","equal","moderate","moderate",1,0.9,0,"Income sources unreported",7,1,1,0,0,7,1,0,0,0,0,0,0,0,0,0,0,0,0.276221064086592,0.0238715452714838,"Food Secure"
"235","F",30,"secondary","Transformateurs","M","26 - 55","18 - 30","26 - 55","18 - 30","uuid:33e2a6fa-7908-454c-bb7b-eee9ef6f471a","uuid:ac6881f7-b114-4d03-b968-cb7d04c237ef",2,2,0.6,5,700,140,0.490496627835684,3,1,"none","none","none","moderate","moderate","moderate",1,0.428571428571429,2,"Crop farming + Off-farm sources",5,0,1,0,1,6,1,0,1,1,0,0,0,0,0,2,0.0932852837366366,5.37366418029706e-09,0.276221064086592,0.0238715452714838,"Mildly Food Insecure"
"236","F",40,"coranique","Transformateurs","M","26 - 55","31 - 50","26 - 55","31 - 50","uuid:ce8840b9-be6c-4f4b-94c3-354ba9f10b68","uuid:f835dfa6-4cb9-4f8b-8060-635b23197baf",0,NA,NA,NA,NA,NA,NA,0,NA,"no_reponse","no_reponse","none","no_reponse","moderate","moderate",0,0.25,0,"Income sources unreported",1,0,1,1,0,1,0,1,1,1,1,1,1,1,0,7,0.998120533323179,0.356687404917374,0.276221064086592,0.0238715452714838,"Moderately Food Insecure"
"6NZAK9","F",45,"coranique","Consommateurs","M","26 - 55","31 - 50","26 - 55","31 - 50","uuid:feb8a2a6-c17b-4511-b738-2468377524cd","uuid:d28ed92a-3d07-4263-9abc-e5b52b08e078",2,1,1,1,700,700,0,5,2,"little","none","little","moderate","moderate","moderate",1,0.571428571428571,1,"Crop farming only",6,0,0,0,0,6,1,0,1,1,0,1,0,0,0,3,0.337569344275583,2.75628626811297e-07,0.276221064086592,0.0238715452714838,"Moderately Food Insecure"
"NSDK6D","F",50,"coranique","Consommateurs","M","26 - 55","31 - 50","26 - 55","31 - 50","uuid:dc8d86b4-631f-4ce1-8f18-320f8027174e","uuid:6f0835ff-ca64-4cae-83d5-ce2fc0dd4f02",0,NA,NA,NA,NA,NA,NA,0,NA,"little","none","little","moderate","moderate","moderate",1,0.25,0,"Income sources unreported",6,0,1,1,1,7,1,0,0,0,0,0,0,0,0,0,0,0,0.276221064086592,0.0238715452714838,"Food Secure"
"246","F",23,"coranique","Transformateurs","F","18 - 25","18 - 30","18 - 25","18 - 30","uuid:5d0743e7-1d7d-45bf-8b2f-efb51cfa5fd3","uuid:c3d7f317-3da5-4b6e-a8f2-ea41252fada0",5,2,0.4,2.5,2500,1000,0.480192076830732,5,2,"little","none","little","moderate","moderate","moderate",1,0.25,1,"Crop farming only",6,0,1,0,1,8,1,0,0,1,0,1,0,0,0,2,0.0932852837366366,5.37366418029706e-09,0.276221064086592,0.0238715452714838,"Moderately Food Insecure"
"250","F",30,"coranique","Transformateurs","M","26 - 55","18 - 30","26 - 55","18 - 30","uuid:779f6443-260a-4d32-9697-f1260f5a2ad8","uuid:3a320e67-9159-49a0-983f-fa40af6e0019",2,1,1,2,700,350,0,3,1,"none","none","none","moderate","moderate","moderate",1,0.5,1,"Crop farming only",6,0,1,0,0,5,1,1,0,0,0,1,1,1,0,4,0.695132798930907,2.59281945041989e-05,0.276221064086592,0.0238715452714838,"Moderately Food Insecure"
"602","M",46,"primary","Calebasses","M","26 - 55","31 - 50","18 - 25","18 - 30","uuid:64fff025-2391-4548-9526-54ccae0c7045","uuid:db3e0f9e-c5e5-42b1-9415-362f5e7c9235",1,1,NA,1,200,200,0,1,1,"none","none","moderate","equal","moderate","moderate",1,0.666666666666667,2,"Crop farming + Off-farm sources",6,0,0,0,0,4,0,1,1,1,0,1,1,1,0,6,0.988189553227647,0.0413850653165367,0.276221064086592,0.0238715452714838,"Moderately Food Insecure"
"571","F",35,"secondary","Calebasses","M","26 - 55","31 - 50","26 - 55","31 - 50","uuid:62f07428-0895-4fbc-8c8c-cb4d4f7f969c","uuid:73a9b503-f6f6-47a8-bda1-554b6aca39b5",0,NA,NA,NA,NA,NA,NA,0,NA,"none","none","none","little","little","little",1,0.5,0,"Income sources unreported",5,0,1,1,1,5,1,1,1,1,1,1,1,1,0,7,0.998120533323179,0.356687404917374,0.276221064086592,0.0238715452714838,"Moderately Food Insecure"
"573","F",54,"secondary","Calebasses","M","26 - 55","51+","26 - 55","51+","uuid:c5dc678c-eab5-49a2-8ce8-5ffaf518a174","uuid:bb39607e-ff98-470b-b598-4162f2985b75",0,NA,NA,NA,NA,NA,NA,0,NA,"none","none","none","little","little","little",1,0.4,0,"Income sources unreported",7,1,1,1,1,6,1,1,1,1,0,1,1,1,0,6,0.988189553227647,0.0413850653165367,0.276221064086592,0.0238715452714838,"Moderately Food Insecure"
"572","F",42,"No_school","Calebasses","M","26 - 55","31 - 50","26 - 55","31 - 50","uuid:f770f38f-bb2a-4f42-96d5-c9647664e288","uuid:6472f88c-bf93-4c45-8a78-9e721f3c5f64",0,NA,NA,NA,NA,NA,NA,0,NA,"none","none","little","little","little","moderate",0,NA,0,"Income sources unreported",7,1,1,1,0,6,1,0,0,0,1,0,0,1,1,3,0.337569344275583,2.75628626811297e-07,0.276221064086592,0.0238715452714838,"Severely Food Insecure"
"213","F",66,"postsecondary","Transformateurs","M","55+","51+","55+","51+","uuid:914021ac-c2a0-4c0c-bc6e-eb072fd9b871","uuid:df944f19-28a7-4eec-8fb8-279dd13420d4",0,NA,NA,NA,NA,NA,NA,0,NA,"little","none","little","moderate","little","little",1,0.5,0,"Income sources unreported",7,1,1,1,1,10,1,0,0,0,0,0,0,0,0,0,0,0,0.276221064086592,0.0238715452714838,"Food Secure"
"212","F",40,"postsecondary","Transformateurs","M","26 - 55","31 - 50","26 - 55","31 - 50","uuid:334d864e-d187-423e-8dcb-018aec83854f","uuid:bc8e9f6a-18f4-41f5-9024-e537d8df0865",0,NA,NA,NA,NA,NA,NA,0,NA,"little","none","none","little","little","little",1,0.666666666666667,0,"Income sources unreported",7,1,1,1,0,6,1,0,0,0,0,0,0,0,0,0,0,0,0.276221064086592,0.0238715452714838,"Food Secure"
"501","F",20,"coranique","Calebasses","F","18 - 25","18 - 30","18 - 25","18 - 30","uuid:7da57c3e-3951-4e9b-ab9a-cc134cbc422f","uuid:eb538b3f-25af-4c8d-a47f-3fcf5acb47c6",0,NA,NA,NA,NA,NA,NA,0,NA,"little","none","moderate","equal","moderate","moderate",1,1,0,"Income sources unreported",3,0,0,0,0,6,1,1,1,1,1,1,1,1,1,8,0.999226411662059,0.643822905735218,0.276221064086592,0.0238715452714838,"Severely Food Insecure"
"511","F",42,"coranique","Calebasses","F","26 - 55","31 - 50","26 - 55","31 - 50","uuid:938c2904-1b59-4c47-a072-804b292b71fe","uuid:8777989d-73a7-41d5-8791-69c823c811f8",3,1,1,2,5000,2500,0,0,0,"moderate","equal","equal","equal","moderate","equal",1,1,1,"Crop farming only",7,1,1,1,0,12,1,0,0,0,0,0,0,0,0,0,0,0,0.276221064086592,0.0238715452714838,"Food Secure"
"502","F",27,"coranique","Calebasses","F","26 - 55","18 - 30","26 - 55","18 - 30","uuid:cd46aeea-da5e-4b3c-b0d1-ca62460f527a","uuid:1b860fa7-42fd-4464-9bf1-037082c22334",0,NA,NA,NA,NA,NA,NA,0,NA,"little","moderate","moderate","equal","moderate","moderate",1,1,0,"Income sources unreported",5,0,1,1,0,5,1,1,1,1,0,0,0,0,0,3,0.337569344275583,2.75628626811297e-07,0.276221064086592,0.0238715452714838,"Mildly Food Insecure"
"508","F",25,"coranique","Calebasses","M","18 - 25","18 - 30","18 - 25","18 - 30","uuid:fb508533-2bbc-4302-bf9e-2504bc86f14e","uuid:1553d159-2215-46cf-a36f-0afa30d0c911",0,NA,NA,NA,NA,NA,NA,0,NA,"little","none","moderate","equal","moderate","moderate",1,1,0,"Income sources unreported",7,1,1,0,0,6,1,1,1,1,1,1,1,1,1,8,0.999226411662059,0.643822905735218,0.276221064086592,0.0238715452714838,"Severely Food Insecure"
"78","M",30,"coranique","Producteurs","M","26 - 55","18 - 30","26 - 55","18 - 30","uuid:a0ed3753-af4c-4066-8a3b-63143fc903d3","uuid:39736577-1027-4c93-b528-0a61da5717ba",3,1,NA,2,3000,1500,0,3,1,"little","moderate","moderate","moderate","moderate","moderate",1,1,2,"Crop farming + Off-farm sources",7,1,1,1,1,10,1,0,0,0,0,0,0,0,0,0,0,0,0.276221064086592,0.0238715452714838,"Food Secure"
"506","F",20,"coranique","Calebasses","M","18 - 25","18 - 30","18 - 25","18 - 30","uuid:da809f78-9003-4971-ba09-36b34770fb0d","uuid:7c462752-fd73-40e1-bd56-aa5a3a47a2b1",2,1,1,4,350,87.5,0,2,2,"none","none","none","none","none","moderate",1,0.4,1,"Crop farming only",6,0,0,0,0,6,1,1,0,1,0,1,1,0,0,4,0.695132798930907,2.59281945041989e-05,0.276221064086592,0.0238715452714838,"Moderately Food Insecure"
"504","F",80,"coranique","Calebasses","F","55+","51+","55+","51+","uuid:cded225a-c979-4646-b6d3-4e804e3bf0ee","uuid:3ec8371d-363d-4c42-8ac6-68ae0aa5656f",4,1,NA,2,3000,1500,0,0,0,"moderate","more_than","little","moderate","moderate","more_than",1,1,1,"Crop farming only",3,0,0,0,0,6,1,1,1,1,0,1,1,0,1,6,0.988189553227647,0.0413850653165367,0.276221064086592,0.0238715452714838,"Severely Food Insecure"
"505","F",54,"coranique","Calebasses","M","26 - 55","51+","26 - 55","51+","uuid:ae619372-09d9-484d-8b6d-30c3bfec4eb1","uuid:fedcecb7-871a-4934-be32-e591280dc6e5",1,1,NA,0,0,NA,NA,1,1,"no_reponse","no_reponse","moderate","moderate","little","moderate",1,0.4,2,"Crop farming + Off-farm sources",4,0,1,1,1,7,1,1,1,1,0,1,1,0,0,5,0.922388641318079,0.00153586489675683,0.276221064086592,0.0238715452714838,"Moderately Food Insecure"
"77","M",60,"coranique","Producteurs","M","55+","51+","26 - 55","31 - 50","uuid:69eec3ee-5ea9-43f3-805b-b81f8aad955c","uuid:eb68ce91-5253-4caa-bac5-84d0a7dc10b3",7,4,0.545454545454545,11,9200,836.363636363636,0.625067942167627,2,2,"little","none","none","moderate","none","little",1,0.285714285714286,1,"Crop farming only",7,1,0,0,0,8,1,0,0,1,0,0,0,0,0,1,0.0207601978942691,6.35569774587452e-09,0.276221064086592,0.0238715452714838,"Mildly Food Insecure"
"79","M",35,"coranique","Producteurs","M","26 - 55","31 - 50","26 - 55","31 - 50","uuid:c3ffd06a-af75-489a-8bb0-f24d08ae8261","uuid:d5104e2b-bd68-40ce-a92e-78dc18eb7d94",3,2,0.5,20,4000,200,0.500125031257814,3,1,"little","moderate","moderate","moderate","little","moderate",0,NA,1,"Crop farming only",7,1,1,0,0,0,0,0,1,1,0,1,0,0,0,3,0.337569344275583,2.75628626811297e-07,0.276221064086592,0.0238715452714838,"Moderately Food Insecure"
"503","F",23,"coranique","Calebasses","M","18 - 25","18 - 30","18 - 25","18 - 30","uuid:364d2e96-da73-4789-8547-89b25cf46f5b","uuid:3eb0bd4f-2361-469f-8f1b-1cf519a51471",0,NA,NA,NA,NA,NA,NA,0,NA,"little","moderate","moderate","moderate","little","moderate",1,1,0,"Income sources unreported",7,1,1,0,0,11,1,1,1,1,0,0,1,1,0,5,0.922388641318079,0.00153586489675683,0.276221064086592,0.0238715452714838,"Moderately Food Insecure"
"84","F",45,"coranique","Producteurs","M","26 - 55","31 - 50","26 - 55","31 - 50","uuid:59d81a4b-5280-4558-9b41-c13bc083f312","uuid:421b17e6-8d12-4181-bfdb-d872293535d0",0,0,NA,NA,NA,NA,NA,2,2,"equal","little","little","equal","little","moderate",1,1,0,"Income sources unreported",7,1,1,0,0,4,0,1,1,1,0,1,0,0,0,4,0.695132798930907,2.59281945041989e-05,0.276221064086592,0.0238715452714838,"Moderately Food Insecure"
"507","F",30,"postsecondary","Calebasses","M","26 - 55","18 - 30","26 - 55","18 - 30","uuid:d9e95763-ddae-48ac-af29-ace3d19b05d3","uuid:ee9569c4-5bcd-4e41-b3e4-0c2a4407d487",0,NA,NA,NA,NA,NA,NA,0,NA,"none","none","none","moderate","none","moderate",1,1,0,"Income sources unreported",7,1,1,1,0,2,0,1,1,1,1,1,1,1,1,8,0.999226411662059,0.643822905735218,0.276221064086592,0.0238715452714838,"Severely Food Insecure"
"509","F",30,"secondary","Calebasses","M","26 - 55","18 - 30","26 - 55","18 - 30","uuid:57c6aabb-a0c4-48ec-a64e-1ad071ae043b","uuid:59b9f326-aeec-47fb-8124-72e15db2ffec",4,2,1,2,2700,1350,0.384230098939251,3,1,"little","moderate","moderate","moderate","none","moderate",1,0.222222222222222,2,"Crop farming + Off-farm sources",6,0,0,0,1,12,1,0,0,0,0,1,0,0,0,1,0.0207601978942691,6.35569774587452e-09,0.276221064086592,0.0238715452714838,"Moderately Food Insecure"
"28","F",69,"No_school","Producteurs","F","55+","51+","55+","51+","uuid:d080c813-fa1f-4156-a9e5-225c1ddee891","uuid:9255fb3a-e685-455b-ad5a-f60f7881f06a",4,4,0.434153652187353,2.303332,1014,440.231803317976,0.494634835890816,2,2,"moderate","equal","little","equal","moderate","equal",1,0.714285714285714,1,"Crop farming only",6,0,0,0,0,1,0,1,1,1,0,1,1,0,0,5,0.922388641318079,0.00153586489675683,0.276221064086592,0.0238715452714838,"Moderately Food Insecure"
"30","F",49,"No_school","Producteurs","M","26 - 55","31 - 50","26 - 55","31 - 50","uuid:7785acee-cf3d-4f1e-ae86-59d9c586589d","uuid:2c3395f6-8b50-43a8-9724-6cfb409d85c8",6,2,0.5,2,800,400,0.469336670838548,1,1,"none","none","none","moderate","moderate","little",0,0.25,1,"Crop farming only",6,0,1,1,0,1,0,1,1,1,0,1,0,0,0,4,0.695132798930907,2.59281945041989e-05,0.276221064086592,0.0238715452714838,"Moderately Food Insecure"
"29","F",25,"secondary","Producteurs","M","18 - 25","18 - 30","18 - 25","18 - 30","uuid:dc32ada9-43b6-4ab8-af0e-c25bc0e5fd37","uuid:e9f72e4e-72c5-4199-9924-fda534e03a2b",3,2,0.666666666666667,1.5,1000,666.666666666667,0.42042042042042,4,1,"none","none","none","moderate","little","little",1,0.5,1,"Crop farming only",6,0,1,1,0,4,0,0,0,1,0,1,1,0,0,3,0.337569344275583,2.75628626811297e-07,0.276221064086592,0.0238715452714838,"Moderately Food Insecure"
"26","F",42,"No_school","Producteurs","M","26 - 55","31 - 50","26 - 55","31 - 50","uuid:15f482e1-eed7-46c8-aa71-21ea02183452","uuid:05b2dae2-0a35-4167-aba0-bb3d3ba1cde4",2,2,0.333333333333333,1.5,700,466.666666666667,0.490496627835684,0,0,"none","none","none","little","moderate","none",1,0.285714285714286,1,"Crop farming only",6,0,0,0,0,2,0,0,1,1,0,1,0,0,0,3,0.337569344275583,2.75628626811297e-07,0.276221064086592,0.0238715452714838,"Moderately Food Insecure"
"25","F",45,"No_school","Producteurs","M","26 - 55","31 - 50","26 - 55","31 - 50","uuid:575a7c57-4226-4e05-9f9f-2a30eb88be16","uuid:caedc51d-4eaf-4ff9-83a6-9bd44f800a2c",2,1,1,2,1000,500,0,3,2,"none","none","none","moderate","little","moderate",1,0.375,1,"Crop farming only",6,0,0,0,1,9,1,0,0,0,0,0,0,0,0,0,0,0,0.276221064086592,0.0238715452714838,"Food Secure"
"42","F",54,"No_school","Producteurs","M","26 - 55","51+","26 - 55","18 - 30","uuid:c867156a-a4ef-424e-8067-580b27296e2d","uuid:9ae29fb1-f0d1-4ea1-be23-cf1dffb1ba8e",4,4,0.499833555426043,2.000666,2060,1029.65712417765,0.528345836653668,3,1,"little","little","little","little","little","little",1,0.875,1,"Crop farming only",7,1,0,0,1,6,1,1,NA,1,0,0,0,0,0,2,0.0932852837366366,5.37366418029706e-09,0.276221064086592,0.0238715452714838,"Mildly Food Insecure"
"TD3AZE","F",45,"coranique","Consommateurs","M","26 - 55","31 - 50","26 - 55","31 - 50","uuid:176b40e3-3aec-42c3-8bb4-c92fc765451c","uuid:ed303a57-13a2-49d3-913c-d13f7461d027",2,2,0.5,2,950,475,0.465864344739615,1,1,"no_reponse","none","none","no_reponse","no_reponse","moderate",1,0.25,1,"Crop farming only",6,0,1,1,0,6,1,1,1,1,0,1,1,0,0,5,0.922388641318079,0.00153586489675683,0.276221064086592,0.0238715452714838,"Moderately Food Insecure"
"201","M",63,"coranique","Transformateurs","M","55+","51+","55+","51+","uuid:cfb5f06d-924e-416b-9ffe-ad9cf7cf292c","uuid:8c866a09-3e05-4e63-b3ff-16f8df0d48c0",8,2,0.25,2,1400,700,0.408455018891045,2,1,"little","little","little","little","little","moderate",1,0.666666666666667,1,"Crop farming only",6,0,1,1,1,7,1,0,1,0,0,0,0,0,0,1,0.0207601978942691,6.35569774587452e-09,0.276221064086592,0.0238715452714838,"Mildly Food Insecure"
"202","F",54,"No_school","Transformateurs","M","26 - 55","51+","26 - 55","51+","uuid:693891d2-6a0d-4de2-b3b7-f8ac1b223861","uuid:0108383c-ca2c-4625-a9cc-15a9f9c3e161",0,NA,NA,NA,NA,NA,NA,0,NA,"moderate","none","moderate","little","none","little",1,0.4,0,"Income sources unreported",1,0,1,1,1,4,0,1,1,1,0,1,1,1,0,6,0.988189553227647,0.0413850653165367,0.276221064086592,0.0238715452714838,"Moderately Food Insecure"
"ZKUW1I","F",35,"No_school","Transformateurs","F","26 - 55","31 - 50","55+","51+","uuid:97020b68-2ded-4895-ba4c-003d9cfb22a3","uuid:2f2c1068-b9ea-4204-9931-284bdf924bdc",0,NA,NA,NA,NA,NA,NA,0,NA,"little","little","little","little","little","little",0,NA,0,"Income sources unreported",1,0,1,1,0,4,0,1,1,1,1,1,1,1,0,7,0.998120533323179,0.356687404917374,0.276221064086592,0.0238715452714838,"Moderately Food Insecure"
"ZUWB5M","F",51,"primary","Transformateurs","M","26 - 55","51+","26 - 55","51+","uuid:48098123-ee48-4872-ba82-2cd86e20ac08","uuid:3f4fbe91-5a6f-486e-99dd-a93d50172b60",0,NA,NA,NA,NA,NA,NA,0,NA,"little","none","little","little","little","moderate",1,0.5,0,"Income sources unreported",6,0,1,1,0,9,1,0,1,1,0,0,0,0,0,2,0.0932852837366366,5.37366418029706e-09,0.276221064086592,0.0238715452714838,"Mildly Food Insecure"
"FSWX1A","M",67,"coranique","Transformateurs","M","55+","51+","26 - 55","51+","uuid:ff1d26f6-79f8-455e-811c-281f2ac56a9a","uuid:349766a9-46b1-4d80-85b4-6a00b1eb1a91",0,NA,NA,NA,NA,NA,NA,0,NA,"little","little","little","little","little","little",1,0.375,0,"Income sources unreported",7,1,1,1,1,7,1,1,1,1,1,1,1,1,1,8,0.999226411662059,0.643822905735218,0.276221064086592,0.0238715452714838,"Severely Food Insecure"
"203","F",39,"coranique","Transformateurs","M","26 - 55","31 - 50","26 - 55","31 - 50","uuid:91444178-6186-49b3-9068-56b84dea7e5c","uuid:d9655446-0716-4b53-8e78-ea91ac87c602",0,NA,NA,NA,NA,NA,NA,0,NA,"none","no_reponse","little","little","little","little",0,NA,0,"Income sources unreported",7,1,1,0,0,7,1,1,1,0,0,1,0,1,0,4,0.695132798930907,2.59281945041989e-05,0.276221064086592,0.0238715452714838,"Moderately Food Insecure"
"204","F",36,"secondary","Transformateurs","M","26 - 55","31 - 50","26 - 55","31 - 50","uuid:84c90284-7ccf-42dc-8462-390a6cb3f0a1","uuid:a2bc1f3a-5ec1-42c8-a766-50986fecd2a4",0,NA,NA,NA,NA,NA,NA,0,NA,"little","none","none","none","little","little",0,1,0,"Income sources unreported",7,1,1,1,0,5,1,1,0,1,0,1,1,1,0,5,0.922388641318079,0.00153586489675683,0.276221064086592,0.0238715452714838,"Moderately Food Insecure"
"205","F",28,"No_school","Transformateurs","M","26 - 55","18 - 30","26 - 55","18 - 30","uuid:2edbe993-3b9c-41d1-8501-767ac7ecae5e","uuid:05033e31-f167-48bb-a6bf-fa2e5a6ea4b8",0,NA,NA,NA,NA,NA,NA,0,NA,"none","little","little","little","little","little",1,0.375,0,"Income sources unreported",6,0,1,1,0,4,0,1,0,1,0,1,0,0,0,3,0.337569344275583,2.75628626811297e-07,0.276221064086592,0.0238715452714838,"Moderately Food Insecure"
"OUNFTW","F",58,"coranique","Consommateurs","M","55+","51+","55+","51+","uuid:9854aae9-d447-458a-b972-0430ba023262","uuid:0a7f7366-1843-428b-b9f3-0296dfac2b25",0,NA,NA,NA,NA,NA,NA,0,NA,"no_reponse","no_reponse","none","no_reponse","no_reponse","none",0,0.333333333333333,0,"Income sources unreported",1,0,1,1,0,6,1,1,0,1,0,1,0,0,0,3,0.337569344275583,2.75628626811297e-07,0.276221064086592,0.0238715452714838,"Moderately Food Insecure"
"MZDDBG","F",59,"coranique","Consommateurs","M","55+","51+","55+","51+","uuid:ae00d902-097c-42e0-9f9f-d0c1f9970906","uuid:ff9fe900-c349-4cc4-8a3f-7ecf2e10d0f4",0,NA,NA,NA,NA,NA,NA,0,NA,"no_reponse","no_reponse","no_reponse","equal","no_reponse","none",1,0.4,0,"Income sources unreported",2,0,0,0,0,9,1,1,0,1,0,1,0,0,0,3,0.337569344275583,2.75628626811297e-07,0.276221064086592,0.0238715452714838,"Moderately Food Insecure"
"6G0M4H","F",48,"secondary","Transformateurs","F","26 - 55","31 - 50","26 - 55","31 - 50","uuid:03248e92-0977-45c0-96c1-820477f1a680","uuid:b8f072eb-5cdf-4e4b-ab96-167f1773281a",0,NA,NA,NA,NA,NA,NA,0,NA,"equal","equal","equal","equal","moderate","equal",1,1,0,"Income sources unreported",2,0,1,1,0,6,1,1,1,1,1,1,1,1,0,7,0.998120533323179,0.356687404917374,0.276221064086592,0.0238715452714838,"Moderately Food Insecure"
"A7UCS4","F",28,"primary","Transformateurs","F","26 - 55","18 - 30","26 - 55","18 - 30","uuid:16a631c0-b443-47b7-9801-0fd7402639d5","uuid:4a82b763-3d49-48f7-b51b-6e600460ef3d",0,NA,NA,NA,NA,NA,NA,0,NA,"none","none","none","none","little","moderate",1,0.5,0,"Income sources unreported",7,1,0,0,1,8,1,0,0,0,0,0,0,0,0,0,0,0,0.276221064086592,0.0238715452714838,"Food Secure"
"224","F",58,"coranique","Transformateurs","M","55+","51+","55+","51+","uuid:b34c4d21-f11e-418b-bac8-0cbc49bae2c3","uuid:1b96d3f2-2a39-4a33-8222-1cb8eaf5f2dd",0,NA,NA,NA,NA,NA,NA,0,NA,"little","little","little","moderate","little","none",1,0.75,0,"Income sources unreported",6,0,0,0,0,6,1,1,1,1,1,1,1,1,0,7,0.998120533323179,0.356687404917374,0.276221064086592,0.0238715452714838,"Moderately Food Insecure"
"218","F",17,"primary","Transformateurs","F",NA,NA,NA,NA,"uuid:4d63b690-d71d-4576-9b58-62c0dcec486a","uuid:1bac722d-b156-4bf1-8eb1-e8be9b0cf259",0,NA,NA,NA,NA,NA,NA,0,NA,"none","none","none","none","none","none",1,1,0,"Income sources unreported",7,1,0,0,0,9,1,0,0,0,0,0,0,0,0,0,0,0,0.276221064086592,0.0238715452714838,"Food Secure"
"215","F",1961,"primary","Transformateurs","F",NA,NA,"55+","51+","uuid:9788ef4c-a6a8-4a2d-96c8-35effbceec6c","uuid:bad18afd-a116-42f6-a355-68a752799ce1",2,1,NA,0.5,2500,5000,0,1,1,"equal","little","equal","equal","moderate","little",1,0.875,3,"Crop farming + Off-farm sources",7,1,1,0,0,8,1,0,0,1,0,0,0,0,0,1,0.0207601978942691,6.35569774587452e-09,0.276221064086592,0.0238715452714838,"Mildly Food Insecure"
"223","F",60,"coranique","Transformateurs","F","55+","51+","55+","51+","uuid:5f51894e-1e45-49d5-8552-bfd44fed8412","uuid:cf0d9216-bcb8-4cf4-8ff0-25a5c607937b",0,NA,NA,NA,NA,NA,NA,0,NA,"equal","equal","equal","equal","moderate","moderate",0,0.5,0,"Income sources unreported",7,1,0,0,0,7,1,0,1,0,0,1,0,0,0,2,0.0932852837366366,5.37366418029706e-09,0.276221064086592,0.0238715452714838,"Moderately Food Insecure"
"225","F",50,"No_school","Transformateurs","M","26 - 55","31 - 50","26 - 55","31 - 50","uuid:961e8783-6b98-4717-848d-f948178263a3","uuid:07ffc17d-2688-4184-97ec-3d19fcf5010f",3,2,NA,0.015333,18,1173.93856388182,0.42483660130719,5,2,"little","moderate","moderate","equal","equal","none",1,1,1,"Crop farming only",7,1,0,0,0,12,1,0,0,0,0,0,0,0,0,0,0,0,0.276221064086592,0.0238715452714838,"Food Secure"
"NZXEWU","F",65,"coranique","Transformateurs","F","55+","51+","55+","51+","uuid:a901ed48-1f23-4beb-891e-026d3b5ae2b8","uuid:6944856f-e54a-4059-86dd-d6f170b6ae24",0,NA,NA,NA,NA,NA,NA,0,NA,"moderate","more_than","equal","equal","moderate","equal",1,1,0,"Income sources unreported",7,1,0,0,1,12,1,1,1,1,0,0,0,0,0,3,0.337569344275583,2.75628626811297e-07,0.276221064086592,0.0238715452714838,"Mildly Food Insecure"
"220","F",45,"coranique","Transformateurs","F","26 - 55","31 - 50","26 - 55","31 - 50","uuid:c0d49d98-4727-4d1a-bfb6-497e0e69f815","uuid:1f966c0e-f494-4ccc-8c4c-2d78dd12a226",2,2,NA,0.417332,635,1521.57035645481,0.0310489579969696,1,1,"little","little","little","equal","moderate","little",1,1,2,"Crop farming + Off-farm sources",7,1,0,0,0,11,1,0,0,0,1,0,1,1,1,4,0.695132798930907,2.59281945041989e-05,0.276221064086592,0.0238715452714838,"Severely Food Insecure"
"219","F",25,"primary","Transformateurs","M","18 - 25","18 - 30","18 - 25","18 - 30","uuid:9998ad3e-247b-4946-a922-ded0ecb4ecbc","uuid:b5d8f565-c4a1-42e6-9729-c9631df855cd",0,NA,NA,NA,NA,NA,NA,0,NA,"moderate","little","little","little","little","none",1,1,0,"Income sources unreported",7,1,0,0,0,12,1,0,0,0,0,0,0,0,0,0,0,0,0.276221064086592,0.0238715452714838,"Food Secure"
"217","F",65,"secondary","Transformateurs","F","55+","51+","55+","51+","uuid:78eb0ac5-4a99-40e8-8c45-4512b1642920","uuid:36553a99-a94c-4dd8-9676-5611a4995271",0,NA,NA,NA,NA,NA,NA,0,NA,"none","little","none","little","moderate","equal",1,0.909090909090909,0,"Income sources unreported",7,1,1,0,1,12,1,0,0,1,0,0,0,0,0,1,0.0207601978942691,6.35569774587452e-09,0.276221064086592,0.0238715452714838,"Mildly Food Insecure"
"510","F",20,"no_answer","Calebasses","M","18 - 25","18 - 30","18 - 25","18 - 30","uuid:462d2872-cf04-4520-aad4-fa311c408679","uuid:ed957ec0-f6ab-46ed-82d0-9c1a5e305367",0,NA,NA,NA,NA,NA,NA,0,NA,"little","moderate","moderate","equal","little","none",1,1,0,"Income sources unreported",7,1,0,0,0,12,1,1,0,1,0,1,0,0,1,4,0.695132798930907,2.59281945041989e-05,0.276221064086592,0.0238715452714838,"Severely Food Insecure"
"605","M",40,"coranique","Calebasses","M","26 - 55","31 - 50","26 - 55","18 - 30","uuid:a477d2f8-de29-4c84-adc8-4530f75d71c8","uuid:21c2d780-06ee-43e6-b8aa-bb752dcfe95a",0,NA,NA,NA,NA,NA,NA,0,NA,"no_reponse","no_reponse","more_than","no_reponse","no_reponse","little",1,0.666666666666667,0,"Income sources unreported",1,0,1,1,0,7,1,1,0,1,0,1,1,1,0,5,0.922388641318079,0.00153586489675683,0.276221064086592,0.0238715452714838,"Moderately Food Insecure"
"238","M",55,"primary","Transformateurs","M","26 - 55","51+","26 - 55","31 - 50","uuid:69e4ef35-fca9-44fe-a7d7-ccde9bc08bff","uuid:f8552f12-e2b6-4b8f-874a-1ee168fa7e01",0,NA,NA,NA,NA,NA,NA,0,NA,"no_reponse","no_reponse","more_than","little","moderate","moderate",1,0.6,0,"Income sources unreported",7,1,1,1,0,6,1,1,1,1,1,1,1,1,0,7,0.998120533323179,0.356687404917374,0.276221064086592,0.0238715452714838,"Moderately Food Insecure"
