"livestock_rep_number","livestock_id","livestock_label","livestock_name_note","ls_no1","animals_draught","livestock_breeds","livestock_breeds.improved","livestock_breeds.local","livestock_housing","ls_no2","livestock_bought","livestock_live_birth","livestock_sold","ls_no3","livestock_sale_income","ls_no4","livestock_ownership","livestock_ownership.Female_adult","livestock_ownership.Female_Child","livestock_ownership.Female_Youth","livestock_ownership.Male_adult","livestock_ownership.Male_Child","livestock_ownership.Male_Youth","livestock_ownership.no_answer","livestock_who_sells","livestock_who_sells.Female_adult","livestock_who_sells.Female_Youth","livestock_who_sells.Male_adult","livestock_who_sells.Male_Child","livestock_who_sells.Male_Youth","livestock_who_sells.no_answer","livestock_died","ls_no5","killed_for_meat","ls_no6","meat_use","meat_use.sell","meat_use.use","ls_no7","meat_consumed_amount","meat_sell_amount","meat_sold_income","ls_no8","livestock_meat_who_sells","livestock_meat_who_sells.Female_adult","livestock_meat_who_sells.Female_Youth","livestock_meat_who_sells.Male_adult","livestock_meat_who_control_eating","livestock_meat_who_control_eating.Female_adult","livestock_meat_who_control_eating.Female_Youth","livestock_meat_who_control_eating.Male_adult","livestock_meat_who_control_eating.Male_Youth","ls_no9","milk_harvest","ls_no10","milk_number_animals_milked","milk_amount_good_season","milk_units","milk_amount_units_other","milk_amount_bad_season","ls_no11","milk_use","milk_use.dairy","milk_use.sell","milk_use.use","dairy_products","dairy_products.no_answer","dairy_products.other","dairy_products.yoghurt","dairy_products_other","ls_no12","milk_dairy_amount","milk_consumed_amount","milk_sell_amount","ls_no13","milk_sold_income","milk_sold_price_timeunits","milk_amount_time_units_other","ls_no14","milk_who_sells","milk_who_sells.Female_adult","milk_who_sells.Male_adult","milk_who_control_eating","milk_who_control_eating.Female_adult","milk_who_control_eating.Female_Youth","milk_who_control_eating.Male_adult","milk_who_control_eating.Male_Youth","milk_who_control_eating.no_answer","ls_no15","eggs_harvest","ls_no16","eggs_amount_good","eggs_units","eggs_amount_units_other","eggs_amount_bad","ls_no17","eggs_use","eggs_use.hatch","eggs_use.use","ls_no18","eggs_consumed_amount","eggs_sell_amount","eggs_hatch_amount","ls_no19","eggs_sold_income","eggs_sold_price_timeunits","eggs_sold_price_timeunits_other","ls_no20","eggs_who_sells","eggs_who_control_eating","eggs_who_control_eating.Female_adult","eggs_who_control_eating.Female_Youth","eggs_who_control_eating.Male_adult","eggs_who_control_eating.Male_Youth","ls_no21","bees_honey_production","bees_honey_production_units","bees_honey_production_units_other","bees_honey_use","ls_no22","bees_honey_consumed_amount","bees_honey_sell_amount","ls_no22.1","bees_honey_sold_income","ls_no23","bees_who_sells","bees_who_control_eating","PARENT_KEY","KEY","household_id"
1,"horses","Chevaux",NA,NA,6,"local",0,1,"in_always",NA,0,1,0,NA,NA,NA,"Male_adult",0,0,0,1,0,0,0,"",0,0,0,0,0,0,0,NA,NA,NA,"",0,0,NA,"","",NA,NA,"",0,0,0,"",0,0,0,0,NA,"",NA,NA,NA,"",NA,NA,NA,"",0,0,0,"",0,0,0,"",NA,"","","",NA,NA,"",NA,NA,"",0,0,"",0,0,0,0,0,NA,"",NA,NA,"",NA,NA,NA,"",0,0,NA,"",NA,"",NA,NA,NA,NA,NA,NA,"",0,0,0,0,NA,NA,NA,NA,NA,NA,NA,NA,NA,NA,NA,NA,NA,"uuid:4f6afde8-c888-45a2-9a84-7fb3e46c969a","uuid:4f6afde8-c888-45a2-9a84-7fb3e46c969a/survey_grp/Section_Livestock/livestock_repeat[1]","88"
1,"cattle","Bovins",NA,NA,2,"local",0,1,"in_always",NA,0,1,0,NA,NA,NA,"no_answer",0,0,0,0,0,0,1,"",0,0,0,0,0,0,1,NA,0,NA,"",0,0,NA,"","",NA,NA,"",0,0,0,"",0,0,0,0,NA,"Y",NA,2,2,"l/day",NA,1,NA,"use",0,0,1,"",0,0,0,"",NA,"","All","",NA,NA,"",NA,NA,"",0,0,"no_answer",0,0,0,0,1,NA,"",NA,NA,"",NA,NA,NA,"",0,0,NA,"",NA,"",NA,NA,NA,NA,NA,NA,"",0,0,0,0,NA,NA,NA,NA,NA,NA,NA,NA,NA,NA,NA,NA,NA,"uuid:fc1c3a8a-7a2d-42f1-a6a0-058a2dcaabcd","uuid:fc1c3a8a-7a2d-42f1-a6a0-058a2dcaabcd/survey_grp/Section_Livestock/livestock_repeat[1]","89"
1,"horses","Chevaux",NA,NA,1,"local",0,1,"in_night_and_half_day",NA,1,0,0,NA,NA,NA,"Male_Youth",0,0,0,0,0,1,0,"",0,0,0,0,0,0,0,NA,NA,NA,"",0,0,NA,"","",NA,NA,"",0,0,0,"",0,0,0,0,NA,"",NA,NA,NA,"",NA,NA,NA,"",0,0,0,"",0,0,0,"",NA,"","","",NA,NA,"",NA,NA,"",0,0,"",0,0,0,0,0,NA,"",NA,NA,"",NA,NA,NA,"",0,0,NA,"",NA,"",NA,NA,NA,NA,NA,NA,"",0,0,0,0,NA,NA,NA,NA,NA,NA,NA,NA,NA,NA,NA,NA,NA,"uuid:d0fc8c3a-4fcd-43dd-875c-85c4287f2044","uuid:d0fc8c3a-4fcd-43dd-875c-85c4287f2044/survey_grp/Section_Livestock/livestock_repeat[1]","2"
2,"sheep","Ovins",NA,NA,NA,"local improved",1,1,"in_always",NA,4,3,0,NA,NA,NA,"Male_Youth",0,0,0,0,0,1,0,"",0,0,0,0,0,0,3,NA,4,NA,"use",0,1,NA,"UnderHalf","",NA,NA,"",0,0,0,"Male_Youth",0,0,0,1,NA,"N",NA,NA,NA,"",NA,NA,NA,"",0,0,0,"",0,0,0,"",NA,"","","",NA,NA,"",NA,NA,"",0,0,"",0,0,0,0,0,NA,"",NA,NA,"",NA,NA,NA,"",0,0,NA,"",NA,"",NA,NA,NA,NA,NA,NA,"",0,0,0,0,NA,NA,NA,NA,NA,NA,NA,NA,NA,NA,NA,NA,NA,"uuid:d0fc8c3a-4fcd-43dd-875c-85c4287f2044","uuid:d0fc8c3a-4fcd-43dd-875c-85c4287f2044/survey_grp/Section_Livestock/livestock_repeat[2]","2"
1,"horses","Chevaux",NA,NA,1,"local",0,1,"in_night_and_half_day",NA,1,0,0,NA,NA,NA,"Male_adult",0,0,0,1,0,0,0,"",0,0,0,0,0,0,0,NA,NA,NA,"",0,0,NA,"","",NA,NA,"",0,0,0,"",0,0,0,0,NA,"",NA,NA,NA,"",NA,NA,NA,"",0,0,0,"",0,0,0,"",NA,"","","",NA,NA,"",NA,NA,"",0,0,"",0,0,0,0,0,NA,"",NA,NA,"",NA,NA,NA,"",0,0,NA,"",NA,"",NA,NA,NA,NA,NA,NA,"",0,0,0,0,NA,NA,NA,NA,NA,NA,NA,NA,NA,NA,NA,NA,NA,"uuid:711f4e24-0876-4935-b3b9-b58361b887c9","uuid:711f4e24-0876-4935-b3b9-b58361b887c9/survey_grp/Section_Livestock/livestock_repeat[1]","1"
1,"horses","Chevaux",NA,NA,1,"local",0,1,"in_night_and_half_day",NA,0,0,0,NA,NA,NA,"Male_adult",0,0,0,1,0,0,0,"",0,0,0,0,0,0,0,NA,NA,NA,"",0,0,NA,"","",NA,NA,"",0,0,0,"",0,0,0,0,NA,"",NA,NA,NA,"",NA,NA,NA,"",0,0,0,"",0,0,0,"",NA,"","","",NA,NA,"",NA,NA,"",0,0,"",0,0,0,0,0,NA,"",NA,NA,"",NA,NA,NA,"",0,0,NA,"",NA,"",NA,NA,NA,NA,NA,NA,"",0,0,0,0,NA,NA,NA,NA,NA,NA,NA,NA,NA,NA,NA,NA,NA,"uuid:a7386a3d-23ab-4ac1-86fd-24994bb43fa8","uuid:a7386a3d-23ab-4ac1-86fd-24994bb43fa8/survey_grp/Section_Livestock/livestock_repeat[1]","11"
1,"cattle","Bovins",NA,NA,4,"local",0,1,"in_always",NA,0,0,1,NA,750000,NA,"no_answer",0,0,0,0,0,0,1,"no_answer",0,0,0,0,0,1,0,NA,0,NA,"",0,0,NA,"","",NA,NA,"",0,0,0,"",0,0,0,0,NA,"N",NA,NA,NA,"",NA,NA,NA,"",0,0,0,"",0,0,0,"",NA,"","","",NA,NA,"",NA,NA,"",0,0,"",0,0,0,0,0,NA,"",NA,NA,"",NA,NA,NA,"",0,0,NA,"",NA,"",NA,NA,NA,NA,NA,NA,"",0,0,0,0,NA,NA,NA,NA,NA,NA,NA,NA,NA,NA,NA,NA,NA,"uuid:5ba80515-cd72-459f-81bb-19eddeae6414","uuid:5ba80515-cd72-459f-81bb-19eddeae6414/survey_grp/Section_Livestock/livestock_repeat[1]","X4OBZH"
2,"donkey","Anes",NA,NA,NA,"local",0,1,"in_always",NA,0,0,0,NA,NA,NA,"no_answer",0,0,0,0,0,0,1,"",0,0,0,0,0,0,0,NA,0,NA,"",0,0,NA,"","",NA,NA,"",0,0,0,"",0,0,0,0,NA,"",NA,NA,NA,"",NA,NA,NA,"",0,0,0,"",0,0,0,"",NA,"","","",NA,NA,"",NA,NA,"",0,0,"",0,0,0,0,0,NA,"",NA,NA,"",NA,NA,NA,"",0,0,NA,"",NA,"",NA,NA,NA,NA,NA,NA,"",0,0,0,0,NA,NA,NA,NA,NA,NA,NA,NA,NA,NA,NA,NA,NA,"uuid:5ba80515-cd72-459f-81bb-19eddeae6414","uuid:5ba80515-cd72-459f-81bb-19eddeae6414/survey_grp/Section_Livestock/livestock_repeat[2]","X4OBZH"
3,"horses","Chevaux",NA,NA,8,"local",0,1,"in_always",NA,1,2,1,NA,150000,NA,"no_answer",0,0,0,0,0,0,1,"no_answer",0,0,0,0,0,1,0,NA,NA,NA,"",0,0,NA,"","",NA,NA,"",0,0,0,"",0,0,0,0,NA,"",NA,NA,NA,"",NA,NA,NA,"",0,0,0,"",0,0,0,"",NA,"","","",NA,NA,"",NA,NA,"",0,0,"",0,0,0,0,0,NA,"",NA,NA,"",NA,NA,NA,"",0,0,NA,"",NA,"",NA,NA,NA,NA,NA,NA,"",0,0,0,0,NA,NA,NA,NA,NA,NA,NA,NA,NA,NA,NA,NA,NA,"uuid:5ba80515-cd72-459f-81bb-19eddeae6414","uuid:5ba80515-cd72-459f-81bb-19eddeae6414/survey_grp/Section_Livestock/livestock_repeat[3]","X4OBZH"
4,"other1","Mouton",NA,NA,NA,"local",0,1,"in_always",NA,0,3,0,NA,NA,NA,"no_answer",0,0,0,0,0,0,1,"",0,0,0,0,0,0,1,NA,0,NA,"",0,0,NA,"","",NA,NA,"",0,0,0,"",0,0,0,0,NA,"",NA,NA,NA,"",NA,NA,NA,"",0,0,0,"",0,0,0,"",NA,"","","",NA,NA,"",NA,NA,"",0,0,"",0,0,0,0,0,NA,"",NA,NA,"",NA,NA,NA,"",0,0,NA,"",NA,"",NA,NA,NA,NA,NA,NA,"",0,0,0,0,NA,NA,NA,NA,NA,NA,NA,NA,NA,NA,NA,NA,NA,"uuid:5ba80515-cd72-459f-81bb-19eddeae6414","uuid:5ba80515-cd72-459f-81bb-19eddeae6414/survey_grp/Section_Livestock/livestock_repeat[4]","X4OBZH"
1,"donkey","Anes",NA,NA,NA,"local",0,1,"",NA,0,0,0,NA,NA,NA,"Male_adult",0,0,0,1,0,0,0,"",0,0,0,0,0,0,0,NA,0,NA,"",0,0,NA,"","",NA,NA,"",0,0,0,"",0,0,0,0,NA,"",NA,NA,NA,"",NA,NA,NA,"",0,0,0,"",0,0,0,"",NA,"","","",NA,NA,"",NA,NA,"",0,0,"",0,0,0,0,0,NA,"",NA,NA,"",NA,NA,NA,"",0,0,NA,"",NA,"",NA,NA,NA,NA,NA,NA,"",0,0,0,0,NA,NA,NA,NA,NA,NA,NA,NA,NA,NA,NA,NA,NA,"uuid:c4b02c84-5e7c-45f4-959b-b40d75f69bab","uuid:c4b02c84-5e7c-45f4-959b-b40d75f69bab/survey_grp/Section_Livestock/livestock_repeat[1]","594"
1,"horses","Chevaux",NA,NA,2,"local",0,1,"in_night",NA,0,1,0,NA,NA,NA,"Male_adult",0,0,0,1,0,0,0,"",0,0,0,0,0,0,0,NA,NA,NA,"",0,0,NA,"","",NA,NA,"",0,0,0,"",0,0,0,0,NA,"",NA,NA,NA,"",NA,NA,NA,"",0,0,0,"",0,0,0,"",NA,"","","",NA,NA,"",NA,NA,"",0,0,"",0,0,0,0,0,NA,"",NA,NA,"",NA,NA,NA,"",0,0,NA,"",NA,"",NA,NA,NA,NA,NA,NA,"",0,0,0,0,NA,NA,NA,NA,NA,NA,NA,NA,NA,NA,NA,NA,NA,"uuid:e51a4193-b91b-4952-8765-acf9e7f684b4","uuid:e51a4193-b91b-4952-8765-acf9e7f684b4/survey_grp/Section_Livestock/livestock_repeat[1]","71"
1,"donkey","Anes",NA,NA,NA,"local",0,1,"",NA,0,0,0,NA,NA,NA,"Male_adult",0,0,0,1,0,0,0,"",0,0,0,0,0,0,0,NA,0,NA,"",0,0,NA,"","",NA,NA,"",0,0,0,"",0,0,0,0,NA,"",NA,NA,NA,"",NA,NA,NA,"",0,0,0,"",0,0,0,"",NA,"","","",NA,NA,"",NA,NA,"",0,0,"",0,0,0,0,0,NA,"",NA,NA,"",NA,NA,NA,"",0,0,NA,"",NA,"",NA,NA,NA,NA,NA,NA,"",0,0,0,0,NA,NA,NA,NA,NA,NA,NA,NA,NA,NA,NA,NA,NA,"uuid:040b8d42-9bb3-4567-9935-470a89460410","uuid:040b8d42-9bb3-4567-9935-470a89460410/survey_grp/Section_Livestock/livestock_repeat[1]","308"
1,"horses","Chevaux",NA,NA,1,"local",0,1,"in_night",NA,0,0,0,NA,NA,NA,"Male_adult",0,0,0,1,0,0,0,"",0,0,0,0,0,0,0,NA,NA,NA,"",0,0,NA,"","",NA,NA,"",0,0,0,"",0,0,0,0,NA,"",NA,NA,NA,"",NA,NA,NA,"",0,0,0,"",0,0,0,"",NA,"","","",NA,NA,"",NA,NA,"",0,0,"",0,0,0,0,0,NA,"",NA,NA,"",NA,NA,NA,"",0,0,NA,"",NA,"",NA,NA,NA,NA,NA,NA,"",0,0,0,0,NA,NA,NA,NA,NA,NA,NA,NA,NA,NA,NA,NA,NA,"uuid:7319a80c-42ab-46b7-8b82-07910f7a8263","uuid:7319a80c-42ab-46b7-8b82-07910f7a8263/survey_grp/Section_Livestock/livestock_repeat[1]","447"
1,"cattle","Bovins",NA,NA,0,"local",0,1,"in_night",NA,1,2,0,NA,NA,NA,"Female_adult",1,0,0,0,0,0,0,"",0,0,0,0,0,0,0,NA,0,NA,"",0,0,NA,"","",NA,NA,"",0,0,0,"",0,0,0,0,NA,"N",NA,NA,NA,"",NA,NA,NA,"",0,0,0,"",0,0,0,"",NA,"","","",NA,NA,"",NA,NA,"",0,0,"",0,0,0,0,0,NA,"",NA,NA,"",NA,NA,NA,"",0,0,NA,"",NA,"",NA,NA,NA,NA,NA,NA,"",0,0,0,0,NA,NA,NA,NA,NA,NA,NA,NA,NA,NA,NA,NA,NA,"uuid:ee614033-2861-48fd-a0dd-cdd6c87d1864","uuid:ee614033-2861-48fd-a0dd-cdd6c87d1864/survey_grp/Section_Livestock/livestock_repeat[1]","O74I8E"
1,"chicken","Poules",NA,NA,NA,"improved",1,0,"in_always",NA,650,0,200,NA,600000,NA,"Female_adult",1,0,0,0,0,0,0,"Female_adult",1,0,0,0,0,0,50,NA,400,NA,"sell use",1,1,NA,"Little","All",1200000,NA,"Female_adult",1,0,0,"Female_adult",1,0,0,0,NA,"",NA,NA,NA,"",NA,NA,NA,"",0,0,0,"",0,0,0,"",NA,"","","",NA,NA,"",NA,NA,"",0,0,"",0,0,0,0,0,NA,"N",NA,NA,"",NA,NA,NA,"",0,0,NA,"",NA,"",NA,NA,NA,NA,NA,NA,"",0,0,0,0,NA,NA,NA,NA,NA,NA,NA,NA,NA,NA,NA,NA,NA,"uuid:d1f9a901-0ddc-4811-a3e5-319da503fccb","uuid:d1f9a901-0ddc-4811-a3e5-319da503fccb/survey_grp/Section_Livestock/livestock_repeat[1]","193"
1,"other1","Chèvre",NA,NA,NA,"local",0,1,"in_always",NA,0,0,0,NA,NA,NA,"Female_adult",1,0,0,0,0,0,0,"",0,0,0,0,0,0,1,NA,0,NA,"",0,0,NA,"","",NA,NA,"",0,0,0,"",0,0,0,0,NA,"",NA,NA,NA,"",NA,NA,NA,"",0,0,0,"",0,0,0,"",NA,"","","",NA,NA,"",NA,NA,"",0,0,"",0,0,0,0,0,NA,"",NA,NA,"",NA,NA,NA,"",0,0,NA,"",NA,"",NA,NA,NA,NA,NA,NA,"",0,0,0,0,NA,NA,NA,NA,NA,NA,NA,NA,NA,NA,NA,NA,NA,"uuid:2b80e6e7-cf79-4689-afec-c879e4d78c03","uuid:2b80e6e7-cf79-4689-afec-c879e4d78c03/survey_grp/Section_Livestock/livestock_repeat[1]","100"
2,"donkey","Anes",NA,NA,NA,"local",0,1,"in_always",NA,0,0,0,NA,NA,NA,"Female_adult",1,0,0,0,0,0,0,"",0,0,0,0,0,0,0,NA,0,NA,"",0,0,NA,"","",NA,NA,"",0,0,0,"",0,0,0,0,NA,"",NA,NA,NA,"",NA,NA,NA,"",0,0,0,"",0,0,0,"",NA,"","","",NA,NA,"",NA,NA,"",0,0,"",0,0,0,0,0,NA,"",NA,NA,"",NA,NA,NA,"",0,0,NA,"",NA,"",NA,NA,NA,NA,NA,NA,"",0,0,0,0,NA,NA,NA,NA,NA,NA,NA,NA,NA,NA,NA,NA,NA,"uuid:2b80e6e7-cf79-4689-afec-c879e4d78c03","uuid:2b80e6e7-cf79-4689-afec-c879e4d78c03/survey_grp/Section_Livestock/livestock_repeat[2]","100"
1,"other1","Chèvre",NA,NA,NA,"local",0,1,"in_always",NA,0,3,0,NA,NA,NA,"no_answer",0,0,0,0,0,0,1,"",0,0,0,0,0,0,2,NA,0,NA,"",0,0,NA,"","",NA,NA,"",0,0,0,"",0,0,0,0,NA,"",NA,NA,NA,"",NA,NA,NA,"",0,0,0,"",0,0,0,"",NA,"","","",NA,NA,"",NA,NA,"",0,0,"",0,0,0,0,0,NA,"",NA,NA,"",NA,NA,NA,"",0,0,NA,"",NA,"",NA,NA,NA,NA,NA,NA,"",0,0,0,0,NA,NA,NA,NA,NA,NA,NA,NA,NA,NA,NA,NA,NA,"uuid:98fd8f14-9a18-4f20-aa79-35c3bb959a3d","uuid:98fd8f14-9a18-4f20-aa79-35c3bb959a3d/survey_grp/Section_Livestock/livestock_repeat[1]","SOR48M"
2,"horses","Chevaux",NA,NA,1,"local",0,1,"in_always",NA,0,0,0,NA,NA,NA,"no_answer",0,0,0,0,0,0,1,"",0,0,0,0,0,0,1,NA,NA,NA,"",0,0,NA,"","",NA,NA,"",0,0,0,"",0,0,0,0,NA,"",NA,NA,NA,"",NA,NA,NA,"",0,0,0,"",0,0,0,"",NA,"","","",NA,NA,"",NA,NA,"",0,0,"",0,0,0,0,0,NA,"",NA,NA,"",NA,NA,NA,"",0,0,NA,"",NA,"",NA,NA,NA,NA,NA,NA,"",0,0,0,0,NA,NA,NA,NA,NA,NA,NA,NA,NA,NA,NA,NA,NA,"uuid:98fd8f14-9a18-4f20-aa79-35c3bb959a3d","uuid:98fd8f14-9a18-4f20-aa79-35c3bb959a3d/survey_grp/Section_Livestock/livestock_repeat[2]","SOR48M"
1,"donkey","Anes",NA,NA,NA,"local",0,1,"in_night",NA,0,0,0,NA,NA,NA,"Female_adult",1,0,0,0,0,0,0,"",0,0,0,0,0,0,0,NA,0,NA,"",0,0,NA,"","",NA,NA,"",0,0,0,"",0,0,0,0,NA,"",NA,NA,NA,"",NA,NA,NA,"",0,0,0,"",0,0,0,"",NA,"","","",NA,NA,"",NA,NA,"",0,0,"",0,0,0,0,0,NA,"",NA,NA,"",NA,NA,NA,"",0,0,NA,"",NA,"",NA,NA,NA,NA,NA,NA,"",0,0,0,0,NA,NA,NA,NA,NA,NA,NA,NA,NA,NA,NA,NA,NA,"uuid:7a1e33cd-7931-4083-ba87-1e4c8f764f7a","uuid:7a1e33cd-7931-4083-ba87-1e4c8f764f7a/survey_grp/Section_Livestock/livestock_repeat[1]","98"
1,"horses","Chevaux",NA,NA,2,"local",0,1,"in_night",NA,0,0,0,NA,NA,NA,"Male_adult",0,0,0,1,0,0,0,"",0,0,0,0,0,0,0,NA,NA,NA,"",0,0,NA,"","",NA,NA,"",0,0,0,"",0,0,0,0,NA,"",NA,NA,NA,"",NA,NA,NA,"",0,0,0,"",0,0,0,"",NA,"","","",NA,NA,"",NA,NA,"",0,0,"",0,0,0,0,0,NA,"",NA,NA,"",NA,NA,NA,"",0,0,NA,"",NA,"",NA,NA,NA,NA,NA,NA,"",0,0,0,0,NA,NA,NA,NA,NA,NA,NA,NA,NA,NA,NA,NA,NA,"uuid:58673e62-c32b-4a0d-8732-5fc7d5680cd1","uuid:58673e62-c32b-4a0d-8732-5fc7d5680cd1/survey_grp/Section_Livestock/livestock_repeat[1]","103"
1,"donkey","Anes",NA,NA,NA,"local",0,1,"in_night_and_half_day",NA,0,0,0,NA,NA,NA,"Male_adult",0,0,0,1,0,0,0,"",0,0,0,0,0,0,0,NA,0,NA,"",0,0,NA,"","",NA,NA,"",0,0,0,"",0,0,0,0,NA,"",NA,NA,NA,"",NA,NA,NA,"",0,0,0,"",0,0,0,"",NA,"","","",NA,NA,"",NA,NA,"",0,0,"",0,0,0,0,0,NA,"",NA,NA,"",NA,NA,NA,"",0,0,NA,"",NA,"",NA,NA,NA,NA,NA,NA,"",0,0,0,0,NA,NA,NA,NA,NA,NA,NA,NA,NA,NA,NA,NA,NA,"uuid:033c7523-b0f8-4adf-8aa0-f0ae6af44258","uuid:033c7523-b0f8-4adf-8aa0-f0ae6af44258/survey_grp/Section_Livestock/livestock_repeat[1]","F395Z8"
1,"goats","Caprins",NA,NA,NA,"local",0,1,"in_night_and_half_day",NA,0,0,0,NA,NA,NA,"Female_adult",1,0,0,0,0,0,0,"",0,0,0,0,0,0,0,NA,0,NA,"",0,0,NA,"","",NA,NA,"",0,0,0,"",0,0,0,0,NA,"N",NA,NA,NA,"",NA,NA,NA,"",0,0,0,"",0,0,0,"",NA,"","","",NA,NA,"",NA,NA,"",0,0,"",0,0,0,0,0,NA,"",NA,NA,"",NA,NA,NA,"",0,0,NA,"",NA,"",NA,NA,NA,NA,NA,NA,"",0,0,0,0,NA,NA,NA,NA,NA,NA,NA,NA,NA,NA,NA,NA,NA,"uuid:e3f977a7-65a7-48a1-bea6-ce531a020075","uuid:e3f977a7-65a7-48a1-bea6-ce531a020075/survey_grp/Section_Livestock/livestock_repeat[1]","104"
1,"chicken","Poules",NA,NA,NA,"local improved",1,1,"in_always",NA,0,0,0,NA,NA,NA,"Male_Youth",0,0,0,0,0,1,0,"",0,0,0,0,0,0,0,NA,0,NA,"",0,0,NA,"","",NA,NA,"",0,0,0,"",0,0,0,0,NA,"",NA,NA,NA,"",NA,NA,NA,"",0,0,0,"",0,0,0,"",NA,"","","",NA,NA,"",NA,NA,"",0,0,"",0,0,0,0,0,NA,"Y",NA,15,"pieces/day",NA,8,NA,"use hatch",1,1,NA,"Little",NA,"Most",NA,NA,NA,NA,NA,NA,"Male_Youth",0,0,0,1,NA,NA,NA,NA,NA,NA,NA,NA,NA,NA,NA,NA,NA,"uuid:ec6d8d4c-708e-462b-9c40-75ec525a34c1","uuid:ec6d8d4c-708e-462b-9c40-75ec525a34c1/survey_grp/Section_Livestock/livestock_repeat[1]","1PV5DM"
2,"goats","Caprins",NA,NA,NA,"local",0,1,"in_night_and_half_day",NA,0,4,0,NA,NA,NA,"Male_Youth",0,0,0,0,0,1,0,"",0,0,0,0,0,0,0,NA,1,NA,"use",0,1,NA,"Little","",NA,NA,"",0,0,0,"Male_Youth",0,0,0,1,NA,"N",NA,NA,NA,"",NA,NA,NA,"",0,0,0,"",0,0,0,"",NA,"","","",NA,NA,"",NA,NA,"",0,0,"",0,0,0,0,0,NA,"",NA,NA,"",NA,NA,NA,"",0,0,NA,"",NA,"",NA,NA,NA,NA,NA,NA,"",0,0,0,0,NA,NA,NA,NA,NA,NA,NA,NA,NA,NA,NA,NA,NA,"uuid:ec6d8d4c-708e-462b-9c40-75ec525a34c1","uuid:ec6d8d4c-708e-462b-9c40-75ec525a34c1/survey_grp/Section_Livestock/livestock_repeat[2]","1PV5DM"
3,"sheep","Ovins",NA,NA,NA,"local",0,1,"in_night_and_half_day",NA,0,0,0,NA,NA,NA,"Male_Youth",0,0,0,0,0,1,0,"",0,0,0,0,0,0,0,NA,0,NA,"",0,0,NA,"","",NA,NA,"",0,0,0,"",0,0,0,0,NA,"N",NA,NA,NA,"",NA,NA,NA,"",0,0,0,"",0,0,0,"",NA,"","","",NA,NA,"",NA,NA,"",0,0,"",0,0,0,0,0,NA,"",NA,NA,"",NA,NA,NA,"",0,0,NA,"",NA,"",NA,NA,NA,NA,NA,NA,"",0,0,0,0,NA,NA,NA,NA,NA,NA,NA,NA,NA,NA,NA,NA,NA,"uuid:ec6d8d4c-708e-462b-9c40-75ec525a34c1","uuid:ec6d8d4c-708e-462b-9c40-75ec525a34c1/survey_grp/Section_Livestock/livestock_repeat[3]","1PV5DM"
4,"donkey","Anes",NA,NA,NA,"local",0,1,"in_always",NA,0,1,0,NA,NA,NA,"Male_Youth",0,0,0,0,0,1,0,"",0,0,0,0,0,0,0,NA,0,NA,"",0,0,NA,"","",NA,NA,"",0,0,0,"",0,0,0,0,NA,"",NA,NA,NA,"",NA,NA,NA,"",0,0,0,"",0,0,0,"",NA,"","","",NA,NA,"",NA,NA,"",0,0,"",0,0,0,0,0,NA,"",NA,NA,"",NA,NA,NA,"",0,0,NA,"",NA,"",NA,NA,NA,NA,NA,NA,"",0,0,0,0,NA,NA,NA,NA,NA,NA,NA,NA,NA,NA,NA,NA,NA,"uuid:ec6d8d4c-708e-462b-9c40-75ec525a34c1","uuid:ec6d8d4c-708e-462b-9c40-75ec525a34c1/survey_grp/Section_Livestock/livestock_repeat[4]","1PV5DM"
1,"sheep","Ovins",NA,NA,NA,"local",0,1,"in_always",NA,0,6,2,NA,150000,NA,"Male_Youth",0,0,0,0,0,1,0,"Male_Youth",0,0,0,0,1,0,0,NA,1,NA,"use",0,1,NA,"UnderHalf","",NA,NA,"",0,0,0,"Male_Youth",0,0,0,1,NA,"N",NA,NA,NA,"",NA,NA,NA,"",0,0,0,"",0,0,0,"",NA,"","","",NA,NA,"",NA,NA,"",0,0,"",0,0,0,0,0,NA,"",NA,NA,"",NA,NA,NA,"",0,0,NA,"",NA,"",NA,NA,NA,NA,NA,NA,"",0,0,0,0,NA,NA,NA,NA,NA,NA,NA,NA,NA,NA,NA,NA,NA,"uuid:45d1f26d-0f5e-44db-ad7c-ea39e9b433b3","uuid:45d1f26d-0f5e-44db-ad7c-ea39e9b433b3/survey_grp/Section_Livestock/livestock_repeat[1]","526"
2,"chicken","Poules",NA,NA,NA,"local",0,1,"in_night_and_half_day",NA,0,1,6,NA,19,NA,"Male_adult",0,0,0,1,0,0,0,"Male_adult",0,0,1,0,0,0,2,NA,2,NA,"use",0,1,NA,"Little","",NA,NA,"",0,0,0,"Male_adult",0,0,1,0,NA,"",NA,NA,NA,"",NA,NA,NA,"",0,0,0,"",0,0,0,"",NA,"","","",NA,NA,"",NA,NA,"",0,0,"",0,0,0,0,0,NA,"Y",NA,12,"pieces/day",NA,1,NA,"use hatch",1,1,NA,"Half",NA,"Half",NA,NA,NA,NA,NA,NA,"Male_adult",0,0,1,0,NA,NA,NA,NA,NA,NA,NA,NA,NA,NA,NA,NA,NA,"uuid:45d1f26d-0f5e-44db-ad7c-ea39e9b433b3","uuid:45d1f26d-0f5e-44db-ad7c-ea39e9b433b3/survey_grp/Section_Livestock/livestock_repeat[2]","526"
3,"goats","Caprins",NA,NA,NA,"local",0,1,"in_night",NA,0,2,0,NA,NA,NA,"Male_Youth",0,0,0,0,0,1,0,"",0,0,0,0,0,0,0,NA,1,NA,"use",0,1,NA,"Little","",NA,NA,"",0,0,0,"Male_Youth",0,0,0,1,NA,"N",NA,NA,NA,"",NA,NA,NA,"",0,0,0,"",0,0,0,"",NA,"","","",NA,NA,"",NA,NA,"",0,0,"",0,0,0,0,0,NA,"",NA,NA,"",NA,NA,NA,"",0,0,NA,"",NA,"",NA,NA,NA,NA,NA,NA,"",0,0,0,0,NA,NA,NA,NA,NA,NA,NA,NA,NA,NA,NA,NA,NA,"uuid:45d1f26d-0f5e-44db-ad7c-ea39e9b433b3","uuid:45d1f26d-0f5e-44db-ad7c-ea39e9b433b3/survey_grp/Section_Livestock/livestock_repeat[3]","526"
1,"cattle","Bovins",NA,NA,2,"local",0,1,"in_always",NA,0,0,0,NA,NA,NA,"Male_adult",0,0,0,1,0,0,0,"",0,0,0,0,0,0,0,NA,0,NA,"",0,0,NA,"","",NA,NA,"",0,0,0,"",0,0,0,0,NA,"N",NA,NA,NA,"",NA,NA,NA,"",0,0,0,"",0,0,0,"",NA,"","","",NA,NA,"",NA,NA,"",0,0,"",0,0,0,0,0,NA,"",NA,NA,"",NA,NA,NA,"",0,0,NA,"",NA,"",NA,NA,NA,NA,NA,NA,"",0,0,0,0,NA,NA,NA,NA,NA,NA,NA,NA,NA,NA,NA,NA,NA,"uuid:687010a0-8bd2-4003-b08e-0a37769d118a","uuid:687010a0-8bd2-4003-b08e-0a37769d118a/survey_grp/Section_Livestock/livestock_repeat[1]","9V1SWT"
2,"horses","Chevaux",NA,NA,4,"local",0,1,"in_always",NA,0,0,0,NA,NA,NA,"Male_adult",0,0,0,1,0,0,0,"",0,0,0,0,0,0,0,NA,NA,NA,"",0,0,NA,"","",NA,NA,"",0,0,0,"",0,0,0,0,NA,"",NA,NA,NA,"",NA,NA,NA,"",0,0,0,"",0,0,0,"",NA,"","","",NA,NA,"",NA,NA,"",0,0,"",0,0,0,0,0,NA,"",NA,NA,"",NA,NA,NA,"",0,0,NA,"",NA,"",NA,NA,NA,NA,NA,NA,"",0,0,0,0,NA,NA,NA,NA,NA,NA,NA,NA,NA,NA,NA,NA,NA,"uuid:687010a0-8bd2-4003-b08e-0a37769d118a","uuid:687010a0-8bd2-4003-b08e-0a37769d118a/survey_grp/Section_Livestock/livestock_repeat[2]","9V1SWT"
3,"other1","Mouton",NA,NA,NA,"local",0,1,"in_always",NA,2,0,0,NA,NA,NA,"Male_adult",0,0,0,1,0,0,0,"",0,0,0,0,0,0,0,NA,0,NA,"",0,0,NA,"","",NA,NA,"",0,0,0,"",0,0,0,0,NA,"",NA,NA,NA,"",NA,NA,NA,"",0,0,0,"",0,0,0,"",NA,"","","",NA,NA,"",NA,NA,"",0,0,"",0,0,0,0,0,NA,"",NA,NA,"",NA,NA,NA,"",0,0,NA,"",NA,"",NA,NA,NA,NA,NA,NA,"",0,0,0,0,NA,NA,NA,NA,NA,NA,NA,NA,NA,NA,NA,NA,NA,"uuid:687010a0-8bd2-4003-b08e-0a37769d118a","uuid:687010a0-8bd2-4003-b08e-0a37769d118a/survey_grp/Section_Livestock/livestock_repeat[3]","9V1SWT"
4,"other2","Chèvre",NA,NA,NA,"local",0,1,"in_always",NA,0,0,0,NA,NA,NA,"Male_adult",0,0,0,1,0,0,0,"",0,0,0,0,0,0,0,NA,0,NA,"",0,0,NA,"","",NA,NA,"",0,0,0,"",0,0,0,0,NA,"",NA,NA,NA,"",NA,NA,NA,"",0,0,0,"",0,0,0,"",NA,"","","",NA,NA,"",NA,NA,"",0,0,"",0,0,0,0,0,NA,"",NA,NA,"",NA,NA,NA,"",0,0,NA,"",NA,"",NA,NA,NA,NA,NA,NA,"",0,0,0,0,NA,NA,NA,NA,NA,NA,NA,NA,NA,NA,NA,NA,NA,"uuid:687010a0-8bd2-4003-b08e-0a37769d118a","uuid:687010a0-8bd2-4003-b08e-0a37769d118a/survey_grp/Section_Livestock/livestock_repeat[4]","9V1SWT"
1,"cattle","Bovins",NA,NA,2,"local",0,1,"in_always",NA,0,1,0,NA,NA,NA,"no_answer",0,0,0,0,0,0,1,"",0,0,0,0,0,0,0,NA,0,NA,"",0,0,NA,"","",NA,NA,"",0,0,0,"",0,0,0,0,NA,"Y",NA,1,1,"l/day",NA,1,NA,"use",0,0,1,"",0,0,0,"",NA,"","All","",NA,NA,"",NA,NA,"",0,0,"no_answer",0,0,0,0,1,NA,"",NA,NA,"",NA,NA,NA,"",0,0,NA,"",NA,"",NA,NA,NA,NA,NA,NA,"",0,0,0,0,NA,NA,NA,NA,NA,NA,NA,NA,NA,NA,NA,NA,NA,"uuid:6d792e46-9979-49c4-a081-b34faa5e9bc6","uuid:6d792e46-9979-49c4-a081-b34faa5e9bc6/survey_grp/Section_Livestock/livestock_repeat[1]","85"
1,"horses","Chevaux",NA,NA,1,"local",0,1,"in_always",NA,0,1,0,NA,NA,NA,"Male_Youth",0,0,0,0,0,1,0,"",0,0,0,0,0,0,0,NA,NA,NA,"",0,0,NA,"","",NA,NA,"",0,0,0,"",0,0,0,0,NA,"",NA,NA,NA,"",NA,NA,NA,"",0,0,0,"",0,0,0,"",NA,"","","",NA,NA,"",NA,NA,"",0,0,"",0,0,0,0,0,NA,"",NA,NA,"",NA,NA,NA,"",0,0,NA,"",NA,"",NA,NA,NA,NA,NA,NA,"",0,0,0,0,NA,NA,NA,NA,NA,NA,NA,NA,NA,NA,NA,NA,NA,"uuid:6c3f78f4-7e6a-4721-8231-dd7da793568d","uuid:6c3f78f4-7e6a-4721-8231-dd7da793568d/survey_grp/Section_Livestock/livestock_repeat[1]","108"
2,"donkey","Anes",NA,NA,NA,"local",0,1,"in_always",NA,1,0,0,NA,NA,NA,"Male_Youth",0,0,0,0,0,1,0,"",0,0,0,0,0,0,0,NA,0,NA,"",0,0,NA,"","",NA,NA,"",0,0,0,"",0,0,0,0,NA,"",NA,NA,NA,"",NA,NA,NA,"",0,0,0,"",0,0,0,"",NA,"","","",NA,NA,"",NA,NA,"",0,0,"",0,0,0,0,0,NA,"",NA,NA,"",NA,NA,NA,"",0,0,NA,"",NA,"",NA,NA,NA,NA,NA,NA,"",0,0,0,0,NA,NA,NA,NA,NA,NA,NA,NA,NA,NA,NA,NA,NA,"uuid:6c3f78f4-7e6a-4721-8231-dd7da793568d","uuid:6c3f78f4-7e6a-4721-8231-dd7da793568d/survey_grp/Section_Livestock/livestock_repeat[2]","108"
1,"cattle","Bovins",NA,NA,4,"local",0,1,"in_always",NA,0,0,0,NA,NA,NA,"no_answer",0,0,0,0,0,0,1,"",0,0,0,0,0,0,1,NA,0,NA,"",0,0,NA,"","",NA,NA,"",0,0,0,"",0,0,0,0,NA,"N",NA,NA,NA,"",NA,NA,NA,"",0,0,0,"",0,0,0,"",NA,"","","",NA,NA,"",NA,NA,"",0,0,"",0,0,0,0,0,NA,"",NA,NA,"",NA,NA,NA,"",0,0,NA,"",NA,"",NA,NA,NA,NA,NA,NA,"",0,0,0,0,NA,NA,NA,NA,NA,NA,NA,NA,NA,NA,NA,NA,NA,"uuid:21b4f227-eeac-44a9-b959-eaaeb1e7a0f7","uuid:21b4f227-eeac-44a9-b959-eaaeb1e7a0f7/survey_grp/Section_Livestock/livestock_repeat[1]","83"
2,"other1","Mouton",NA,NA,NA,"local",0,1,"in_always",NA,0,0,0,NA,NA,NA,"no_answer",0,0,0,0,0,0,1,"",0,0,0,0,0,0,1,NA,0,NA,"",0,0,NA,"","",NA,NA,"",0,0,0,"",0,0,0,0,NA,"",NA,NA,NA,"",NA,NA,NA,"",0,0,0,"",0,0,0,"",NA,"","","",NA,NA,"",NA,NA,"",0,0,"",0,0,0,0,0,NA,"",NA,NA,"",NA,NA,NA,"",0,0,NA,"",NA,"",NA,NA,NA,NA,NA,NA,"",0,0,0,0,NA,NA,NA,NA,NA,NA,NA,NA,NA,NA,NA,NA,NA,"uuid:21b4f227-eeac-44a9-b959-eaaeb1e7a0f7","uuid:21b4f227-eeac-44a9-b959-eaaeb1e7a0f7/survey_grp/Section_Livestock/livestock_repeat[2]","83"
1,"sheep","Ovins",NA,NA,NA,"local",0,1,"in_night_and_half_day",NA,0,1,0,NA,NA,NA,"Male_adult",0,0,0,1,0,0,0,"",0,0,0,0,0,0,1,NA,0,NA,"",0,0,NA,"","",NA,NA,"",0,0,0,"",0,0,0,0,NA,"N",NA,NA,NA,"",NA,NA,NA,"",0,0,0,"",0,0,0,"",NA,"","","",NA,NA,"",NA,NA,"",0,0,"",0,0,0,0,0,NA,"",NA,NA,"",NA,NA,NA,"",0,0,NA,"",NA,"",NA,NA,NA,NA,NA,NA,"",0,0,0,0,NA,NA,NA,NA,NA,NA,NA,NA,NA,NA,NA,NA,NA,"uuid:5a363eb3-bcab-4b22-b11d-220c7d8fa854","uuid:5a363eb3-bcab-4b22-b11d-220c7d8fa854/survey_grp/Section_Livestock/livestock_repeat[1]","109"
2,"goats","Caprins",NA,NA,NA,"local",0,1,"in_night_and_half_day",NA,0,1,0,NA,NA,NA,"Male_adult",0,0,0,1,0,0,0,"",0,0,0,0,0,0,0,NA,0,NA,"",0,0,NA,"","",NA,NA,"",0,0,0,"",0,0,0,0,NA,"N",NA,NA,NA,"",NA,NA,NA,"",0,0,0,"",0,0,0,"",NA,"","","",NA,NA,"",NA,NA,"",0,0,"",0,0,0,0,0,NA,"",NA,NA,"",NA,NA,NA,"",0,0,NA,"",NA,"",NA,NA,NA,NA,NA,NA,"",0,0,0,0,NA,NA,NA,NA,NA,NA,NA,NA,NA,NA,NA,NA,NA,"uuid:5a363eb3-bcab-4b22-b11d-220c7d8fa854","uuid:5a363eb3-bcab-4b22-b11d-220c7d8fa854/survey_grp/Section_Livestock/livestock_repeat[2]","109"
1,"horses","Chevaux",NA,NA,1,"local",0,1,"in_night_and_half_day",NA,0,0,0,NA,NA,NA,"Male_adult",0,0,0,1,0,0,0,"",0,0,0,0,0,0,0,NA,NA,NA,"",0,0,NA,"","",NA,NA,"",0,0,0,"",0,0,0,0,NA,"",NA,NA,NA,"",NA,NA,NA,"",0,0,0,"",0,0,0,"",NA,"","","",NA,NA,"",NA,NA,"",0,0,"",0,0,0,0,0,NA,"",NA,NA,"",NA,NA,NA,"",0,0,NA,"",NA,"",NA,NA,NA,NA,NA,NA,"",0,0,0,0,NA,NA,NA,NA,NA,NA,NA,NA,NA,NA,NA,NA,NA,"uuid:c236aac5-2de2-45f0-a4af-5568fa02b8e1","uuid:c236aac5-2de2-45f0-a4af-5568fa02b8e1/survey_grp/Section_Livestock/livestock_repeat[1]","38DLAV"
1,"horses","Chevaux",NA,NA,4,"local",0,1,"in_night_and_half_day",NA,0,0,0,NA,NA,NA,"Male_adult",0,0,0,1,0,0,0,"",0,0,0,0,0,0,0,NA,NA,NA,"",0,0,NA,"","",NA,NA,"",0,0,0,"",0,0,0,0,NA,"",NA,NA,NA,"",NA,NA,NA,"",0,0,0,"",0,0,0,"",NA,"","","",NA,NA,"",NA,NA,"",0,0,"",0,0,0,0,0,NA,"",NA,NA,"",NA,NA,NA,"",0,0,NA,"",NA,"",NA,NA,NA,NA,NA,NA,"",0,0,0,0,NA,NA,NA,NA,NA,NA,NA,NA,NA,NA,NA,NA,NA,"uuid:f13596d0-7be8-49ef-90d0-d9497f9eeb57","uuid:f13596d0-7be8-49ef-90d0-d9497f9eeb57/survey_grp/Section_Livestock/livestock_repeat[1]","101"
2,"sheep","Ovins",NA,NA,NA,"local",0,1,"in_night_and_half_day",NA,0,0,0,NA,NA,NA,"Male_adult",0,0,0,1,0,0,0,"",0,0,0,0,0,0,0,NA,0,NA,"",0,0,NA,"","",NA,NA,"",0,0,0,"",0,0,0,0,NA,"N",NA,NA,NA,"",NA,NA,NA,"",0,0,0,"",0,0,0,"",NA,"","","",NA,NA,"",NA,NA,"",0,0,"",0,0,0,0,0,NA,"",NA,NA,"",NA,NA,NA,"",0,0,NA,"",NA,"",NA,NA,NA,NA,NA,NA,"",0,0,0,0,NA,NA,NA,NA,NA,NA,NA,NA,NA,NA,NA,NA,NA,"uuid:f13596d0-7be8-49ef-90d0-d9497f9eeb57","uuid:f13596d0-7be8-49ef-90d0-d9497f9eeb57/survey_grp/Section_Livestock/livestock_repeat[2]","101"
1,"horses","Chevaux",NA,NA,1,"local",0,1,"in_night_and_half_day",NA,0,0,0,NA,NA,NA,"Male_adult",0,0,0,1,0,0,0,"",0,0,0,0,0,0,1,NA,NA,NA,"",0,0,NA,"","",NA,NA,"",0,0,0,"",0,0,0,0,NA,"",NA,NA,NA,"",NA,NA,NA,"",0,0,0,"",0,0,0,"",NA,"","","",NA,NA,"",NA,NA,"",0,0,"",0,0,0,0,0,NA,"",NA,NA,"",NA,NA,NA,"",0,0,NA,"",NA,"",NA,NA,NA,NA,NA,NA,"",0,0,0,0,NA,NA,NA,NA,NA,NA,NA,NA,NA,NA,NA,NA,NA,"uuid:83b06a1a-93fb-4204-8b5f-29755f6827c1","uuid:83b06a1a-93fb-4204-8b5f-29755f6827c1/survey_grp/Section_Livestock/livestock_repeat[1]","80"
1,"horses","Chevaux",NA,NA,2,"local",0,1,"in_night_and_half_day",NA,0,0,0,NA,NA,NA,"Male_adult",0,0,0,1,0,0,0,"",0,0,0,0,0,0,0,NA,NA,NA,"",0,0,NA,"","",NA,NA,"",0,0,0,"",0,0,0,0,NA,"",NA,NA,NA,"",NA,NA,NA,"",0,0,0,"",0,0,0,"",NA,"","","",NA,NA,"",NA,NA,"",0,0,"",0,0,0,0,0,NA,"",NA,NA,"",NA,NA,NA,"",0,0,NA,"",NA,"",NA,NA,NA,NA,NA,NA,"",0,0,0,0,NA,NA,NA,NA,NA,NA,NA,NA,NA,NA,NA,NA,NA,"uuid:c3f80571-3c09-4d07-88f0-ae5b66f943a6","uuid:c3f80571-3c09-4d07-88f0-ae5b66f943a6/survey_grp/Section_Livestock/livestock_repeat[1]","106"
2,"sheep","Ovins",NA,NA,NA,"local",0,1,"in_night_and_half_day",NA,0,0,0,NA,NA,NA,"Male_adult",0,0,0,1,0,0,0,"",0,0,0,0,0,0,0,NA,0,NA,"",0,0,NA,"","",NA,NA,"",0,0,0,"",0,0,0,0,NA,"N",NA,NA,NA,"",NA,NA,NA,"",0,0,0,"",0,0,0,"",NA,"","","",NA,NA,"",NA,NA,"",0,0,"",0,0,0,0,0,NA,"",NA,NA,"",NA,NA,NA,"",0,0,NA,"",NA,"",NA,NA,NA,NA,NA,NA,"",0,0,0,0,NA,NA,NA,NA,NA,NA,NA,NA,NA,NA,NA,NA,NA,"uuid:c3f80571-3c09-4d07-88f0-ae5b66f943a6","uuid:c3f80571-3c09-4d07-88f0-ae5b66f943a6/survey_grp/Section_Livestock/livestock_repeat[2]","106"
1,"chicken","Poules",NA,NA,NA,"local improved",1,1,"in_always",NA,11,5,25,NA,87500,NA,"Male_adult",0,0,0,1,0,0,0,"Male_adult",0,0,1,0,0,0,2,NA,11,NA,"use sell",1,1,NA,"UnderHalf","Most",0,NA,"Male_adult",0,0,1,"Male_adult Female_adult",1,0,1,0,NA,"",NA,NA,NA,"",NA,NA,NA,"",0,0,0,"",0,0,0,"",NA,"","","",NA,NA,"",NA,NA,"",0,0,"",0,0,0,0,0,NA,"N",NA,NA,"",NA,NA,NA,"",0,0,NA,"",NA,"",NA,NA,NA,NA,NA,NA,"",0,0,0,0,NA,NA,NA,NA,NA,NA,NA,NA,NA,NA,NA,NA,NA,"uuid:44a21cf7-4190-4fa9-9b58-031d980f85d0","uuid:44a21cf7-4190-4fa9-9b58-031d980f85d0/survey_grp/Section_Livestock/livestock_repeat[1]","15"
1,"chicken","Poules",NA,NA,NA,"local improved",1,1,"in_always",NA,0,0,70,NA,350000,NA,"Male_adult",0,0,0,1,0,0,0,"Male_adult",0,0,1,0,0,0,2,NA,10,NA,"use",0,1,NA,"UnderHalf","",NA,NA,"",0,0,0,"Male_adult",0,0,1,0,NA,"",NA,NA,NA,"",NA,NA,NA,"",0,0,0,"",0,0,0,"",NA,"","","",NA,NA,"",NA,NA,"",0,0,"",0,0,0,0,0,NA,"N",NA,NA,"",NA,NA,NA,"",0,0,NA,"",NA,"",NA,NA,NA,NA,NA,NA,"",0,0,0,0,NA,NA,NA,NA,NA,NA,NA,NA,NA,NA,NA,NA,NA,"uuid:9441db9d-46fe-414c-9cda-727a37a81b16","uuid:9441db9d-46fe-414c-9cda-727a37a81b16/survey_grp/Section_Livestock/livestock_repeat[1]","9"
1,"horses","Chevaux",NA,NA,0,"local",0,1,"in_night_and_half_day",NA,0,0,0,NA,NA,NA,"Male_adult",0,0,0,1,0,0,0,"",0,0,0,0,0,0,0,NA,NA,NA,"",0,0,NA,"","",NA,NA,"",0,0,0,"",0,0,0,0,NA,"",NA,NA,NA,"",NA,NA,NA,"",0,0,0,"",0,0,0,"",NA,"","","",NA,NA,"",NA,NA,"",0,0,"",0,0,0,0,0,NA,"",NA,NA,"",NA,NA,NA,"",0,0,NA,"",NA,"",NA,NA,NA,NA,NA,NA,"",0,0,0,0,NA,NA,NA,NA,NA,NA,NA,NA,NA,NA,NA,NA,NA,"uuid:d3c9298b-153b-42b7-8295-ac8bd0877dd3","uuid:d3c9298b-153b-42b7-8295-ac8bd0877dd3/survey_grp/Section_Livestock/livestock_repeat[1]","7"
1,"donkey","Anes",NA,NA,NA,"local",0,1,"in_night",NA,0,0,0,NA,NA,NA,"Female_adult",1,0,0,0,0,0,0,"",0,0,0,0,0,0,0,NA,0,NA,"",0,0,NA,"","",NA,NA,"",0,0,0,"",0,0,0,0,NA,"",NA,NA,NA,"",NA,NA,NA,"",0,0,0,"",0,0,0,"",NA,"","","",NA,NA,"",NA,NA,"",0,0,"",0,0,0,0,0,NA,"",NA,NA,"",NA,NA,NA,"",0,0,NA,"",NA,"",NA,NA,NA,NA,NA,NA,"",0,0,0,0,NA,NA,NA,NA,NA,NA,NA,NA,NA,NA,NA,NA,NA,"uuid:82816ab1-03c0-4317-8390-da69343f05d1","uuid:82816ab1-03c0-4317-8390-da69343f05d1/survey_grp/Section_Livestock/livestock_repeat[1]","0RUTJS"
2,"horses","Chevaux",NA,NA,1,"local",0,1,"in_night",NA,0,0,0,NA,NA,NA,"Female_adult",1,0,0,0,0,0,0,"",0,0,0,0,0,0,0,NA,NA,NA,"",0,0,NA,"","",NA,NA,"",0,0,0,"",0,0,0,0,NA,"",NA,NA,NA,"",NA,NA,NA,"",0,0,0,"",0,0,0,"",NA,"","","",NA,NA,"",NA,NA,"",0,0,"",0,0,0,0,0,NA,"",NA,NA,"",NA,NA,NA,"",0,0,NA,"",NA,"",NA,NA,NA,NA,NA,NA,"",0,0,0,0,NA,NA,NA,NA,NA,NA,NA,NA,NA,NA,NA,NA,NA,"uuid:82816ab1-03c0-4317-8390-da69343f05d1","uuid:82816ab1-03c0-4317-8390-da69343f05d1/survey_grp/Section_Livestock/livestock_repeat[2]","0RUTJS"
1,"cattle","Bovins",NA,NA,0,"local",0,1,"in_night",NA,0,0,0,NA,NA,NA,"Male_adult",0,0,0,1,0,0,0,"",0,0,0,0,0,0,0,NA,0,NA,"",0,0,NA,"","",NA,NA,"",0,0,0,"",0,0,0,0,NA,"Y",NA,1,2,"l/day",NA,60,NA,"use",0,0,1,"",0,0,0,"",NA,"","UnderHalf","",NA,NA,"",NA,NA,"",0,0,"Male_adult",0,0,1,0,0,NA,"",NA,NA,"",NA,NA,NA,"",0,0,NA,"",NA,"",NA,NA,NA,NA,NA,NA,"",0,0,0,0,NA,NA,NA,NA,NA,NA,NA,NA,NA,NA,NA,NA,NA,"uuid:5f8afbd1-f448-43d4-93d4-38b8d05833b1","uuid:5f8afbd1-f448-43d4-93d4-38b8d05833b1/survey_grp/Section_Livestock/livestock_repeat[1]","82"
2,"donkey","Anes",NA,NA,NA,"local",0,1,"in_night",NA,0,0,0,NA,NA,NA,"Male_adult",0,0,0,1,0,0,0,"",0,0,0,0,0,0,0,NA,0,NA,"",0,0,NA,"","",NA,NA,"",0,0,0,"",0,0,0,0,NA,"",NA,NA,NA,"",NA,NA,NA,"",0,0,0,"",0,0,0,"",NA,"","","",NA,NA,"",NA,NA,"",0,0,"",0,0,0,0,0,NA,"",NA,NA,"",NA,NA,NA,"",0,0,NA,"",NA,"",NA,NA,NA,NA,NA,NA,"",0,0,0,0,NA,NA,NA,NA,NA,NA,NA,NA,NA,NA,NA,NA,NA,"uuid:5f8afbd1-f448-43d4-93d4-38b8d05833b1","uuid:5f8afbd1-f448-43d4-93d4-38b8d05833b1/survey_grp/Section_Livestock/livestock_repeat[2]","82"
1,"horses","Chevaux",NA,NA,1,"local",0,1,"in_night",NA,0,0,0,NA,NA,NA,"Male_Youth",0,0,0,0,0,1,0,"",0,0,0,0,0,0,0,NA,NA,NA,"",0,0,NA,"","",NA,NA,"",0,0,0,"",0,0,0,0,NA,"",NA,NA,NA,"",NA,NA,NA,"",0,0,0,"",0,0,0,"",NA,"","","",NA,NA,"",NA,NA,"",0,0,"",0,0,0,0,0,NA,"",NA,NA,"",NA,NA,NA,"",0,0,NA,"",NA,"",NA,NA,NA,NA,NA,NA,"",0,0,0,0,NA,NA,NA,NA,NA,NA,NA,NA,NA,NA,NA,NA,NA,"uuid:5df51d33-bf4e-415e-91d5-5817b2a15f61","uuid:5df51d33-bf4e-415e-91d5-5817b2a15f61/survey_grp/Section_Livestock/livestock_repeat[1]","107"
1,"horses","Chevaux",NA,NA,2,"local",0,1,"in_night",NA,0,0,0,NA,NA,NA,"Male_Youth",0,0,0,0,0,1,0,"",0,0,0,0,0,0,0,NA,NA,NA,"",0,0,NA,"","",NA,NA,"",0,0,0,"",0,0,0,0,NA,"",NA,NA,NA,"",NA,NA,NA,"",0,0,0,"",0,0,0,"",NA,"","","",NA,NA,"",NA,NA,"",0,0,"",0,0,0,0,0,NA,"",NA,NA,"",NA,NA,NA,"",0,0,NA,"",NA,"",NA,NA,NA,NA,NA,NA,"",0,0,0,0,NA,NA,NA,NA,NA,NA,NA,NA,NA,NA,NA,NA,NA,"uuid:381638e4-68e3-4761-83e7-371bdc66759d","uuid:381638e4-68e3-4761-83e7-371bdc66759d/survey_grp/Section_Livestock/livestock_repeat[1]","1FW6P0"
1,"horses","Chevaux",NA,NA,1,"local",0,1,"in_night",NA,0,0,0,NA,NA,NA,"Male_adult",0,0,0,1,0,0,0,"",0,0,0,0,0,0,0,NA,NA,NA,"",0,0,NA,"","",NA,NA,"",0,0,0,"",0,0,0,0,NA,"",NA,NA,NA,"",NA,NA,NA,"",0,0,0,"",0,0,0,"",NA,"","","",NA,NA,"",NA,NA,"",0,0,"",0,0,0,0,0,NA,"",NA,NA,"",NA,NA,NA,"",0,0,NA,"",NA,"",NA,NA,NA,NA,NA,NA,"",0,0,0,0,NA,NA,NA,NA,NA,NA,NA,NA,NA,NA,NA,NA,NA,"uuid:ba4e7930-364b-430b-929a-22814d7479ba","uuid:ba4e7930-364b-430b-929a-22814d7479ba/survey_grp/Section_Livestock/livestock_repeat[1]","110"
1,"horses","Chevaux",NA,NA,2,"local",0,1,"in_night_and_half_day",NA,0,0,0,NA,NA,NA,"Male_adult",0,0,0,1,0,0,0,"",0,0,0,0,0,0,0,NA,NA,NA,"",0,0,NA,"","",NA,NA,"",0,0,0,"",0,0,0,0,NA,"",NA,NA,NA,"",NA,NA,NA,"",0,0,0,"",0,0,0,"",NA,"","","",NA,NA,"",NA,NA,"",0,0,"",0,0,0,0,0,NA,"",NA,NA,"",NA,NA,NA,"",0,0,NA,"",NA,"",NA,NA,NA,NA,NA,NA,"",0,0,0,0,NA,NA,NA,NA,NA,NA,NA,NA,NA,NA,NA,NA,NA,"uuid:112a254b-2387-4153-900d-932532960ea3","uuid:112a254b-2387-4153-900d-932532960ea3/survey_grp/Section_Livestock/livestock_repeat[1]","49BPWD"
2,"sheep","Ovins",NA,NA,NA,"local",0,1,"in_night_and_half_day",NA,0,0,0,NA,NA,NA,"Male_adult",0,0,0,1,0,0,0,"",0,0,0,0,0,0,0,NA,0,NA,"",0,0,NA,"","",NA,NA,"",0,0,0,"",0,0,0,0,NA,"N",NA,NA,NA,"",NA,NA,NA,"",0,0,0,"",0,0,0,"",NA,"","","",NA,NA,"",NA,NA,"",0,0,"",0,0,0,0,0,NA,"",NA,NA,"",NA,NA,NA,"",0,0,NA,"",NA,"",NA,NA,NA,NA,NA,NA,"",0,0,0,0,NA,NA,NA,NA,NA,NA,NA,NA,NA,NA,NA,NA,NA,"uuid:112a254b-2387-4153-900d-932532960ea3","uuid:112a254b-2387-4153-900d-932532960ea3/survey_grp/Section_Livestock/livestock_repeat[2]","49BPWD"
1,"goats","Caprins",NA,NA,NA,"local",0,1,"",NA,0,2,0,NA,NA,NA,"Male_adult",0,0,0,1,0,0,0,"",0,0,0,0,0,0,0,NA,0,NA,"",0,0,NA,"","",NA,NA,"",0,0,0,"",0,0,0,0,NA,"N",NA,NA,NA,"",NA,NA,NA,"",0,0,0,"",0,0,0,"",NA,"","","",NA,NA,"",NA,NA,"",0,0,"",0,0,0,0,0,NA,"",NA,NA,"",NA,NA,NA,"",0,0,NA,"",NA,"",NA,NA,NA,NA,NA,NA,"",0,0,0,0,NA,NA,NA,NA,NA,NA,NA,NA,NA,NA,NA,NA,NA,"uuid:aec04af1-9eea-4c01-b650-8f508bcaf0ca","uuid:aec04af1-9eea-4c01-b650-8f508bcaf0ca/survey_grp/Section_Livestock/livestock_repeat[1]","1AY9KM"
1,"horses","Chevaux",NA,NA,2,"local",0,1,"",NA,0,0,0,NA,NA,NA,"Male_adult",0,0,0,1,0,0,0,"",0,0,0,0,0,0,0,NA,NA,NA,"",0,0,NA,"","",NA,NA,"",0,0,0,"",0,0,0,0,NA,"",NA,NA,NA,"",NA,NA,NA,"",0,0,0,"",0,0,0,"",NA,"","","",NA,NA,"",NA,NA,"",0,0,"",0,0,0,0,0,NA,"",NA,NA,"",NA,NA,NA,"",0,0,NA,"",NA,"",NA,NA,NA,NA,NA,NA,"",0,0,0,0,NA,NA,NA,NA,NA,NA,NA,NA,NA,NA,NA,NA,NA,"uuid:12c6bc70-ad10-4331-91cf-e2e2147a9b17","uuid:12c6bc70-ad10-4331-91cf-e2e2147a9b17/survey_grp/Section_Livestock/livestock_repeat[1]","597"
2,"chicken","Poules",NA,NA,NA,"local",0,1,"",NA,0,20,10,NA,5,NA,"Female_adult Female_Youth",1,0,1,0,0,0,0,"Female_adult Female_Youth",1,1,0,0,0,0,5,NA,0,NA,"",0,0,NA,"","",NA,NA,"",0,0,0,"",0,0,0,0,NA,"",NA,NA,NA,"",NA,NA,NA,"",0,0,0,"",0,0,0,"",NA,"","","",NA,NA,"",NA,NA,"",0,0,"",0,0,0,0,0,NA,"N",NA,NA,"",NA,NA,NA,"",0,0,NA,"",NA,"",NA,NA,NA,NA,NA,NA,"",0,0,0,0,NA,NA,NA,NA,NA,NA,NA,NA,NA,NA,NA,NA,NA,"uuid:12c6bc70-ad10-4331-91cf-e2e2147a9b17","uuid:12c6bc70-ad10-4331-91cf-e2e2147a9b17/survey_grp/Section_Livestock/livestock_repeat[2]","597"
1,"horses","Chevaux",NA,NA,2,"local",0,1,"in_night",NA,0,1,0,NA,NA,NA,"Male_adult",0,0,0,1,0,0,0,"",0,0,0,0,0,0,0,NA,NA,NA,"",0,0,NA,"","",NA,NA,"",0,0,0,"",0,0,0,0,NA,"",NA,NA,NA,"",NA,NA,NA,"",0,0,0,"",0,0,0,"",NA,"","","",NA,NA,"",NA,NA,"",0,0,"",0,0,0,0,0,NA,"",NA,NA,"",NA,NA,NA,"",0,0,NA,"",NA,"",NA,NA,NA,NA,NA,NA,"",0,0,0,0,NA,NA,NA,NA,NA,NA,NA,NA,NA,NA,NA,NA,NA,"uuid:5537e72e-0014-482a-bce5-d46576f9eddd","uuid:5537e72e-0014-482a-bce5-d46576f9eddd/survey_grp/Section_Livestock/livestock_repeat[1]","AR9EXT"
1,"sheep","Ovins",NA,NA,NA,"local improved",1,1,"in_night",NA,2,3,4,NA,800000,NA,"Male_adult",0,0,0,1,0,0,0,"Male_adult",0,0,1,0,0,0,1,NA,1,NA,"use",0,1,NA,"All","",NA,NA,"",0,0,0,"Male_adult",0,0,1,0,NA,"N",NA,NA,NA,"",NA,NA,NA,"",0,0,0,"",0,0,0,"",NA,"","","",NA,NA,"",NA,NA,"",0,0,"",0,0,0,0,0,NA,"",NA,NA,"",NA,NA,NA,"",0,0,NA,"",NA,"",NA,NA,NA,NA,NA,NA,"",0,0,0,0,NA,NA,NA,NA,NA,NA,NA,NA,NA,NA,NA,NA,NA,"uuid:519dbc7c-e65f-46e7-bd82-219c76f9c0de","uuid:519dbc7c-e65f-46e7-bd82-219c76f9c0de/survey_grp/Section_Livestock/livestock_repeat[1]","0RA7VU"
1,"cattle","Bovins",NA,NA,2,"local",0,1,"in_night",NA,0,3,2,NA,1200000,NA,"Male_adult",0,0,0,1,0,0,0,"Male_adult",0,0,1,0,0,0,0,NA,0,NA,"",0,0,NA,"","",NA,NA,"",0,0,0,"",0,0,0,0,NA,"Y",NA,3,9,"l/day",NA,5,NA,"use sell dairy",1,1,1,"yoghurt",0,0,1,"",NA,"Most","Little","Most",NA,150000,"year",NA,NA,"Male_adult",0,1,"Male_adult Female_adult Male_Youth",1,0,1,1,0,NA,"",NA,NA,"",NA,NA,NA,"",0,0,NA,"",NA,"",NA,NA,NA,NA,NA,NA,"",0,0,0,0,NA,NA,NA,NA,NA,NA,NA,NA,NA,NA,NA,NA,NA,"uuid:ad44205e-314e-458a-ac4e-d39bea2f8bba","uuid:ad44205e-314e-458a-ac4e-d39bea2f8bba/survey_grp/Section_Livestock/livestock_repeat[1]","W3K1C7"
1,"sheep","Ovins",NA,NA,NA,"local improved",1,1,"in_night",NA,3,2,4,NA,600000,NA,"Male_adult",0,0,0,1,0,0,0,"Male_adult",0,0,1,0,0,0,1,NA,1,NA,"use",0,1,NA,"All","",NA,NA,"",0,0,0,"Male_adult",0,0,1,0,NA,"N",NA,NA,NA,"",NA,NA,NA,"",0,0,0,"",0,0,0,"",NA,"","","",NA,NA,"",NA,NA,"",0,0,"",0,0,0,0,0,NA,"",NA,NA,"",NA,NA,NA,"",0,0,NA,"",NA,"",NA,NA,NA,NA,NA,NA,"",0,0,0,0,NA,NA,NA,NA,NA,NA,NA,NA,NA,NA,NA,NA,NA,"uuid:a2b6d660-a3fd-4fd2-8485-9ec10c293138","uuid:a2b6d660-a3fd-4fd2-8485-9ec10c293138/survey_grp/Section_Livestock/livestock_repeat[1]","PEQ0SV"
1,"goats","Caprins",NA,NA,NA,"local",0,1,"",NA,0,1,0,NA,NA,NA,"Male_adult",0,0,0,1,0,0,0,"",0,0,0,0,0,0,0,NA,0,NA,"",0,0,NA,"","",NA,NA,"",0,0,0,"",0,0,0,0,NA,"Y",NA,1,1.5,"l/day",NA,0.5,NA,"use sell",0,1,1,"",0,0,0,"",NA,"","Half","Half",NA,0,"year",NA,NA,"Male_adult",0,1,"Male_adult",0,0,1,0,0,NA,"",NA,NA,"",NA,NA,NA,"",0,0,NA,"",NA,"",NA,NA,NA,NA,NA,NA,"",0,0,0,0,NA,NA,NA,NA,NA,NA,NA,NA,NA,NA,NA,NA,NA,"uuid:db50af09-61eb-4420-99dd-485557e43b56","uuid:db50af09-61eb-4420-99dd-485557e43b56/survey_grp/Section_Livestock/livestock_repeat[1]","SMANFV"
1,"horses","Chevaux",NA,NA,2,"local",0,1,"in_night",NA,0,0,0,NA,NA,NA,"Male_adult",0,0,0,1,0,0,0,"",0,0,0,0,0,0,0,NA,NA,NA,"",0,0,NA,"","",NA,NA,"",0,0,0,"",0,0,0,0,NA,"",NA,NA,NA,"",NA,NA,NA,"",0,0,0,"",0,0,0,"",NA,"","","",NA,NA,"",NA,NA,"",0,0,"",0,0,0,0,0,NA,"",NA,NA,"",NA,NA,NA,"",0,0,NA,"",NA,"",NA,NA,NA,NA,NA,NA,"",0,0,0,0,NA,NA,NA,NA,NA,NA,NA,NA,NA,NA,NA,NA,NA,"uuid:d65eb045-f6f0-4800-a851-3524ad8c2726","uuid:d65eb045-f6f0-4800-a851-3524ad8c2726/survey_grp/Section_Livestock/livestock_repeat[1]","606"
1,"donkey","Anes",NA,NA,NA,"local",0,1,"in_night_and_half_day",NA,0,0,0,NA,NA,NA,"Male_adult",0,0,0,1,0,0,0,"",0,0,0,0,0,0,0,NA,0,NA,"",0,0,NA,"","",NA,NA,"",0,0,0,"",0,0,0,0,NA,"",NA,NA,NA,"",NA,NA,NA,"",0,0,0,"",0,0,0,"",NA,"","","",NA,NA,"",NA,NA,"",0,0,"",0,0,0,0,0,NA,"",NA,NA,"",NA,NA,NA,"",0,0,NA,"",NA,"",NA,NA,NA,NA,NA,NA,"",0,0,0,0,NA,NA,NA,NA,NA,NA,NA,NA,NA,NA,NA,NA,NA,"uuid:0838a61d-fbce-4dda-a0ac-c9bc58d022a3","uuid:0838a61d-fbce-4dda-a0ac-c9bc58d022a3/survey_grp/Section_Livestock/livestock_repeat[1]","XGGLW5"
1,"horses","Chevaux",NA,NA,1,"local",0,1,"in_night_and_half_day",NA,1,1,0,NA,NA,NA,"Male_adult",0,0,0,1,0,0,0,"",0,0,0,0,0,0,0,NA,NA,NA,"",0,0,NA,"","",NA,NA,"",0,0,0,"",0,0,0,0,NA,"",NA,NA,NA,"",NA,NA,NA,"",0,0,0,"",0,0,0,"",NA,"","","",NA,NA,"",NA,NA,"",0,0,"",0,0,0,0,0,NA,"",NA,NA,"",NA,NA,NA,"",0,0,NA,"",NA,"",NA,NA,NA,NA,NA,NA,"",0,0,0,0,NA,NA,NA,NA,NA,NA,NA,NA,NA,NA,NA,NA,NA,"uuid:8528ddc9-ad33-4686-87f1-f5f48fe28fdf","uuid:8528ddc9-ad33-4686-87f1-f5f48fe28fdf/survey_grp/Section_Livestock/livestock_repeat[1]","LJ5FH1"
1,"horses","Chevaux",NA,NA,2,"local",0,1,"in_night_and_half_day",NA,1,0,0,NA,NA,NA,"Male_adult",0,0,0,1,0,0,0,"",0,0,0,0,0,0,0,NA,NA,NA,"",0,0,NA,"","",NA,NA,"",0,0,0,"",0,0,0,0,NA,"",NA,NA,NA,"",NA,NA,NA,"",0,0,0,"",0,0,0,"",NA,"","","",NA,NA,"",NA,NA,"",0,0,"",0,0,0,0,0,NA,"",NA,NA,"",NA,NA,NA,"",0,0,NA,"",NA,"",NA,NA,NA,NA,NA,NA,"",0,0,0,0,NA,NA,NA,NA,NA,NA,NA,NA,NA,NA,NA,NA,NA,"uuid:a51a96e2-4092-49bb-9a9b-f9aadaed134c","uuid:a51a96e2-4092-49bb-9a9b-f9aadaed134c/survey_grp/Section_Livestock/livestock_repeat[1]","5IGGTV"
1,"horses","Chevaux",NA,NA,1,"local",0,1,"in_night_and_half_day",NA,0,0,0,NA,NA,NA,"Male_adult",0,0,0,1,0,0,0,"",0,0,0,0,0,0,0,NA,NA,NA,"",0,0,NA,"","",NA,NA,"",0,0,0,"",0,0,0,0,NA,"",NA,NA,NA,"",NA,NA,NA,"",0,0,0,"",0,0,0,"",NA,"","","",NA,NA,"",NA,NA,"",0,0,"",0,0,0,0,0,NA,"",NA,NA,"",NA,NA,NA,"",0,0,NA,"",NA,"",NA,NA,NA,NA,NA,NA,"",0,0,0,0,NA,NA,NA,NA,NA,NA,NA,NA,NA,NA,NA,NA,NA,"uuid:ef194708-ff47-45a1-9123-a7bf3f369386","uuid:ef194708-ff47-45a1-9123-a7bf3f369386/survey_grp/Section_Livestock/livestock_repeat[1]","YEBCEN"
1,"horses","Chevaux",NA,NA,1,"local",0,1,"in_night_and_half_day",NA,0,0,0,NA,NA,NA,"Male_adult Male_Youth",0,0,0,1,0,1,0,"",0,0,0,0,0,0,0,NA,NA,NA,"",0,0,NA,"","",NA,NA,"",0,0,0,"",0,0,0,0,NA,"",NA,NA,NA,"",NA,NA,NA,"",0,0,0,"",0,0,0,"",NA,"","","",NA,NA,"",NA,NA,"",0,0,"",0,0,0,0,0,NA,"",NA,NA,"",NA,NA,NA,"",0,0,NA,"",NA,"",NA,NA,NA,NA,NA,NA,"",0,0,0,0,NA,NA,NA,NA,NA,NA,NA,NA,NA,NA,NA,NA,NA,"uuid:0bb20363-7398-44cf-8fec-ed5cb7fb86f8","uuid:0bb20363-7398-44cf-8fec-ed5cb7fb86f8/survey_grp/Section_Livestock/livestock_repeat[1]","OCGA32"
1,"donkey","Anes",NA,NA,NA,"local",0,1,"",NA,0,0,1,NA,0,NA,"Male_adult",0,0,0,1,0,0,0,"Male_adult",0,0,1,0,0,0,0,NA,0,NA,"",0,0,NA,"","",NA,NA,"",0,0,0,"",0,0,0,0,NA,"",NA,NA,NA,"",NA,NA,NA,"",0,0,0,"",0,0,0,"",NA,"","","",NA,NA,"",NA,NA,"",0,0,"",0,0,0,0,0,NA,"",NA,NA,"",NA,NA,NA,"",0,0,NA,"",NA,"",NA,NA,NA,NA,NA,NA,"",0,0,0,0,NA,NA,NA,NA,NA,NA,NA,NA,NA,NA,NA,NA,NA,"uuid:74c776bb-af5a-42d1-8c44-47d1a86b3fc5","uuid:74c776bb-af5a-42d1-8c44-47d1a86b3fc5/survey_grp/Section_Livestock/livestock_repeat[1]","599"
1,"horses","Chevaux",NA,NA,1,"local",0,1,"",NA,0,0,0,NA,NA,NA,"Male_adult",0,0,0,1,0,0,0,"",0,0,0,0,0,0,0,NA,NA,NA,"",0,0,NA,"","",NA,NA,"",0,0,0,"",0,0,0,0,NA,"",NA,NA,NA,"",NA,NA,NA,"",0,0,0,"",0,0,0,"",NA,"","","",NA,NA,"",NA,NA,"",0,0,"",0,0,0,0,0,NA,"",NA,NA,"",NA,NA,NA,"",0,0,NA,"",NA,"",NA,NA,NA,NA,NA,NA,"",0,0,0,0,NA,NA,NA,NA,NA,NA,NA,NA,NA,NA,NA,NA,NA,"uuid:3cfa5a83-2b12-4080-93fc-d8c84078e2ce","uuid:3cfa5a83-2b12-4080-93fc-d8c84078e2ce/survey_grp/Section_Livestock/livestock_repeat[1]","428"
1,"donkey","Anes",NA,NA,NA,"local",0,1,"in_night_and_half_day",NA,0,0,0,NA,NA,NA,"Male_adult",0,0,0,1,0,0,0,"",0,0,0,0,0,0,0,NA,0,NA,"",0,0,NA,"","",NA,NA,"",0,0,0,"",0,0,0,0,NA,"",NA,NA,NA,"",NA,NA,NA,"",0,0,0,"",0,0,0,"",NA,"","","",NA,NA,"",NA,NA,"",0,0,"",0,0,0,0,0,NA,"",NA,NA,"",NA,NA,NA,"",0,0,NA,"",NA,"",NA,NA,NA,NA,NA,NA,"",0,0,0,0,NA,NA,NA,NA,NA,NA,NA,NA,NA,NA,NA,NA,NA,"uuid:1c76a85e-d287-4c2c-ba96-0d2e30d98a46","uuid:1c76a85e-d287-4c2c-ba96-0d2e30d98a46/survey_grp/Section_Livestock/livestock_repeat[1]","AE2FKC"
1,"cattle","Bovins",NA,NA,0,"local",0,1,"in_night_and_half_day",NA,0,1,0,NA,NA,NA,"Male_adult",0,0,0,1,0,0,0,"",0,0,0,0,0,0,0,NA,0,NA,"",0,0,NA,"","",NA,NA,"",0,0,0,"",0,0,0,0,NA,"N",NA,NA,NA,"",NA,NA,NA,"",0,0,0,"",0,0,0,"",NA,"","","",NA,NA,"",NA,NA,"",0,0,"",0,0,0,0,0,NA,"",NA,NA,"",NA,NA,NA,"",0,0,NA,"",NA,"",NA,NA,NA,NA,NA,NA,"",0,0,0,0,NA,NA,NA,NA,NA,NA,NA,NA,NA,NA,NA,NA,NA,"uuid:49d1e1ec-247e-4125-a844-0e376cacf0f9","uuid:49d1e1ec-247e-4125-a844-0e376cacf0f9/survey_grp/Section_Livestock/livestock_repeat[1]","374"
2,"horses","Chevaux",NA,NA,1,"local",0,1,"in_night_and_half_day",NA,0,1,0,NA,NA,NA,"Male_adult",0,0,0,1,0,0,0,"",0,0,0,0,0,0,0,NA,NA,NA,"",0,0,NA,"","",NA,NA,"",0,0,0,"",0,0,0,0,NA,"",NA,NA,NA,"",NA,NA,NA,"",0,0,0,"",0,0,0,"",NA,"","","",NA,NA,"",NA,NA,"",0,0,"",0,0,0,0,0,NA,"",NA,NA,"",NA,NA,NA,"",0,0,NA,"",NA,"",NA,NA,NA,NA,NA,NA,"",0,0,0,0,NA,NA,NA,NA,NA,NA,NA,NA,NA,NA,NA,NA,NA,"uuid:49d1e1ec-247e-4125-a844-0e376cacf0f9","uuid:49d1e1ec-247e-4125-a844-0e376cacf0f9/survey_grp/Section_Livestock/livestock_repeat[2]","374"
3,"goats","Caprins",NA,NA,NA,"local",0,1,"in_night_and_half_day",NA,3,2,0,NA,NA,NA,"Male_adult",0,0,0,1,0,0,0,"",0,0,0,0,0,0,0,NA,0,NA,"",0,0,NA,"","",NA,NA,"",0,0,0,"",0,0,0,0,NA,"N",NA,NA,NA,"",NA,NA,NA,"",0,0,0,"",0,0,0,"",NA,"","","",NA,NA,"",NA,NA,"",0,0,"",0,0,0,0,0,NA,"",NA,NA,"",NA,NA,NA,"",0,0,NA,"",NA,"",NA,NA,NA,NA,NA,NA,"",0,0,0,0,NA,NA,NA,NA,NA,NA,NA,NA,NA,NA,NA,NA,NA,"uuid:49d1e1ec-247e-4125-a844-0e376cacf0f9","uuid:49d1e1ec-247e-4125-a844-0e376cacf0f9/survey_grp/Section_Livestock/livestock_repeat[3]","374"
1,"donkey","Anes",NA,NA,NA,"local",0,1,"in_night",NA,0,0,0,NA,NA,NA,"Male_adult",0,0,0,1,0,0,0,"",0,0,0,0,0,0,0,NA,0,NA,"",0,0,NA,"","",NA,NA,"",0,0,0,"",0,0,0,0,NA,"",NA,NA,NA,"",NA,NA,NA,"",0,0,0,"",0,0,0,"",NA,"","","",NA,NA,"",NA,NA,"",0,0,"",0,0,0,0,0,NA,"",NA,NA,"",NA,NA,NA,"",0,0,NA,"",NA,"",NA,NA,NA,NA,NA,NA,"",0,0,0,0,NA,NA,NA,NA,NA,NA,NA,NA,NA,NA,NA,NA,NA,"uuid:549c062f-ab9b-4b98-a4c8-43206b22bb05","uuid:549c062f-ab9b-4b98-a4c8-43206b22bb05/survey_grp/Section_Livestock/livestock_repeat[1]","JQNOXK"
1,"horses","Chevaux",NA,NA,1,"local",0,1,"in_night",NA,0,0,0,NA,NA,NA,"Male_Youth",0,0,0,0,0,1,0,"",0,0,0,0,0,0,1,NA,NA,NA,"",0,0,NA,"","",NA,NA,"",0,0,0,"",0,0,0,0,NA,"",NA,NA,NA,"",NA,NA,NA,"",0,0,0,"",0,0,0,"",NA,"","","",NA,NA,"",NA,NA,"",0,0,"",0,0,0,0,0,NA,"",NA,NA,"",NA,NA,NA,"",0,0,NA,"",NA,"",NA,NA,NA,NA,NA,NA,"",0,0,0,0,NA,NA,NA,NA,NA,NA,NA,NA,NA,NA,NA,NA,NA,"uuid:defc7030-ae83-4108-8dae-637198053cff","uuid:defc7030-ae83-4108-8dae-637198053cff/survey_grp/Section_Livestock/livestock_repeat[1]","T98WR0"
1,"horses","Chevaux",NA,NA,1,"local",0,1,"in_night",NA,0,0,0,NA,NA,NA,"Male_adult",0,0,0,1,0,0,0,"",0,0,0,0,0,0,0,NA,NA,NA,"",0,0,NA,"","",NA,NA,"",0,0,0,"",0,0,0,0,NA,"",NA,NA,NA,"",NA,NA,NA,"",0,0,0,"",0,0,0,"",NA,"","","",NA,NA,"",NA,NA,"",0,0,"",0,0,0,0,0,NA,"",NA,NA,"",NA,NA,NA,"",0,0,NA,"",NA,"",NA,NA,NA,NA,NA,NA,"",0,0,0,0,NA,NA,NA,NA,NA,NA,NA,NA,NA,NA,NA,NA,NA,"uuid:726cdbc7-135c-437e-88e3-bee3e4dddf50","uuid:726cdbc7-135c-437e-88e3-bee3e4dddf50/survey_grp/Section_Livestock/livestock_repeat[1]","Q0XXGB"
1,"chicken","Poules",NA,NA,NA,"local improved",1,1,"",NA,6,22,4,NA,14000,NA,"Female_adult",1,0,0,0,0,0,0,"Female_adult",1,0,0,0,0,0,0,NA,3,NA,"use",0,1,NA,"UnderHalf","",NA,NA,"",0,0,0,"Female_adult",1,0,0,0,NA,"",NA,NA,NA,"",NA,NA,NA,"",0,0,0,"",0,0,0,"",NA,"","","",NA,NA,"",NA,NA,"",0,0,"",0,0,0,0,0,NA,"Y",NA,3,"pieces/day",NA,1,NA,"hatch use",1,1,NA,"UnderHalf",NA,"Most",NA,NA,NA,NA,NA,NA,"Female_adult",1,0,0,0,NA,NA,NA,NA,NA,NA,NA,NA,NA,NA,NA,NA,NA,"uuid:6c4260cc-0888-4da5-b352-8ac236384cd5","uuid:6c4260cc-0888-4da5-b352-8ac236384cd5/survey_grp/Section_Livestock/livestock_repeat[1]","247"
1,"horses","Chevaux",NA,NA,1,"local",0,1,"in_night",NA,0,0,0,NA,NA,NA,"Male_adult",0,0,0,1,0,0,0,"",0,0,0,0,0,0,0,NA,NA,NA,"",0,0,NA,"","",NA,NA,"",0,0,0,"",0,0,0,0,NA,"",NA,NA,NA,"",NA,NA,NA,"",0,0,0,"",0,0,0,"",NA,"","","",NA,NA,"",NA,NA,"",0,0,"",0,0,0,0,0,NA,"",NA,NA,"",NA,NA,NA,"",0,0,NA,"",NA,"",NA,NA,NA,NA,NA,NA,"",0,0,0,0,NA,NA,NA,NA,NA,NA,NA,NA,NA,NA,NA,NA,NA,"uuid:0bdceebe-4639-4853-9991-45e1f044d220","uuid:0bdceebe-4639-4853-9991-45e1f044d220/survey_grp/Section_Livestock/livestock_repeat[1]","598"
1,"sheep","Ovins",NA,NA,NA,"local",0,1,"in_night_and_half_day",NA,0,2,0,NA,NA,NA,"Male_adult",0,0,0,1,0,0,0,"",0,0,0,0,0,0,0,NA,0,NA,"",0,0,NA,"","",NA,NA,"",0,0,0,"",0,0,0,0,NA,"N",NA,NA,NA,"",NA,NA,NA,"",0,0,0,"",0,0,0,"",NA,"","","",NA,NA,"",NA,NA,"",0,0,"",0,0,0,0,0,NA,"",NA,NA,"",NA,NA,NA,"",0,0,NA,"",NA,"",NA,NA,NA,NA,NA,NA,"",0,0,0,0,NA,NA,NA,NA,NA,NA,NA,NA,NA,NA,NA,NA,NA,"uuid:6357e9ae-d930-4462-8d1b-42f33f131014","uuid:6357e9ae-d930-4462-8d1b-42f33f131014/survey_grp/Section_Livestock/livestock_repeat[1]","Y1BBO1"
1,"donkey","Anes",NA,NA,NA,"local",0,1,"in_night_and_half_day",NA,0,0,0,NA,NA,NA,"Male_adult",0,0,0,1,0,0,0,"",0,0,0,0,0,0,0,NA,0,NA,"",0,0,NA,"","",NA,NA,"",0,0,0,"",0,0,0,0,NA,"",NA,NA,NA,"",NA,NA,NA,"",0,0,0,"",0,0,0,"",NA,"","","",NA,NA,"",NA,NA,"",0,0,"",0,0,0,0,0,NA,"",NA,NA,"",NA,NA,NA,"",0,0,NA,"",NA,"",NA,NA,NA,NA,NA,NA,"",0,0,0,0,NA,NA,NA,NA,NA,NA,NA,NA,NA,NA,NA,NA,NA,"uuid:d4c36bbb-1a18-4980-999b-14afdac339a8","uuid:d4c36bbb-1a18-4980-999b-14afdac339a8/survey_grp/Section_Livestock/livestock_repeat[1]","376"
2,"horses","Chevaux",NA,NA,1,"local",0,1,"in_night_and_half_day",NA,0,1,0,NA,NA,NA,"Male_adult",0,0,0,1,0,0,0,"",0,0,0,0,0,0,0,NA,NA,NA,"",0,0,NA,"","",NA,NA,"",0,0,0,"",0,0,0,0,NA,"",NA,NA,NA,"",NA,NA,NA,"",0,0,0,"",0,0,0,"",NA,"","","",NA,NA,"",NA,NA,"",0,0,"",0,0,0,0,0,NA,"",NA,NA,"",NA,NA,NA,"",0,0,NA,"",NA,"",NA,NA,NA,NA,NA,NA,"",0,0,0,0,NA,NA,NA,NA,NA,NA,NA,NA,NA,NA,NA,NA,NA,"uuid:d4c36bbb-1a18-4980-999b-14afdac339a8","uuid:d4c36bbb-1a18-4980-999b-14afdac339a8/survey_grp/Section_Livestock/livestock_repeat[2]","376"
1,"donkey","Anes",NA,NA,NA,"local",0,1,"in_night_and_half_day",NA,0,0,0,NA,NA,NA,"Male_adult",0,0,0,1,0,0,0,"",0,0,0,0,0,0,0,NA,0,NA,"",0,0,NA,"","",NA,NA,"",0,0,0,"",0,0,0,0,NA,"",NA,NA,NA,"",NA,NA,NA,"",0,0,0,"",0,0,0,"",NA,"","","",NA,NA,"",NA,NA,"",0,0,"",0,0,0,0,0,NA,"",NA,NA,"",NA,NA,NA,"",0,0,NA,"",NA,"",NA,NA,NA,NA,NA,NA,"",0,0,0,0,NA,NA,NA,NA,NA,NA,NA,NA,NA,NA,NA,NA,NA,"uuid:5259e8df-1b98-4546-977e-146cbd4b91bc","uuid:5259e8df-1b98-4546-977e-146cbd4b91bc/survey_grp/Section_Livestock/livestock_repeat[1]","7QQCZ8"
1,"goats","Caprins",NA,NA,NA,"local",0,1,"in_night_and_half_day",NA,0,3,0,NA,NA,NA,"Male_adult",0,0,0,1,0,0,0,"",0,0,0,0,0,0,0,NA,0,NA,"",0,0,NA,"","",NA,NA,"",0,0,0,"",0,0,0,0,NA,"N",NA,NA,NA,"",NA,NA,NA,"",0,0,0,"",0,0,0,"",NA,"","","",NA,NA,"",NA,NA,"",0,0,"",0,0,0,0,0,NA,"",NA,NA,"",NA,NA,NA,"",0,0,NA,"",NA,"",NA,NA,NA,NA,NA,NA,"",0,0,0,0,NA,NA,NA,NA,NA,NA,NA,NA,NA,NA,NA,NA,NA,"uuid:a41ca88e-a333-4d3c-9756-c3263bc6c7fb","uuid:a41ca88e-a333-4d3c-9756-c3263bc6c7fb/survey_grp/Section_Livestock/livestock_repeat[1]","LUKLMY"
2,"cattle","Bovins",NA,NA,4,"local",0,1,"in_night_and_half_day",NA,4,2,0,NA,NA,NA,"Male_adult",0,0,0,1,0,0,0,"",0,0,0,0,0,0,0,NA,0,NA,"",0,0,NA,"","",NA,NA,"",0,0,0,"",0,0,0,0,NA,"N",NA,NA,NA,"",NA,NA,NA,"",0,0,0,"",0,0,0,"",NA,"","","",NA,NA,"",NA,NA,"",0,0,"",0,0,0,0,0,NA,"",NA,NA,"",NA,NA,NA,"",0,0,NA,"",NA,"",NA,NA,NA,NA,NA,NA,"",0,0,0,0,NA,NA,NA,NA,NA,NA,NA,NA,NA,NA,NA,NA,NA,"uuid:a41ca88e-a333-4d3c-9756-c3263bc6c7fb","uuid:a41ca88e-a333-4d3c-9756-c3263bc6c7fb/survey_grp/Section_Livestock/livestock_repeat[2]","LUKLMY"
1,"sheep","Ovins",NA,NA,NA,"local",0,1,"in_night_and_half_day",NA,0,1,0,NA,NA,NA,"Male_adult",0,0,0,1,0,0,0,"",0,0,0,0,0,0,0,NA,0,NA,"",0,0,NA,"","",NA,NA,"",0,0,0,"",0,0,0,0,NA,"N",NA,NA,NA,"",NA,NA,NA,"",0,0,0,"",0,0,0,"",NA,"","","",NA,NA,"",NA,NA,"",0,0,"",0,0,0,0,0,NA,"",NA,NA,"",NA,NA,NA,"",0,0,NA,"",NA,"",NA,NA,NA,NA,NA,NA,"",0,0,0,0,NA,NA,NA,NA,NA,NA,NA,NA,NA,NA,NA,NA,NA,"uuid:a7e769d0-6e5e-426f-a713-de7e258e1c98","uuid:a7e769d0-6e5e-426f-a713-de7e258e1c98/survey_grp/Section_Livestock/livestock_repeat[1]","118"
2,"horses","Chevaux",NA,NA,1,"local",0,1,"in_night_and_half_day",NA,0,0,0,NA,NA,NA,"Male_adult",0,0,0,1,0,0,0,"",0,0,0,0,0,0,0,NA,NA,NA,"",0,0,NA,"","",NA,NA,"",0,0,0,"",0,0,0,0,NA,"",NA,NA,NA,"",NA,NA,NA,"",0,0,0,"",0,0,0,"",NA,"","","",NA,NA,"",NA,NA,"",0,0,"",0,0,0,0,0,NA,"",NA,NA,"",NA,NA,NA,"",0,0,NA,"",NA,"",NA,NA,NA,NA,NA,NA,"",0,0,0,0,NA,NA,NA,NA,NA,NA,NA,NA,NA,NA,NA,NA,NA,"uuid:a7e769d0-6e5e-426f-a713-de7e258e1c98","uuid:a7e769d0-6e5e-426f-a713-de7e258e1c98/survey_grp/Section_Livestock/livestock_repeat[2]","118"
1,"horses","Chevaux",NA,NA,2,"local",0,1,"in_night_and_half_day",NA,0,1,0,NA,NA,NA,"Male_adult",0,0,0,1,0,0,0,"",0,0,0,0,0,0,0,NA,NA,NA,"",0,0,NA,"","",NA,NA,"",0,0,0,"",0,0,0,0,NA,"",NA,NA,NA,"",NA,NA,NA,"",0,0,0,"",0,0,0,"",NA,"","","",NA,NA,"",NA,NA,"",0,0,"",0,0,0,0,0,NA,"",NA,NA,"",NA,NA,NA,"",0,0,NA,"",NA,"",NA,NA,NA,NA,NA,NA,"",0,0,0,0,NA,NA,NA,NA,NA,NA,NA,NA,NA,NA,NA,NA,NA,"uuid:430ad947-ee29-4781-aae9-2da03d276bea","uuid:430ad947-ee29-4781-aae9-2da03d276bea/survey_grp/Section_Livestock/livestock_repeat[1]","K9GK4N"
2,"cattle","Bovins",NA,NA,3,"local",0,1,"in_night_and_half_day",NA,0,1,0,NA,NA,NA,"Male_adult",0,0,0,1,0,0,0,"",0,0,0,0,0,0,0,NA,0,NA,"",0,0,NA,"","",NA,NA,"",0,0,0,"",0,0,0,0,NA,"N",NA,NA,NA,"",NA,NA,NA,"",0,0,0,"",0,0,0,"",NA,"","","",NA,NA,"",NA,NA,"",0,0,"",0,0,0,0,0,NA,"",NA,NA,"",NA,NA,NA,"",0,0,NA,"",NA,"",NA,NA,NA,NA,NA,NA,"",0,0,0,0,NA,NA,NA,NA,NA,NA,NA,NA,NA,NA,NA,NA,NA,"uuid:430ad947-ee29-4781-aae9-2da03d276bea","uuid:430ad947-ee29-4781-aae9-2da03d276bea/survey_grp/Section_Livestock/livestock_repeat[2]","K9GK4N"
3,"goats","Caprins",NA,NA,NA,"local",0,1,"in_night_and_half_day",NA,0,2,0,NA,NA,NA,"Male_adult",0,0,0,1,0,0,0,"",0,0,0,0,0,0,0,NA,0,NA,"",0,0,NA,"","",NA,NA,"",0,0,0,"",0,0,0,0,NA,"N",NA,NA,NA,"",NA,NA,NA,"",0,0,0,"",0,0,0,"",NA,"","","",NA,NA,"",NA,NA,"",0,0,"",0,0,0,0,0,NA,"",NA,NA,"",NA,NA,NA,"",0,0,NA,"",NA,"",NA,NA,NA,NA,NA,NA,"",0,0,0,0,NA,NA,NA,NA,NA,NA,NA,NA,NA,NA,NA,NA,NA,"uuid:430ad947-ee29-4781-aae9-2da03d276bea","uuid:430ad947-ee29-4781-aae9-2da03d276bea/survey_grp/Section_Livestock/livestock_repeat[3]","K9GK4N"
1,"horses","Chevaux",NA,NA,1,"local",0,1,"out_all_time",NA,0,0,0,NA,NA,NA,"Male_adult",0,0,0,1,0,0,0,"",0,0,0,0,0,0,0,NA,NA,NA,"",0,0,NA,"","",NA,NA,"",0,0,0,"",0,0,0,0,NA,"",NA,NA,NA,"",NA,NA,NA,"",0,0,0,"",0,0,0,"",NA,"","","",NA,NA,"",NA,NA,"",0,0,"",0,0,0,0,0,NA,"",NA,NA,"",NA,NA,NA,"",0,0,NA,"",NA,"",NA,NA,NA,NA,NA,NA,"",0,0,0,0,NA,NA,NA,NA,NA,NA,NA,NA,NA,NA,NA,NA,NA,"uuid:001d8064-237a-4682-952a-af84224208b5","uuid:001d8064-237a-4682-952a-af84224208b5/survey_grp/Section_Livestock/livestock_repeat[1]","393"
1,"horses","Chevaux",NA,NA,2,"local",0,1,"in_night_and_half_day",NA,0,0,0,NA,NA,NA,"Male_adult",0,0,0,1,0,0,0,"",0,0,0,0,0,0,1,NA,NA,NA,"",0,0,NA,"","",NA,NA,"",0,0,0,"",0,0,0,0,NA,"",NA,NA,NA,"",NA,NA,NA,"",0,0,0,"",0,0,0,"",NA,"","","",NA,NA,"",NA,NA,"",0,0,"",0,0,0,0,0,NA,"",NA,NA,"",NA,NA,NA,"",0,0,NA,"",NA,"",NA,NA,NA,NA,NA,NA,"",0,0,0,0,NA,NA,NA,NA,NA,NA,NA,NA,NA,NA,NA,NA,NA,"uuid:b1e2661d-efc0-4fc4-862b-d864d5414872","uuid:b1e2661d-efc0-4fc4-862b-d864d5414872/survey_grp/Section_Livestock/livestock_repeat[1]","416"
1,"goats","Caprins",NA,NA,NA,"local",0,1,"",NA,4,0,0,NA,NA,NA,"Female_adult",1,0,0,0,0,0,0,"",0,0,0,0,0,0,6,NA,0,NA,"",0,0,NA,"","",NA,NA,"",0,0,0,"",0,0,0,0,NA,"N",NA,NA,NA,"",NA,NA,NA,"",0,0,0,"",0,0,0,"",NA,"","","",NA,NA,"",NA,NA,"",0,0,"",0,0,0,0,0,NA,"",NA,NA,"",NA,NA,NA,"",0,0,NA,"",NA,"",NA,NA,NA,NA,NA,NA,"",0,0,0,0,NA,NA,NA,NA,NA,NA,NA,NA,NA,NA,NA,NA,NA,"uuid:38e4efe5-dee3-494a-abe4-32dca58f03cd","uuid:38e4efe5-dee3-494a-abe4-32dca58f03cd/survey_grp/Section_Livestock/livestock_repeat[1]","239"
1,"goats","Caprins",NA,NA,NA,"local",0,1,"in_night",NA,0,0,0,NA,NA,NA,"Male_adult",0,0,0,1,0,0,0,"",0,0,0,0,0,0,0,NA,0,NA,"",0,0,NA,"","",NA,NA,"",0,0,0,"",0,0,0,0,NA,"N",NA,NA,NA,"",NA,NA,NA,"",0,0,0,"",0,0,0,"",NA,"","","",NA,NA,"",NA,NA,"",0,0,"",0,0,0,0,0,NA,"",NA,NA,"",NA,NA,NA,"",0,0,NA,"",NA,"",NA,NA,NA,NA,NA,NA,"",0,0,0,0,NA,NA,NA,NA,NA,NA,NA,NA,NA,NA,NA,NA,NA,"uuid:245dc15f-d35a-4858-9ac2-350e7383ba20","uuid:245dc15f-d35a-4858-9ac2-350e7383ba20/survey_grp/Section_Livestock/livestock_repeat[1]","591"
1,"donkey","Anes",NA,NA,NA,"local",0,1,"",NA,0,1,0,NA,NA,NA,"Male_Youth",0,0,0,0,0,1,0,"",0,0,0,0,0,0,0,NA,0,NA,"",0,0,NA,"","",NA,NA,"",0,0,0,"",0,0,0,0,NA,"",NA,NA,NA,"",NA,NA,NA,"",0,0,0,"",0,0,0,"",NA,"","","",NA,NA,"",NA,NA,"",0,0,"",0,0,0,0,0,NA,"",NA,NA,"",NA,NA,NA,"",0,0,NA,"",NA,"",NA,NA,NA,NA,NA,NA,"",0,0,0,0,NA,NA,NA,NA,NA,NA,NA,NA,NA,NA,NA,NA,NA,"uuid:f261283a-c632-4f37-b8a2-9c3984549b77","uuid:f261283a-c632-4f37-b8a2-9c3984549b77/survey_grp/Section_Livestock/livestock_repeat[1]","9VPWZA"
1,"horses","Chevaux",NA,NA,1,"local",0,1,"",NA,0,0,0,NA,NA,NA,"Female_adult",1,0,0,0,0,0,0,"",0,0,0,0,0,0,0,NA,NA,NA,"",0,0,NA,"","",NA,NA,"",0,0,0,"",0,0,0,0,NA,"",NA,NA,NA,"",NA,NA,NA,"",0,0,0,"",0,0,0,"",NA,"","","",NA,NA,"",NA,NA,"",0,0,"",0,0,0,0,0,NA,"",NA,NA,"",NA,NA,NA,"",0,0,NA,"",NA,"",NA,NA,NA,NA,NA,NA,"",0,0,0,0,NA,NA,NA,NA,NA,NA,NA,NA,NA,NA,NA,NA,NA,"uuid:b38cc01a-c3a3-4f6d-ac35-54fd2bfba033","uuid:b38cc01a-c3a3-4f6d-ac35-54fd2bfba033/survey_grp/Section_Livestock/livestock_repeat[1]","Q31P6M"
2,"sheep","Ovins",NA,NA,NA,"local",0,1,"",NA,2,1,0,NA,NA,NA,"Female_adult",1,0,0,0,0,0,0,"",0,0,0,0,0,0,0,NA,0,NA,"",0,0,NA,"","",NA,NA,"",0,0,0,"",0,0,0,0,NA,"N",NA,NA,NA,"",NA,NA,NA,"",0,0,0,"",0,0,0,"",NA,"","","",NA,NA,"",NA,NA,"",0,0,"",0,0,0,0,0,NA,"",NA,NA,"",NA,NA,NA,"",0,0,NA,"",NA,"",NA,NA,NA,NA,NA,NA,"",0,0,0,0,NA,NA,NA,NA,NA,NA,NA,NA,NA,NA,NA,NA,NA,"uuid:b38cc01a-c3a3-4f6d-ac35-54fd2bfba033","uuid:b38cc01a-c3a3-4f6d-ac35-54fd2bfba033/survey_grp/Section_Livestock/livestock_repeat[2]","Q31P6M"
1,"goats","Caprins",NA,NA,NA,"local",0,1,"",NA,0,4,0,NA,NA,NA,"Female_adult",1,0,0,0,0,0,0,"",0,0,0,0,0,0,4,NA,0,NA,"",0,0,NA,"","",NA,NA,"",0,0,0,"",0,0,0,0,NA,"N",NA,NA,NA,"",NA,NA,NA,"",0,0,0,"",0,0,0,"",NA,"","","",NA,NA,"",NA,NA,"",0,0,"",0,0,0,0,0,NA,"",NA,NA,"",NA,NA,NA,"",0,0,NA,"",NA,"",NA,NA,NA,NA,NA,NA,"",0,0,0,0,NA,NA,NA,NA,NA,NA,NA,NA,NA,NA,NA,NA,NA,"uuid:82ae8db9-86a7-40f4-aa6b-6c228929dd4b","uuid:82ae8db9-86a7-40f4-aa6b-6c228929dd4b/survey_grp/Section_Livestock/livestock_repeat[1]","409"
2,"horses","Chevaux",NA,NA,1,"local",0,1,"",NA,0,0,0,NA,NA,NA,"Male_adult",0,0,0,1,0,0,0,"",0,0,0,0,0,0,0,NA,NA,NA,"",0,0,NA,"","",NA,NA,"",0,0,0,"",0,0,0,0,NA,"",NA,NA,NA,"",NA,NA,NA,"",0,0,0,"",0,0,0,"",NA,"","","",NA,NA,"",NA,NA,"",0,0,"",0,0,0,0,0,NA,"",NA,NA,"",NA,NA,NA,"",0,0,NA,"",NA,"",NA,NA,NA,NA,NA,NA,"",0,0,0,0,NA,NA,NA,NA,NA,NA,NA,NA,NA,NA,NA,NA,NA,"uuid:82ae8db9-86a7-40f4-aa6b-6c228929dd4b","uuid:82ae8db9-86a7-40f4-aa6b-6c228929dd4b/survey_grp/Section_Livestock/livestock_repeat[2]","409"
3,"cattle","Bovins",NA,NA,0,"local",0,1,"",NA,0,0,0,NA,NA,NA,"Male_Youth",0,0,0,0,0,1,0,"",0,0,0,0,0,0,0,NA,0,NA,"",0,0,NA,"","",NA,NA,"",0,0,0,"",0,0,0,0,NA,"N",NA,NA,NA,"",NA,NA,NA,"",0,0,0,"",0,0,0,"",NA,"","","",NA,NA,"",NA,NA,"",0,0,"",0,0,0,0,0,NA,"",NA,NA,"",NA,NA,NA,"",0,0,NA,"",NA,"",NA,NA,NA,NA,NA,NA,"",0,0,0,0,NA,NA,NA,NA,NA,NA,NA,NA,NA,NA,NA,NA,NA,"uuid:82ae8db9-86a7-40f4-aa6b-6c228929dd4b","uuid:82ae8db9-86a7-40f4-aa6b-6c228929dd4b/survey_grp/Section_Livestock/livestock_repeat[3]","409"
1,"horses","Chevaux",NA,NA,2,"local",0,1,"",NA,0,0,0,NA,NA,NA,"Male_adult",0,0,0,1,0,0,0,"",0,0,0,0,0,0,0,NA,NA,NA,"",0,0,NA,"","",NA,NA,"",0,0,0,"",0,0,0,0,NA,"",NA,NA,NA,"",NA,NA,NA,"",0,0,0,"",0,0,0,"",NA,"","","",NA,NA,"",NA,NA,"",0,0,"",0,0,0,0,0,NA,"",NA,NA,"",NA,NA,NA,"",0,0,NA,"",NA,"",NA,NA,NA,NA,NA,NA,"",0,0,0,0,NA,NA,NA,NA,NA,NA,NA,NA,NA,NA,NA,NA,NA,"uuid:bbe4675d-88ac-438a-aa93-88a38267cbfa","uuid:bbe4675d-88ac-438a-aa93-88a38267cbfa/survey_grp/Section_Livestock/livestock_repeat[1]","603"
1,"horses","Chevaux",NA,NA,2,"local",0,1,"",NA,1,1,0,NA,NA,NA,"Male_adult",0,0,0,1,0,0,0,"",0,0,0,0,0,0,0,NA,NA,NA,"",0,0,NA,"","",NA,NA,"",0,0,0,"",0,0,0,0,NA,"",NA,NA,NA,"",NA,NA,NA,"",0,0,0,"",0,0,0,"",NA,"","","",NA,NA,"",NA,NA,"",0,0,"",0,0,0,0,0,NA,"",NA,NA,"",NA,NA,NA,"",0,0,NA,"",NA,"",NA,NA,NA,NA,NA,NA,"",0,0,0,0,NA,NA,NA,NA,NA,NA,NA,NA,NA,NA,NA,NA,NA,"uuid:c8457af5-b785-4bbf-97d7-309c97c6ad33","uuid:c8457af5-b785-4bbf-97d7-309c97c6ad33/survey_grp/Section_Livestock/livestock_repeat[1]","237"
2,"cattle","Bovins",NA,NA,0,"local",0,1,"",NA,1,3,1,NA,0,NA,"Male_adult Female_adult",1,0,0,1,0,0,0,"Female_adult",1,0,0,0,0,0,0,NA,0,NA,"",0,0,NA,"","",NA,NA,"",0,0,0,"",0,0,0,0,NA,"Y",NA,3,4,"l/day",NA,2,NA,"use sell dairy",1,1,1,"other",0,1,0,"Lait caillé ",NA,"UnderHalf","Little","Most",NA,1200,"day",NA,NA,"Female_adult",1,0,"Female_adult",1,0,0,0,0,NA,"",NA,NA,"",NA,NA,NA,"",0,0,NA,"",NA,"",NA,NA,NA,NA,NA,NA,"",0,0,0,0,NA,NA,NA,NA,NA,NA,NA,NA,NA,NA,NA,NA,NA,"uuid:c8457af5-b785-4bbf-97d7-309c97c6ad33","uuid:c8457af5-b785-4bbf-97d7-309c97c6ad33/survey_grp/Section_Livestock/livestock_repeat[2]","237"
1,"horses","Chevaux",NA,NA,3,"local",0,1,"",NA,0,0,0,NA,NA,NA,"Male_adult",0,0,0,1,0,0,0,"",0,0,0,0,0,0,0,NA,NA,NA,"",0,0,NA,"","",NA,NA,"",0,0,0,"",0,0,0,0,NA,"",NA,NA,NA,"",NA,NA,NA,"",0,0,0,"",0,0,0,"",NA,"","","",NA,NA,"",NA,NA,"",0,0,"",0,0,0,0,0,NA,"",NA,NA,"",NA,NA,NA,"",0,0,NA,"",NA,"",NA,NA,NA,NA,NA,NA,"",0,0,0,0,NA,NA,NA,NA,NA,NA,NA,NA,NA,NA,NA,NA,NA,"uuid:58a82746-7a3e-460e-bde4-38c3e31f8c47","uuid:58a82746-7a3e-460e-bde4-38c3e31f8c47/survey_grp/Section_Livestock/livestock_repeat[1]","252"
1,"horses","Chevaux",NA,NA,1,"local",0,1,"in_night",NA,0,0,0,NA,NA,NA,"Male_Youth",0,0,0,0,0,1,0,"",0,0,0,0,0,0,0,NA,NA,NA,"",0,0,NA,"","",NA,NA,"",0,0,0,"",0,0,0,0,NA,"",NA,NA,NA,"",NA,NA,NA,"",0,0,0,"",0,0,0,"",NA,"","","",NA,NA,"",NA,NA,"",0,0,"",0,0,0,0,0,NA,"",NA,NA,"",NA,NA,NA,"",0,0,NA,"",NA,"",NA,NA,NA,NA,NA,NA,"",0,0,0,0,NA,NA,NA,NA,NA,NA,NA,NA,NA,NA,NA,NA,NA,"uuid:fe45fea3-c2a5-4c78-92af-09c39d116472","uuid:fe45fea3-c2a5-4c78-92af-09c39d116472/survey_grp/Section_Livestock/livestock_repeat[1]","XF0N66"
1,"horses","Chevaux",NA,NA,1,"local",0,1,"in_night",NA,0,0,0,NA,NA,NA,"Male_adult",0,0,0,1,0,0,0,"",0,0,0,0,0,0,0,NA,NA,NA,"",0,0,NA,"","",NA,NA,"",0,0,0,"",0,0,0,0,NA,"",NA,NA,NA,"",NA,NA,NA,"",0,0,0,"",0,0,0,"",NA,"","","",NA,NA,"",NA,NA,"",0,0,"",0,0,0,0,0,NA,"",NA,NA,"",NA,NA,NA,"",0,0,NA,"",NA,"",NA,NA,NA,NA,NA,NA,"",0,0,0,0,NA,NA,NA,NA,NA,NA,NA,NA,NA,NA,NA,NA,NA,"uuid:a843c6dc-9c63-42db-96ac-c8976784a88b","uuid:a843c6dc-9c63-42db-96ac-c8976784a88b/survey_grp/Section_Livestock/livestock_repeat[1]","9EEF4T"
1,"horses","Chevaux",NA,NA,2,"local",0,1,"in_night",NA,0,1,0,NA,NA,NA,"Male_adult",0,0,0,1,0,0,0,"",0,0,0,0,0,0,0,NA,NA,NA,"",0,0,NA,"","",NA,NA,"",0,0,0,"",0,0,0,0,NA,"",NA,NA,NA,"",NA,NA,NA,"",0,0,0,"",0,0,0,"",NA,"","","",NA,NA,"",NA,NA,"",0,0,"",0,0,0,0,0,NA,"",NA,NA,"",NA,NA,NA,"",0,0,NA,"",NA,"",NA,NA,NA,NA,NA,NA,"",0,0,0,0,NA,NA,NA,NA,NA,NA,NA,NA,NA,NA,NA,NA,NA,"uuid:8ad1ea69-2311-4841-b9b5-5d6ea38e7d18","uuid:8ad1ea69-2311-4841-b9b5-5d6ea38e7d18/survey_grp/Section_Livestock/livestock_repeat[1]","C4Q91K"
1,"donkey","Anes",NA,NA,NA,"local",0,1,"in_night",NA,0,0,0,NA,NA,NA,"Male_adult",0,0,0,1,0,0,0,"",0,0,0,0,0,0,0,NA,0,NA,"",0,0,NA,"","",NA,NA,"",0,0,0,"",0,0,0,0,NA,"",NA,NA,NA,"",NA,NA,NA,"",0,0,0,"",0,0,0,"",NA,"","","",NA,NA,"",NA,NA,"",0,0,"",0,0,0,0,0,NA,"",NA,NA,"",NA,NA,NA,"",0,0,NA,"",NA,"",NA,NA,NA,NA,NA,NA,"",0,0,0,0,NA,NA,NA,NA,NA,NA,NA,NA,NA,NA,NA,NA,NA,"uuid:ae79fda3-cd4e-4fb3-abb5-d50f9d771a15","uuid:ae79fda3-cd4e-4fb3-abb5-d50f9d771a15/survey_grp/Section_Livestock/livestock_repeat[1]","138"
2,"horses","Chevaux",NA,NA,2,"local",0,1,"in_night",NA,0,0,0,NA,NA,NA,"Male_adult",0,0,0,1,0,0,0,"",0,0,0,0,0,0,0,NA,NA,NA,"",0,0,NA,"","",NA,NA,"",0,0,0,"",0,0,0,0,NA,"",NA,NA,NA,"",NA,NA,NA,"",0,0,0,"",0,0,0,"",NA,"","","",NA,NA,"",NA,NA,"",0,0,"",0,0,0,0,0,NA,"",NA,NA,"",NA,NA,NA,"",0,0,NA,"",NA,"",NA,NA,NA,NA,NA,NA,"",0,0,0,0,NA,NA,NA,NA,NA,NA,NA,NA,NA,NA,NA,NA,NA,"uuid:ae79fda3-cd4e-4fb3-abb5-d50f9d771a15","uuid:ae79fda3-cd4e-4fb3-abb5-d50f9d771a15/survey_grp/Section_Livestock/livestock_repeat[2]","138"
1,"horses","Chevaux",NA,NA,1,"local",0,1,"in_always",NA,0,0,0,NA,NA,NA,"Male_adult",0,0,0,1,0,0,0,"",0,0,0,0,0,0,0,NA,NA,NA,"",0,0,NA,"","",NA,NA,"",0,0,0,"",0,0,0,0,NA,"",NA,NA,NA,"",NA,NA,NA,"",0,0,0,"",0,0,0,"",NA,"","","",NA,NA,"",NA,NA,"",0,0,"",0,0,0,0,0,NA,"",NA,NA,"",NA,NA,NA,"",0,0,NA,"",NA,"",NA,NA,NA,NA,NA,NA,"",0,0,0,0,NA,NA,NA,NA,NA,NA,NA,NA,NA,NA,NA,NA,NA,"uuid:8e62109b-18ea-48c7-943f-a9f1d1ab9c36","uuid:8e62109b-18ea-48c7-943f-a9f1d1ab9c36/survey_grp/Section_Livestock/livestock_repeat[1]","111"
1,"horses","Chevaux",NA,NA,2,"local",0,1,"in_night",NA,0,0,0,NA,NA,NA,"Male_adult",0,0,0,1,0,0,0,"",0,0,0,0,0,0,1,NA,NA,NA,"",0,0,NA,"","",NA,NA,"",0,0,0,"",0,0,0,0,NA,"",NA,NA,NA,"",NA,NA,NA,"",0,0,0,"",0,0,0,"",NA,"","","",NA,NA,"",NA,NA,"",0,0,"",0,0,0,0,0,NA,"",NA,NA,"",NA,NA,NA,"",0,0,NA,"",NA,"",NA,NA,NA,NA,NA,NA,"",0,0,0,0,NA,NA,NA,NA,NA,NA,NA,NA,NA,NA,NA,NA,NA,"uuid:71595501-2fa7-4463-9fd1-faaa5b8a51e1","uuid:71595501-2fa7-4463-9fd1-faaa5b8a51e1/survey_grp/Section_Livestock/livestock_repeat[1]","0DG12Y"
1,"horses","Chevaux",NA,NA,2,"local",0,1,"in_always",NA,0,1,0,NA,NA,NA,"no_answer",0,0,0,0,0,0,1,"",0,0,0,0,0,0,0,NA,NA,NA,"",0,0,NA,"","",NA,NA,"",0,0,0,"",0,0,0,0,NA,"",NA,NA,NA,"",NA,NA,NA,"",0,0,0,"",0,0,0,"",NA,"","","",NA,NA,"",NA,NA,"",0,0,"",0,0,0,0,0,NA,"",NA,NA,"",NA,NA,NA,"",0,0,NA,"",NA,"",NA,NA,NA,NA,NA,NA,"",0,0,0,0,NA,NA,NA,NA,NA,NA,NA,NA,NA,NA,NA,NA,NA,"uuid:53ffdc16-3b90-4ddc-9368-4f9c013570dd","uuid:53ffdc16-3b90-4ddc-9368-4f9c013570dd/survey_grp/Section_Livestock/livestock_repeat[1]","AEMAAR"
1,"horses","Chevaux",NA,NA,2,"local",0,1,"in_always",NA,0,1,1,NA,55000,NA,"Male_Youth",0,0,0,0,0,1,0,"Male_Youth",0,0,0,0,1,0,0,NA,NA,NA,"",0,0,NA,"","",NA,NA,"",0,0,0,"",0,0,0,0,NA,"",NA,NA,NA,"",NA,NA,NA,"",0,0,0,"",0,0,0,"",NA,"","","",NA,NA,"",NA,NA,"",0,0,"",0,0,0,0,0,NA,"",NA,NA,"",NA,NA,NA,"",0,0,NA,"",NA,"",NA,NA,NA,NA,NA,NA,"",0,0,0,0,NA,NA,NA,NA,NA,NA,NA,NA,NA,NA,NA,NA,NA,"uuid:03374d4a-1671-47a2-a019-d7b0f198460a","uuid:03374d4a-1671-47a2-a019-d7b0f198460a/survey_grp/Section_Livestock/livestock_repeat[1]","137"
1,"horses","Chevaux",NA,NA,1,"local",0,1,"in_always",NA,0,0,0,NA,NA,NA,"Male_adult",0,0,0,1,0,0,0,"",0,0,0,0,0,0,0,NA,NA,NA,"",0,0,NA,"","",NA,NA,"",0,0,0,"",0,0,0,0,NA,"",NA,NA,NA,"",NA,NA,NA,"",0,0,0,"",0,0,0,"",NA,"","","",NA,NA,"",NA,NA,"",0,0,"",0,0,0,0,0,NA,"",NA,NA,"",NA,NA,NA,"",0,0,NA,"",NA,"",NA,NA,NA,NA,NA,NA,"",0,0,0,0,NA,NA,NA,NA,NA,NA,NA,NA,NA,NA,NA,NA,NA,"uuid:52ba1c2d-dccf-45ae-9653-3be1075f9b09","uuid:52ba1c2d-dccf-45ae-9653-3be1075f9b09/survey_grp/Section_Livestock/livestock_repeat[1]","8T8BIH"
1,"horses","Chevaux",NA,NA,2,"local",0,1,"in_always",NA,0,0,0,NA,NA,NA,"Male_adult",0,0,0,1,0,0,0,"",0,0,0,0,0,0,0,NA,NA,NA,"",0,0,NA,"","",NA,NA,"",0,0,0,"",0,0,0,0,NA,"",NA,NA,NA,"",NA,NA,NA,"",0,0,0,"",0,0,0,"",NA,"","","",NA,NA,"",NA,NA,"",0,0,"",0,0,0,0,0,NA,"",NA,NA,"",NA,NA,NA,"",0,0,NA,"",NA,"",NA,NA,NA,NA,NA,NA,"",0,0,0,0,NA,NA,NA,NA,NA,NA,NA,NA,NA,NA,NA,NA,NA,"uuid:d1a9b148-a9b1-410e-8272-6eeff1817c2f","uuid:d1a9b148-a9b1-410e-8272-6eeff1817c2f/survey_grp/Section_Livestock/livestock_repeat[1]","113"
1,"horses","Chevaux",NA,NA,1,"local",0,1,"in_always",NA,0,0,0,NA,NA,NA,"Male_adult",0,0,0,1,0,0,0,"",0,0,0,0,0,0,0,NA,NA,NA,"",0,0,NA,"","",NA,NA,"",0,0,0,"",0,0,0,0,NA,"",NA,NA,NA,"",NA,NA,NA,"",0,0,0,"",0,0,0,"",NA,"","","",NA,NA,"",NA,NA,"",0,0,"",0,0,0,0,0,NA,"",NA,NA,"",NA,NA,NA,"",0,0,NA,"",NA,"",NA,NA,NA,NA,NA,NA,"",0,0,0,0,NA,NA,NA,NA,NA,NA,NA,NA,NA,NA,NA,NA,NA,"uuid:3b9ea81a-91d4-4c80-988c-63162c3ac129","uuid:3b9ea81a-91d4-4c80-988c-63162c3ac129/survey_grp/Section_Livestock/livestock_repeat[1]","QERJYC"
2,"donkey","Anes",NA,NA,NA,"local",0,1,"in_always",NA,0,1,0,NA,NA,NA,"Male_adult",0,0,0,1,0,0,0,"",0,0,0,0,0,0,0,NA,0,NA,"",0,0,NA,"","",NA,NA,"",0,0,0,"",0,0,0,0,NA,"",NA,NA,NA,"",NA,NA,NA,"",0,0,0,"",0,0,0,"",NA,"","","",NA,NA,"",NA,NA,"",0,0,"",0,0,0,0,0,NA,"",NA,NA,"",NA,NA,NA,"",0,0,NA,"",NA,"",NA,NA,NA,NA,NA,NA,"",0,0,0,0,NA,NA,NA,NA,NA,NA,NA,NA,NA,NA,NA,NA,NA,"uuid:3b9ea81a-91d4-4c80-988c-63162c3ac129","uuid:3b9ea81a-91d4-4c80-988c-63162c3ac129/survey_grp/Section_Livestock/livestock_repeat[2]","QERJYC"
1,"cattle","Bovins",NA,NA,2,"local",0,1,"in_always",NA,0,1,0,NA,NA,NA,"Female_Youth",0,0,1,0,0,0,0,"",0,0,0,0,0,0,0,NA,0,NA,"",0,0,NA,"","",NA,NA,"",0,0,0,"",0,0,0,0,NA,"Y",NA,1,2,"l/day",NA,1,NA,"use",0,0,1,"",0,0,0,"",NA,"","All","",NA,NA,"",NA,NA,"",0,0,"Female_Youth",0,1,0,0,0,NA,"",NA,NA,"",NA,NA,NA,"",0,0,NA,"",NA,"",NA,NA,NA,NA,NA,NA,"",0,0,0,0,NA,NA,NA,NA,NA,NA,NA,NA,NA,NA,NA,NA,NA,"uuid:fac42e97-d098-4351-87ab-f44e914a1ade","uuid:fac42e97-d098-4351-87ab-f44e914a1ade/survey_grp/Section_Livestock/livestock_repeat[1]","146"
2,"horses","Chevaux",NA,NA,1,"local",0,1,"in_always",NA,0,0,0,NA,NA,NA,"Female_Youth",0,0,1,0,0,0,0,"",0,0,0,0,0,0,0,NA,NA,NA,"",0,0,NA,"","",NA,NA,"",0,0,0,"",0,0,0,0,NA,"",NA,NA,NA,"",NA,NA,NA,"",0,0,0,"",0,0,0,"",NA,"","","",NA,NA,"",NA,NA,"",0,0,"",0,0,0,0,0,NA,"",NA,NA,"",NA,NA,NA,"",0,0,NA,"",NA,"",NA,NA,NA,NA,NA,NA,"",0,0,0,0,NA,NA,NA,NA,NA,NA,NA,NA,NA,NA,NA,NA,NA,"uuid:fac42e97-d098-4351-87ab-f44e914a1ade","uuid:fac42e97-d098-4351-87ab-f44e914a1ade/survey_grp/Section_Livestock/livestock_repeat[2]","146"
3,"other1","Mouton",NA,NA,NA,"local",0,1,"in_always",NA,0,1,0,NA,NA,NA,"Female_Youth",0,0,1,0,0,0,0,"",0,0,0,0,0,0,0,NA,0,NA,"",0,0,NA,"","",NA,NA,"",0,0,0,"",0,0,0,0,NA,"",NA,NA,NA,"",NA,NA,NA,"",0,0,0,"",0,0,0,"",NA,"","","",NA,NA,"",NA,NA,"",0,0,"",0,0,0,0,0,NA,"",NA,NA,"",NA,NA,NA,"",0,0,NA,"",NA,"",NA,NA,NA,NA,NA,NA,"",0,0,0,0,NA,NA,NA,NA,NA,NA,NA,NA,NA,NA,NA,NA,NA,"uuid:fac42e97-d098-4351-87ab-f44e914a1ade","uuid:fac42e97-d098-4351-87ab-f44e914a1ade/survey_grp/Section_Livestock/livestock_repeat[3]","146"
4,"other2","Chèvre",NA,NA,NA,"local",0,1,"in_always",NA,0,3,1,NA,25000,NA,"Female_Youth",0,0,1,0,0,0,0,"Male_Child Female_Youth",0,1,0,1,0,0,0,NA,0,NA,"",0,0,NA,"","",NA,NA,"",0,0,0,"",0,0,0,0,NA,"",NA,NA,NA,"",NA,NA,NA,"",0,0,0,"",0,0,0,"",NA,"","","",NA,NA,"",NA,NA,"",0,0,"",0,0,0,0,0,NA,"",NA,NA,"",NA,NA,NA,"",0,0,NA,"",NA,"",NA,NA,NA,NA,NA,NA,"",0,0,0,0,NA,NA,NA,NA,NA,NA,NA,NA,NA,NA,NA,NA,NA,"uuid:fac42e97-d098-4351-87ab-f44e914a1ade","uuid:fac42e97-d098-4351-87ab-f44e914a1ade/survey_grp/Section_Livestock/livestock_repeat[4]","146"
1,"cattle","Bovins",NA,NA,2,"local",0,1,"in_night",NA,0,2,1,NA,400000,NA,"Male_adult",0,0,0,1,0,0,0,"Male_adult",0,0,1,0,0,0,0,NA,0,NA,"",0,0,NA,"","",NA,NA,"",0,0,0,"",0,0,0,0,NA,"Y",NA,2,2,"l/day",NA,2,NA,"use",0,0,1,"",0,0,0,"",NA,"","Most","",NA,NA,"",NA,NA,"",0,0,"Male_adult Female_adult",1,0,1,0,0,NA,"",NA,NA,"",NA,NA,NA,"",0,0,NA,"",NA,"",NA,NA,NA,NA,NA,NA,"",0,0,0,0,NA,NA,NA,NA,NA,NA,NA,NA,NA,NA,NA,NA,NA,"uuid:7d083012-3120-4a8e-9458-26fe65f00edb","uuid:7d083012-3120-4a8e-9458-26fe65f00edb/survey_grp/Section_Livestock/livestock_repeat[1]","31"
1,"horses","Chevaux",NA,NA,0,"local",0,1,"in_night_and_half_day",NA,0,0,0,NA,NA,NA,"Male_Youth",0,0,0,0,0,1,0,"",0,0,0,0,0,0,0,NA,NA,NA,"",0,0,NA,"","",NA,NA,"",0,0,0,"",0,0,0,0,NA,"",NA,NA,NA,"",NA,NA,NA,"",0,0,0,"",0,0,0,"",NA,"","","",NA,NA,"",NA,NA,"",0,0,"",0,0,0,0,0,NA,"",NA,NA,"",NA,NA,NA,"",0,0,NA,"",NA,"",NA,NA,NA,NA,NA,NA,"",0,0,0,0,NA,NA,NA,NA,NA,NA,NA,NA,NA,NA,NA,NA,NA,"uuid:5d3cfa90-9504-4ac6-b274-916bb0e890c9","uuid:5d3cfa90-9504-4ac6-b274-916bb0e890c9/survey_grp/Section_Livestock/livestock_repeat[1]","61"
1,"horses","Chevaux",NA,NA,0,"local",0,1,"in_night_and_half_day",NA,0,0,0,NA,NA,NA,"Female_adult Male_Youth",1,0,0,0,0,1,0,"",0,0,0,0,0,0,0,NA,NA,NA,"",0,0,NA,"","",NA,NA,"",0,0,0,"",0,0,0,0,NA,"",NA,NA,NA,"",NA,NA,NA,"",0,0,0,"",0,0,0,"",NA,"","","",NA,NA,"",NA,NA,"",0,0,"",0,0,0,0,0,NA,"",NA,NA,"",NA,NA,NA,"",0,0,NA,"",NA,"",NA,NA,NA,NA,NA,NA,"",0,0,0,0,NA,NA,NA,NA,NA,NA,NA,NA,NA,NA,NA,NA,NA,"uuid:4e5a2017-a39c-4288-859e-0dbe7f505c90","uuid:4e5a2017-a39c-4288-859e-0dbe7f505c90/survey_grp/Section_Livestock/livestock_repeat[1]","60"
1,"horses","Chevaux",NA,NA,2,"local",0,1,"in_night",NA,0,0,0,NA,NA,NA,"Male_adult",0,0,0,1,0,0,0,"",0,0,0,0,0,0,0,NA,NA,NA,"",0,0,NA,"","",NA,NA,"",0,0,0,"",0,0,0,0,NA,"",NA,NA,NA,"",NA,NA,NA,"",0,0,0,"",0,0,0,"",NA,"","","",NA,NA,"",NA,NA,"",0,0,"",0,0,0,0,0,NA,"",NA,NA,"",NA,NA,NA,"",0,0,NA,"",NA,"",NA,NA,NA,NA,NA,NA,"",0,0,0,0,NA,NA,NA,NA,NA,NA,NA,NA,NA,NA,NA,NA,NA,"uuid:ee053e34-bff4-404d-8099-1b5ce305f2d8","uuid:ee053e34-bff4-404d-8099-1b5ce305f2d8/survey_grp/Section_Livestock/livestock_repeat[1]","32"
1,"horses","Chevaux",NA,NA,2,"local",0,1,"in_night",NA,0,0,0,NA,NA,NA,"Male_adult",0,0,0,1,0,0,0,"",0,0,0,0,0,0,0,NA,NA,NA,"",0,0,NA,"","",NA,NA,"",0,0,0,"",0,0,0,0,NA,"",NA,NA,NA,"",NA,NA,NA,"",0,0,0,"",0,0,0,"",NA,"","","",NA,NA,"",NA,NA,"",0,0,"",0,0,0,0,0,NA,"",NA,NA,"",NA,NA,NA,"",0,0,NA,"",NA,"",NA,NA,NA,NA,NA,NA,"",0,0,0,0,NA,NA,NA,NA,NA,NA,NA,NA,NA,NA,NA,NA,NA,"uuid:28e59cb4-1616-4bfb-a8ef-48dea9aeb937","uuid:28e59cb4-1616-4bfb-a8ef-48dea9aeb937/survey_grp/Section_Livestock/livestock_repeat[1]","38"
1,"horses","Chevaux",NA,NA,2,"local",0,1,"",NA,0,0,0,NA,NA,NA,"Male_adult",0,0,0,1,0,0,0,"",0,0,0,0,0,0,0,NA,NA,NA,"",0,0,NA,"","",NA,NA,"",0,0,0,"",0,0,0,0,NA,"",NA,NA,NA,"",NA,NA,NA,"",0,0,0,"",0,0,0,"",NA,"","","",NA,NA,"",NA,NA,"",0,0,"",0,0,0,0,0,NA,"",NA,NA,"",NA,NA,NA,"",0,0,NA,"",NA,"",NA,NA,NA,NA,NA,NA,"",0,0,0,0,NA,NA,NA,NA,NA,NA,NA,NA,NA,NA,NA,NA,NA,"uuid:c7ae93ea-22ea-4e70-9265-89871e03df26","uuid:c7ae93ea-22ea-4e70-9265-89871e03df26/survey_grp/Section_Livestock/livestock_repeat[1]","39"
1,"horses","Chevaux",NA,NA,1,"local",0,1,"",NA,0,0,0,NA,NA,NA,"Male_adult",0,0,0,1,0,0,0,"",0,0,0,0,0,0,0,NA,NA,NA,"",0,0,NA,"","",NA,NA,"",0,0,0,"",0,0,0,0,NA,"",NA,NA,NA,"",NA,NA,NA,"",0,0,0,"",0,0,0,"",NA,"","","",NA,NA,"",NA,NA,"",0,0,"",0,0,0,0,0,NA,"",NA,NA,"",NA,NA,NA,"",0,0,NA,"",NA,"",NA,NA,NA,NA,NA,NA,"",0,0,0,0,NA,NA,NA,NA,NA,NA,NA,NA,NA,NA,NA,NA,NA,"uuid:bbf01307-4beb-45ec-b139-23d55aa6a7e2","uuid:bbf01307-4beb-45ec-b139-23d55aa6a7e2/survey_grp/Section_Livestock/livestock_repeat[1]","37"
1,"horses","Chevaux",NA,NA,0,"local",0,1,"in_night_and_half_day",NA,0,0,0,NA,NA,NA,"Male_adult Female_adult",1,0,0,1,0,0,0,"",0,0,0,0,0,0,0,NA,NA,NA,"",0,0,NA,"","",NA,NA,"",0,0,0,"",0,0,0,0,NA,"",NA,NA,NA,"",NA,NA,NA,"",0,0,0,"",0,0,0,"",NA,"","","",NA,NA,"",NA,NA,"",0,0,"",0,0,0,0,0,NA,"",NA,NA,"",NA,NA,NA,"",0,0,NA,"",NA,"",NA,NA,NA,NA,NA,NA,"",0,0,0,0,NA,NA,NA,NA,NA,NA,NA,NA,NA,NA,NA,NA,NA,"uuid:62b31efb-2734-447d-a4a9-09399c2edda8","uuid:62b31efb-2734-447d-a4a9-09399c2edda8/survey_grp/Section_Livestock/livestock_repeat[1]","474"
1,"horses","Chevaux",NA,NA,1,"local",0,1,"in_always",NA,0,0,0,NA,NA,NA,"Male_adult",0,0,0,1,0,0,0,"",0,0,0,0,0,0,0,NA,NA,NA,"",0,0,NA,"","",NA,NA,"",0,0,0,"",0,0,0,0,NA,"",NA,NA,NA,"",NA,NA,NA,"",0,0,0,"",0,0,0,"",NA,"","","",NA,NA,"",NA,NA,"",0,0,"",0,0,0,0,0,NA,"",NA,NA,"",NA,NA,NA,"",0,0,NA,"",NA,"",NA,NA,NA,NA,NA,NA,"",0,0,0,0,NA,NA,NA,NA,NA,NA,NA,NA,NA,NA,NA,NA,NA,"uuid:3e421d93-3f2a-4b2e-9a88-74f30633cceb","uuid:3e421d93-3f2a-4b2e-9a88-74f30633cceb/survey_grp/Section_Livestock/livestock_repeat[1]","55"
2,"cattle","Bovins",NA,NA,0,"local",0,1,"in_night_and_half_day",NA,0,1,0,NA,NA,NA,"Male_adult",0,0,0,1,0,0,0,"",0,0,0,0,0,0,1,NA,0,NA,"",0,0,NA,"","",NA,NA,"",0,0,0,"",0,0,0,0,NA,"Y",NA,2,2.5,"l/day",NA,1,NA,"use sell dairy",1,1,1,"other",0,1,0,"Lait caillé ",NA,"UnderHalf","Most","UnderHalf",NA,12500,"year",NA,NA,"Male_adult",0,1,"Male_adult Female_adult",1,0,1,0,0,NA,"",NA,NA,"",NA,NA,NA,"",0,0,NA,"",NA,"",NA,NA,NA,NA,NA,NA,"",0,0,0,0,NA,NA,NA,NA,NA,NA,NA,NA,NA,NA,NA,NA,NA,"uuid:3e421d93-3f2a-4b2e-9a88-74f30633cceb","uuid:3e421d93-3f2a-4b2e-9a88-74f30633cceb/survey_grp/Section_Livestock/livestock_repeat[2]","55"
1,"horses","Chevaux",NA,NA,1,"local",0,1,"in_night_and_half_day",NA,0,0,0,NA,NA,NA,"Male_Youth",0,0,0,0,0,1,0,"",0,0,0,0,0,0,0,NA,NA,NA,"",0,0,NA,"","",NA,NA,"",0,0,0,"",0,0,0,0,NA,"",NA,NA,NA,"",NA,NA,NA,"",0,0,0,"",0,0,0,"",NA,"","","",NA,NA,"",NA,NA,"",0,0,"",0,0,0,0,0,NA,"",NA,NA,"",NA,NA,NA,"",0,0,NA,"",NA,"",NA,NA,NA,NA,NA,NA,"",0,0,0,0,NA,NA,NA,NA,NA,NA,NA,NA,NA,NA,NA,NA,NA,"uuid:7dfc962a-903a-428c-8fd9-85f5a691425a","uuid:7dfc962a-903a-428c-8fd9-85f5a691425a/survey_grp/Section_Livestock/livestock_repeat[1]","UD7ZAE"
1,"horses","Chevaux",NA,NA,1,"local",0,1,"in_night_and_half_day",NA,0,0,0,NA,NA,NA,"Male_adult",0,0,0,1,0,0,0,"",0,0,0,0,0,0,0,NA,NA,NA,"",0,0,NA,"","",NA,NA,"",0,0,0,"",0,0,0,0,NA,"",NA,NA,NA,"",NA,NA,NA,"",0,0,0,"",0,0,0,"",NA,"","","",NA,NA,"",NA,NA,"",0,0,"",0,0,0,0,0,NA,"",NA,NA,"",NA,NA,NA,"",0,0,NA,"",NA,"",NA,NA,NA,NA,NA,NA,"",0,0,0,0,NA,NA,NA,NA,NA,NA,NA,NA,NA,NA,NA,NA,NA,"uuid:4ad3e248-8a4e-4aea-9887-1a29d9f77dc8","uuid:4ad3e248-8a4e-4aea-9887-1a29d9f77dc8/survey_grp/Section_Livestock/livestock_repeat[1]","52"
1,"horses","Chevaux",NA,NA,1,"local",0,1,"in_night_and_half_day",NA,0,0,0,NA,NA,NA,"Male_adult",0,0,0,1,0,0,0,"",0,0,0,0,0,0,0,NA,NA,NA,"",0,0,NA,"","",NA,NA,"",0,0,0,"",0,0,0,0,NA,"",NA,NA,NA,"",NA,NA,NA,"",0,0,0,"",0,0,0,"",NA,"","","",NA,NA,"",NA,NA,"",0,0,"",0,0,0,0,0,NA,"",NA,NA,"",NA,NA,NA,"",0,0,NA,"",NA,"",NA,NA,NA,NA,NA,NA,"",0,0,0,0,NA,NA,NA,NA,NA,NA,NA,NA,NA,NA,NA,NA,NA,"uuid:e7f823ab-2dc5-4049-8ba8-6623ad4293bb","uuid:e7f823ab-2dc5-4049-8ba8-6623ad4293bb/survey_grp/Section_Livestock/livestock_repeat[1]","57"
1,"horses","Chevaux",NA,NA,1,"local",0,1,"in_always",NA,0,0,0,NA,NA,NA,"Male_adult",0,0,0,1,0,0,0,"",0,0,0,0,0,0,0,NA,NA,NA,"",0,0,NA,"","",NA,NA,"",0,0,0,"",0,0,0,0,NA,"",NA,NA,NA,"",NA,NA,NA,"",0,0,0,"",0,0,0,"",NA,"","","",NA,NA,"",NA,NA,"",0,0,"",0,0,0,0,0,NA,"",NA,NA,"",NA,NA,NA,"",0,0,NA,"",NA,"",NA,NA,NA,NA,NA,NA,"",0,0,0,0,NA,NA,NA,NA,NA,NA,NA,NA,NA,NA,NA,NA,NA,"uuid:ca48a0f6-6d80-4bdb-b7ca-e0699145288b","uuid:ca48a0f6-6d80-4bdb-b7ca-e0699145288b/survey_grp/Section_Livestock/livestock_repeat[1]","34"
1,"horses","Chevaux",NA,NA,2,"local",0,1,"in_night",NA,0,0,0,NA,NA,NA,"Male_adult",0,0,0,1,0,0,0,"",0,0,0,0,0,0,0,NA,NA,NA,"",0,0,NA,"","",NA,NA,"",0,0,0,"",0,0,0,0,NA,"",NA,NA,NA,"",NA,NA,NA,"",0,0,0,"",0,0,0,"",NA,"","","",NA,NA,"",NA,NA,"",0,0,"",0,0,0,0,0,NA,"",NA,NA,"",NA,NA,NA,"",0,0,NA,"",NA,"",NA,NA,NA,NA,NA,NA,"",0,0,0,0,NA,NA,NA,NA,NA,NA,NA,NA,NA,NA,NA,NA,NA,"uuid:803fe594-90be-48ff-b2a6-b1870b7c3494","uuid:803fe594-90be-48ff-b2a6-b1870b7c3494/survey_grp/Section_Livestock/livestock_repeat[1]","TOAY51"
1,"horses","Chevaux",NA,NA,1,"local",0,1,"in_night",NA,0,0,0,NA,NA,NA,"Male_adult",0,0,0,1,0,0,0,"",0,0,0,0,0,0,0,NA,NA,NA,"",0,0,NA,"","",NA,NA,"",0,0,0,"",0,0,0,0,NA,"",NA,NA,NA,"",NA,NA,NA,"",0,0,0,"",0,0,0,"",NA,"","","",NA,NA,"",NA,NA,"",0,0,"",0,0,0,0,0,NA,"",NA,NA,"",NA,NA,NA,"",0,0,NA,"",NA,"",NA,NA,NA,NA,NA,NA,"",0,0,0,0,NA,NA,NA,NA,NA,NA,NA,NA,NA,NA,NA,NA,NA,"uuid:87ddc02a-168d-493d-94f7-9fcd1baf4432","uuid:87ddc02a-168d-493d-94f7-9fcd1baf4432/survey_grp/Section_Livestock/livestock_repeat[1]","608"
1,"horses","Chevaux",NA,NA,1,"local",0,1,"in_night_and_half_day",NA,0,0,0,NA,NA,NA,"Male_adult",0,0,0,1,0,0,0,"",0,0,0,0,0,0,0,NA,NA,NA,"",0,0,NA,"","",NA,NA,"",0,0,0,"",0,0,0,0,NA,"",NA,NA,NA,"",NA,NA,NA,"",0,0,0,"",0,0,0,"",NA,"","","",NA,NA,"",NA,NA,"",0,0,"",0,0,0,0,0,NA,"",NA,NA,"",NA,NA,NA,"",0,0,NA,"",NA,"",NA,NA,NA,NA,NA,NA,"",0,0,0,0,NA,NA,NA,NA,NA,NA,NA,NA,NA,NA,NA,NA,NA,"uuid:4d4b3fb1-4810-4739-a4bd-6276f36a9d05","uuid:4d4b3fb1-4810-4739-a4bd-6276f36a9d05/survey_grp/Section_Livestock/livestock_repeat[1]","596"
1,"horses","Chevaux",NA,NA,1,"local",0,1,"",NA,0,0,0,NA,NA,NA,"Male_adult",0,0,0,1,0,0,0,"",0,0,0,0,0,0,0,NA,NA,NA,"",0,0,NA,"","",NA,NA,"",0,0,0,"",0,0,0,0,NA,"",NA,NA,NA,"",NA,NA,NA,"",0,0,0,"",0,0,0,"",NA,"","","",NA,NA,"",NA,NA,"",0,0,"",0,0,0,0,0,NA,"",NA,NA,"",NA,NA,NA,"",0,0,NA,"",NA,"",NA,NA,NA,NA,NA,NA,"",0,0,0,0,NA,NA,NA,NA,NA,NA,NA,NA,NA,NA,NA,NA,NA,"uuid:6138b6c2-6e8b-4d8a-ac4a-e95c8a525572","uuid:6138b6c2-6e8b-4d8a-ac4a-e95c8a525572/survey_grp/Section_Livestock/livestock_repeat[1]","27"
1,"horses","Chevaux",NA,NA,1,"local",0,1,"in_night",NA,0,0,0,NA,NA,NA,"Male_adult",0,0,0,1,0,0,0,"",0,0,0,0,0,0,0,NA,NA,NA,"",0,0,NA,"","",NA,NA,"",0,0,0,"",0,0,0,0,NA,"",NA,NA,NA,"",NA,NA,NA,"",0,0,0,"",0,0,0,"",NA,"","","",NA,NA,"",NA,NA,"",0,0,"",0,0,0,0,0,NA,"",NA,NA,"",NA,NA,NA,"",0,0,NA,"",NA,"",NA,NA,NA,NA,NA,NA,"",0,0,0,0,NA,NA,NA,NA,NA,NA,NA,NA,NA,NA,NA,NA,NA,"uuid:3e83bfa2-30b1-4773-be82-5e27e23fc458","uuid:3e83bfa2-30b1-4773-be82-5e27e23fc458/survey_grp/Section_Livestock/livestock_repeat[1]","43"
1,"horses","Chevaux",NA,NA,2,"local",0,1,"in_night",NA,0,0,0,NA,NA,NA,"Male_adult",0,0,0,1,0,0,0,"",0,0,0,0,0,0,0,NA,NA,NA,"",0,0,NA,"","",NA,NA,"",0,0,0,"",0,0,0,0,NA,"",NA,NA,NA,"",NA,NA,NA,"",0,0,0,"",0,0,0,"",NA,"","","",NA,NA,"",NA,NA,"",0,0,"",0,0,0,0,0,NA,"",NA,NA,"",NA,NA,NA,"",0,0,NA,"",NA,"",NA,NA,NA,NA,NA,NA,"",0,0,0,0,NA,NA,NA,NA,NA,NA,NA,NA,NA,NA,NA,NA,NA,"uuid:f591789e-f5c5-428b-a880-27a1d84c5b80","uuid:f591789e-f5c5-428b-a880-27a1d84c5b80/survey_grp/Section_Livestock/livestock_repeat[1]","45"
1,"horses","Chevaux",NA,NA,1,"local",0,1,"in_always",NA,1,0,0,NA,NA,NA,"Male_adult",0,0,0,1,0,0,0,"",0,0,0,0,0,0,0,NA,NA,NA,"",0,0,NA,"","",NA,NA,"",0,0,0,"",0,0,0,0,NA,"",NA,NA,NA,"",NA,NA,NA,"",0,0,0,"",0,0,0,"",NA,"","","",NA,NA,"",NA,NA,"",0,0,"",0,0,0,0,0,NA,"",NA,NA,"",NA,NA,NA,"",0,0,NA,"",NA,"",NA,NA,NA,NA,NA,NA,"",0,0,0,0,NA,NA,NA,NA,NA,NA,NA,NA,NA,NA,NA,NA,NA,"uuid:921c646a-f4f0-46b4-9f6b-d98f04feec10","uuid:921c646a-f4f0-46b4-9f6b-d98f04feec10/survey_grp/Section_Livestock/livestock_repeat[1]","54"
2,"chicken","Poules",NA,NA,NA,"improved",1,0,"in_always",NA,200,0,180,NA,630000,NA,"Male_adult",0,0,0,1,0,0,0,"Male_adult",0,0,1,0,0,0,5,NA,15,NA,"use",0,1,NA,"Little","",NA,NA,"",0,0,0,"Male_adult",0,0,1,0,NA,"",NA,NA,NA,"",NA,NA,NA,"",0,0,0,"",0,0,0,"",NA,"","","",NA,NA,"",NA,NA,"",0,0,"",0,0,0,0,0,NA,"N",NA,NA,"",NA,NA,NA,"",0,0,NA,"",NA,"",NA,NA,NA,NA,NA,NA,"",0,0,0,0,NA,NA,NA,NA,NA,NA,NA,NA,NA,NA,NA,NA,NA,"uuid:921c646a-f4f0-46b4-9f6b-d98f04feec10","uuid:921c646a-f4f0-46b4-9f6b-d98f04feec10/survey_grp/Section_Livestock/livestock_repeat[2]","54"
1,"donkey","Anes",NA,NA,NA,"local",0,1,"in_always",NA,0,0,0,NA,NA,NA,"Male_adult",0,0,0,1,0,0,0,"",0,0,0,0,0,0,0,NA,0,NA,"",0,0,NA,"","",NA,NA,"",0,0,0,"",0,0,0,0,NA,"",NA,NA,NA,"",NA,NA,NA,"",0,0,0,"",0,0,0,"",NA,"","","",NA,NA,"",NA,NA,"",0,0,"",0,0,0,0,0,NA,"",NA,NA,"",NA,NA,NA,"",0,0,NA,"",NA,"",NA,NA,NA,NA,NA,NA,"",0,0,0,0,NA,NA,NA,NA,NA,NA,NA,NA,NA,NA,NA,NA,NA,"uuid:cd264ab4-db66-4444-ba2c-5bedad70ebc7","uuid:cd264ab4-db66-4444-ba2c-5bedad70ebc7/survey_grp/Section_Livestock/livestock_repeat[1]","64"
1,"donkey","Anes",NA,NA,NA,"local",0,1,"",NA,0,0,0,NA,NA,NA,"Male_adult",0,0,0,1,0,0,0,"",0,0,0,0,0,0,0,NA,0,NA,"",0,0,NA,"","",NA,NA,"",0,0,0,"",0,0,0,0,NA,"",NA,NA,NA,"",NA,NA,NA,"",0,0,0,"",0,0,0,"",NA,"","","",NA,NA,"",NA,NA,"",0,0,"",0,0,0,0,0,NA,"",NA,NA,"",NA,NA,NA,"",0,0,NA,"",NA,"",NA,NA,NA,NA,NA,NA,"",0,0,0,0,NA,NA,NA,NA,NA,NA,NA,NA,NA,NA,NA,NA,NA,"uuid:eeaa05d2-c203-46c8-95e5-ead9fc6c01b1","uuid:eeaa05d2-c203-46c8-95e5-ead9fc6c01b1/survey_grp/Section_Livestock/livestock_repeat[1]","12"
1,"horses","Chevaux",NA,NA,1,"local",0,1,"in_night_and_half_day",NA,0,1,0,NA,NA,NA,"Male_adult",0,0,0,1,0,0,0,"",0,0,0,0,0,0,0,NA,NA,NA,"",0,0,NA,"","",NA,NA,"",0,0,0,"",0,0,0,0,NA,"",NA,NA,NA,"",NA,NA,NA,"",0,0,0,"",0,0,0,"",NA,"","","",NA,NA,"",NA,NA,"",0,0,"",0,0,0,0,0,NA,"",NA,NA,"",NA,NA,NA,"",0,0,NA,"",NA,"",NA,NA,NA,NA,NA,NA,"",0,0,0,0,NA,NA,NA,NA,NA,NA,NA,NA,NA,NA,NA,NA,NA,"uuid:843195f6-69f3-4607-94ed-dccd8baae26c","uuid:843195f6-69f3-4607-94ed-dccd8baae26c/survey_grp/Section_Livestock/livestock_repeat[1]","44"
2,"chicken","Poules",NA,NA,NA,"improved",1,0,"in_always",NA,200,0,180,NA,630000,NA,"Male_adult",0,0,0,1,0,0,0,"Male_adult",0,0,1,0,0,0,5,NA,15,NA,"use",0,1,NA,"Little","",NA,NA,"",0,0,0,"Male_adult",0,0,1,0,NA,"",NA,NA,NA,"",NA,NA,NA,"",0,0,0,"",0,0,0,"",NA,"","","",NA,NA,"",NA,NA,"",0,0,"",0,0,0,0,0,NA,"N",NA,NA,"",NA,NA,NA,"",0,0,NA,"",NA,"",NA,NA,NA,NA,NA,NA,"",0,0,0,0,NA,NA,NA,NA,NA,NA,NA,NA,NA,NA,NA,NA,NA,"uuid:843195f6-69f3-4607-94ed-dccd8baae26c","uuid:843195f6-69f3-4607-94ed-dccd8baae26c/survey_grp/Section_Livestock/livestock_repeat[2]","44"
1,"chicken","Poules",NA,NA,NA,"local",0,1,"in_night",NA,4,10,3,NA,12000,NA,"Female_adult",1,0,0,0,0,0,0,"Female_adult",1,0,0,0,0,0,0,NA,6,NA,"use sell",1,1,NA,"UnderHalf","UnderHalf",12000,NA,"Female_adult",1,0,0,"Female_adult",1,0,0,0,NA,"",NA,NA,NA,"",NA,NA,NA,"",0,0,0,"",0,0,0,"",NA,"","","",NA,NA,"",NA,NA,"",0,0,"",0,0,0,0,0,NA,"Y",NA,15,"pieces/day",NA,5,NA,"use",0,1,NA,"UnderHalf",NA,"",NA,NA,NA,NA,NA,NA,"Female_adult",1,0,0,0,NA,NA,NA,NA,NA,NA,NA,NA,NA,NA,NA,NA,NA,"uuid:1701209a-e415-4acf-a045-06bd43b2be07","uuid:1701209a-e415-4acf-a045-06bd43b2be07/survey_grp/Section_Livestock/livestock_repeat[1]","51"
1,"horses","Chevaux",NA,NA,1,"local",0,1,"in_always",NA,1,0,0,NA,NA,NA,"Male_adult",0,0,0,1,0,0,0,"",0,0,0,0,0,0,0,NA,NA,NA,"",0,0,NA,"","",NA,NA,"",0,0,0,"",0,0,0,0,NA,"",NA,NA,NA,"",NA,NA,NA,"",0,0,0,"",0,0,0,"",NA,"","","",NA,NA,"",NA,NA,"",0,0,"",0,0,0,0,0,NA,"",NA,NA,"",NA,NA,NA,"",0,0,NA,"",NA,"",NA,NA,NA,NA,NA,NA,"",0,0,0,0,NA,NA,NA,NA,NA,NA,NA,NA,NA,NA,NA,NA,NA,"uuid:3cfdb317-6aad-46e3-acc6-9be0fb4afc30","uuid:3cfdb317-6aad-46e3-acc6-9be0fb4afc30/survey_grp/Section_Livestock/livestock_repeat[1]","56"
2,"donkey","Anes",NA,NA,NA,"local",0,1,"in_night",NA,1,0,0,NA,NA,NA,"Male_adult",0,0,0,1,0,0,0,"",0,0,0,0,0,0,0,NA,0,NA,"",0,0,NA,"","",NA,NA,"",0,0,0,"",0,0,0,0,NA,"",NA,NA,NA,"",NA,NA,NA,"",0,0,0,"",0,0,0,"",NA,"","","",NA,NA,"",NA,NA,"",0,0,"",0,0,0,0,0,NA,"",NA,NA,"",NA,NA,NA,"",0,0,NA,"",NA,"",NA,NA,NA,NA,NA,NA,"",0,0,0,0,NA,NA,NA,NA,NA,NA,NA,NA,NA,NA,NA,NA,NA,"uuid:3cfdb317-6aad-46e3-acc6-9be0fb4afc30","uuid:3cfdb317-6aad-46e3-acc6-9be0fb4afc30/survey_grp/Section_Livestock/livestock_repeat[2]","56"
1,"chicken","Poules",NA,NA,NA,"improved",1,0,"in_always",NA,100,80,20,NA,70000,NA,"Female_adult",1,0,0,0,0,0,0,"Female_adult",1,0,0,0,0,0,80,NA,0,NA,"",0,0,NA,"","",NA,NA,"",0,0,0,"",0,0,0,0,NA,"",NA,NA,NA,"",NA,NA,NA,"",0,0,0,"",0,0,0,"",NA,"","","",NA,NA,"",NA,NA,"",0,0,"",0,0,0,0,0,NA,"N",NA,NA,"",NA,NA,NA,"",0,0,NA,"",NA,"",NA,NA,NA,NA,NA,NA,"",0,0,0,0,NA,NA,NA,NA,NA,NA,NA,NA,NA,NA,NA,NA,NA,"uuid:7bd69b24-0c7c-490e-9a6b-a259cf19b0b9","uuid:7bd69b24-0c7c-490e-9a6b-a259cf19b0b9/survey_grp/Section_Livestock/livestock_repeat[1]","65"
1,"donkey","Anes",NA,NA,NA,"local",0,1,"in_night",NA,0,0,0,NA,NA,NA,"Male_adult",0,0,0,1,0,0,0,"",0,0,0,0,0,0,0,NA,0,NA,"",0,0,NA,"","",NA,NA,"",0,0,0,"",0,0,0,0,NA,"",NA,NA,NA,"",NA,NA,NA,"",0,0,0,"",0,0,0,"",NA,"","","",NA,NA,"",NA,NA,"",0,0,"",0,0,0,0,0,NA,"",NA,NA,"",NA,NA,NA,"",0,0,NA,"",NA,"",NA,NA,NA,NA,NA,NA,"",0,0,0,0,NA,NA,NA,NA,NA,NA,NA,NA,NA,NA,NA,NA,NA,"uuid:9fb8b21b-9441-4033-8b05-5d8be6c0f0f1","uuid:9fb8b21b-9441-4033-8b05-5d8be6c0f0f1/survey_grp/Section_Livestock/livestock_repeat[1]","131"
2,"horses","Chevaux",NA,NA,2,"local",0,1,"in_night",NA,0,0,0,NA,NA,NA,"Male_adult",0,0,0,1,0,0,0,"",0,0,0,0,0,0,0,NA,NA,NA,"",0,0,NA,"","",NA,NA,"",0,0,0,"",0,0,0,0,NA,"",NA,NA,NA,"",NA,NA,NA,"",0,0,0,"",0,0,0,"",NA,"","","",NA,NA,"",NA,NA,"",0,0,"",0,0,0,0,0,NA,"",NA,NA,"",NA,NA,NA,"",0,0,NA,"",NA,"",NA,NA,NA,NA,NA,NA,"",0,0,0,0,NA,NA,NA,NA,NA,NA,NA,NA,NA,NA,NA,NA,NA,"uuid:9fb8b21b-9441-4033-8b05-5d8be6c0f0f1","uuid:9fb8b21b-9441-4033-8b05-5d8be6c0f0f1/survey_grp/Section_Livestock/livestock_repeat[2]","131"
1,"horses","Chevaux",NA,NA,4,"local",0,1,"in_night",NA,1,0,0,NA,NA,NA,"Male_adult",0,0,0,1,0,0,0,"",0,0,0,0,0,0,0,NA,NA,NA,"",0,0,NA,"","",NA,NA,"",0,0,0,"",0,0,0,0,NA,"",NA,NA,NA,"",NA,NA,NA,"",0,0,0,"",0,0,0,"",NA,"","","",NA,NA,"",NA,NA,"",0,0,"",0,0,0,0,0,NA,"",NA,NA,"",NA,NA,NA,"",0,0,NA,"",NA,"",NA,NA,NA,NA,NA,NA,"",0,0,0,0,NA,NA,NA,NA,NA,NA,NA,NA,NA,NA,NA,NA,NA,"uuid:7805dde1-1a65-49f7-9ba8-7909551da081","uuid:7805dde1-1a65-49f7-9ba8-7909551da081/survey_grp/Section_Livestock/livestock_repeat[1]","130"
1,"horses","Chevaux",NA,NA,2,"local",0,1,"in_always",NA,0,1,0,NA,NA,NA,"Male_adult",0,0,0,1,0,0,0,"",0,0,0,0,0,0,1,NA,NA,NA,"",0,0,NA,"","",NA,NA,"",0,0,0,"",0,0,0,0,NA,"",NA,NA,NA,"",NA,NA,NA,"",0,0,0,"",0,0,0,"",NA,"","","",NA,NA,"",NA,NA,"",0,0,"",0,0,0,0,0,NA,"",NA,NA,"",NA,NA,NA,"",0,0,NA,"",NA,"",NA,NA,NA,NA,NA,NA,"",0,0,0,0,NA,NA,NA,NA,NA,NA,NA,NA,NA,NA,NA,NA,NA,"uuid:20250782-cf22-4869-b243-2b8da7cf4ac8","uuid:20250782-cf22-4869-b243-2b8da7cf4ac8/survey_grp/Section_Livestock/livestock_repeat[1]","147"
2,"other1","Mouton",NA,NA,NA,"local",0,1,"in_always",NA,0,4,0,NA,NA,NA,"Male_adult",0,0,0,1,0,0,0,"",0,0,0,0,0,0,4,NA,1,NA,"use",0,1,NA,"All","",NA,NA,"",0,0,0,"Male_adult",0,0,1,0,NA,"",NA,NA,NA,"",NA,NA,NA,"",0,0,0,"",0,0,0,"",NA,"","","",NA,NA,"",NA,NA,"",0,0,"",0,0,0,0,0,NA,"",NA,NA,"",NA,NA,NA,"",0,0,NA,"",NA,"",NA,NA,NA,NA,NA,NA,"",0,0,0,0,NA,NA,NA,NA,NA,NA,NA,NA,NA,NA,NA,NA,NA,"uuid:20250782-cf22-4869-b243-2b8da7cf4ac8","uuid:20250782-cf22-4869-b243-2b8da7cf4ac8/survey_grp/Section_Livestock/livestock_repeat[2]","147"
3,"other2","Chèvre",NA,NA,NA,"local",0,1,"in_always",NA,0,0,1,NA,50000,NA,"Male_adult",0,0,0,1,0,0,0,"Male_adult",0,0,1,0,0,0,4,NA,0,NA,"",0,0,NA,"","",NA,NA,"",0,0,0,"",0,0,0,0,NA,"",NA,NA,NA,"",NA,NA,NA,"",0,0,0,"",0,0,0,"",NA,"","","",NA,NA,"",NA,NA,"",0,0,"",0,0,0,0,0,NA,"",NA,NA,"",NA,NA,NA,"",0,0,NA,"",NA,"",NA,NA,NA,NA,NA,NA,"",0,0,0,0,NA,NA,NA,NA,NA,NA,NA,NA,NA,NA,NA,NA,NA,"uuid:20250782-cf22-4869-b243-2b8da7cf4ac8","uuid:20250782-cf22-4869-b243-2b8da7cf4ac8/survey_grp/Section_Livestock/livestock_repeat[3]","147"
1,"other1","Chèvre",NA,NA,NA,"local",0,1,"",NA,1,0,0,NA,NA,NA,"Female_adult",1,0,0,0,0,0,0,"",0,0,0,0,0,0,0,NA,0,NA,"",0,0,NA,"","",NA,NA,"",0,0,0,"",0,0,0,0,NA,"",NA,NA,NA,"",NA,NA,NA,"",0,0,0,"",0,0,0,"",NA,"","","",NA,NA,"",NA,NA,"",0,0,"",0,0,0,0,0,NA,"",NA,NA,"",NA,NA,NA,"",0,0,NA,"",NA,"",NA,NA,NA,NA,NA,NA,"",0,0,0,0,NA,NA,NA,NA,NA,NA,NA,NA,NA,NA,NA,NA,NA,"uuid:c85ec42b-2df3-4499-9519-5d388be4a6cf","uuid:c85ec42b-2df3-4499-9519-5d388be4a6cf/survey_grp/Section_Livestock/livestock_repeat[1]","144"
1,"horses","Chevaux",NA,NA,1,"local",0,1,"in_night",NA,0,0,0,NA,NA,NA,"Male_Youth",0,0,0,0,0,1,0,"",0,0,0,0,0,0,1,NA,NA,NA,"",0,0,NA,"","",NA,NA,"",0,0,0,"",0,0,0,0,NA,"",NA,NA,NA,"",NA,NA,NA,"",0,0,0,"",0,0,0,"",NA,"","","",NA,NA,"",NA,NA,"",0,0,"",0,0,0,0,0,NA,"",NA,NA,"",NA,NA,NA,"",0,0,NA,"",NA,"",NA,NA,NA,NA,NA,NA,"",0,0,0,0,NA,NA,NA,NA,NA,NA,NA,NA,NA,NA,NA,NA,NA,"uuid:a83de8ed-9374-466c-ad36-d2e83e5fd764","uuid:a83de8ed-9374-466c-ad36-d2e83e5fd764/survey_grp/Section_Livestock/livestock_repeat[1]","149"
1,"donkey","Anes",NA,NA,NA,"local",0,1,"in_night_and_half_day",NA,0,0,0,NA,NA,NA,"Male_adult",0,0,0,1,0,0,0,"",0,0,0,0,0,0,0,NA,0,NA,"",0,0,NA,"","",NA,NA,"",0,0,0,"",0,0,0,0,NA,"",NA,NA,NA,"",NA,NA,NA,"",0,0,0,"",0,0,0,"",NA,"","","",NA,NA,"",NA,NA,"",0,0,"",0,0,0,0,0,NA,"",NA,NA,"",NA,NA,NA,"",0,0,NA,"",NA,"",NA,NA,NA,NA,NA,NA,"",0,0,0,0,NA,NA,NA,NA,NA,NA,NA,NA,NA,NA,NA,NA,NA,"uuid:d6302793-73b9-4410-9434-f28613f883f0","uuid:d6302793-73b9-4410-9434-f28613f883f0/survey_grp/Section_Livestock/livestock_repeat[1]","150"
2,"horses","Chevaux",NA,NA,1,"local",0,1,"in_night_and_half_day",NA,0,0,0,NA,NA,NA,"Male_adult",0,0,0,1,0,0,0,"",0,0,0,0,0,0,0,NA,NA,NA,"",0,0,NA,"","",NA,NA,"",0,0,0,"",0,0,0,0,NA,"",NA,NA,NA,"",NA,NA,NA,"",0,0,0,"",0,0,0,"",NA,"","","",NA,NA,"",NA,NA,"",0,0,"",0,0,0,0,0,NA,"",NA,NA,"",NA,NA,NA,"",0,0,NA,"",NA,"",NA,NA,NA,NA,NA,NA,"",0,0,0,0,NA,NA,NA,NA,NA,NA,NA,NA,NA,NA,NA,NA,NA,"uuid:d6302793-73b9-4410-9434-f28613f883f0","uuid:d6302793-73b9-4410-9434-f28613f883f0/survey_grp/Section_Livestock/livestock_repeat[2]","150"
1,"horses","Chevaux",NA,NA,1,"local",0,1,"in_night_and_half_day",NA,0,0,0,NA,NA,NA,"Male_Youth",0,0,0,0,0,1,0,"",0,0,0,0,0,0,0,NA,NA,NA,"",0,0,NA,"","",NA,NA,"",0,0,0,"",0,0,0,0,NA,"",NA,NA,NA,"",NA,NA,NA,"",0,0,0,"",0,0,0,"",NA,"","","",NA,NA,"",NA,NA,"",0,0,"",0,0,0,0,0,NA,"",NA,NA,"",NA,NA,NA,"",0,0,NA,"",NA,"",NA,NA,NA,NA,NA,NA,"",0,0,0,0,NA,NA,NA,NA,NA,NA,NA,NA,NA,NA,NA,NA,NA,"uuid:5a528504-c948-4c04-8d8e-a7011c55f53b","uuid:5a528504-c948-4c04-8d8e-a7011c55f53b/survey_grp/Section_Livestock/livestock_repeat[1]","142"
1,"horses","Chevaux",NA,NA,2,"local",0,1,"",NA,0,0,0,NA,NA,NA,"Male_adult",0,0,0,1,0,0,0,"",0,0,0,0,0,0,0,NA,NA,NA,"",0,0,NA,"","",NA,NA,"",0,0,0,"",0,0,0,0,NA,"",NA,NA,NA,"",NA,NA,NA,"",0,0,0,"",0,0,0,"",NA,"","","",NA,NA,"",NA,NA,"",0,0,"",0,0,0,0,0,NA,"",NA,NA,"",NA,NA,NA,"",0,0,NA,"",NA,"",NA,NA,NA,NA,NA,NA,"",0,0,0,0,NA,NA,NA,NA,NA,NA,NA,NA,NA,NA,NA,NA,NA,"uuid:284404af-3dc2-44ec-af35-964b25ecc66c","uuid:284404af-3dc2-44ec-af35-964b25ecc66c/survey_grp/Section_Livestock/livestock_repeat[1]","582"
1,"horses","Chevaux",NA,NA,2,"local",0,1,"in_always",NA,1,0,0,NA,NA,NA,"Male_adult",0,0,0,1,0,0,0,"",0,0,0,0,0,0,0,NA,NA,NA,"",0,0,NA,"","",NA,NA,"",0,0,0,"",0,0,0,0,NA,"",NA,NA,NA,"",NA,NA,NA,"",0,0,0,"",0,0,0,"",NA,"","","",NA,NA,"",NA,NA,"",0,0,"",0,0,0,0,0,NA,"",NA,NA,"",NA,NA,NA,"",0,0,NA,"",NA,"",NA,NA,NA,NA,NA,NA,"",0,0,0,0,NA,NA,NA,NA,NA,NA,NA,NA,NA,NA,NA,NA,NA,"uuid:c425fd6f-9145-4bbc-bdbd-24e875297b0b","uuid:c425fd6f-9145-4bbc-bdbd-24e875297b0b/survey_grp/Section_Livestock/livestock_repeat[1]","AGTP4E"
2,"donkey","Anes",NA,NA,NA,"local",0,1,"in_night",NA,0,0,0,NA,NA,NA,"Male_adult",0,0,0,1,0,0,0,"",0,0,0,0,0,0,0,NA,0,NA,"",0,0,NA,"","",NA,NA,"",0,0,0,"",0,0,0,0,NA,"",NA,NA,NA,"",NA,NA,NA,"",0,0,0,"",0,0,0,"",NA,"","","",NA,NA,"",NA,NA,"",0,0,"",0,0,0,0,0,NA,"",NA,NA,"",NA,NA,NA,"",0,0,NA,"",NA,"",NA,NA,NA,NA,NA,NA,"",0,0,0,0,NA,NA,NA,NA,NA,NA,NA,NA,NA,NA,NA,NA,NA,"uuid:c425fd6f-9145-4bbc-bdbd-24e875297b0b","uuid:c425fd6f-9145-4bbc-bdbd-24e875297b0b/survey_grp/Section_Livestock/livestock_repeat[2]","AGTP4E"
1,"horses","Chevaux",NA,NA,1,"local",0,1,"in_night",NA,0,0,0,NA,NA,NA,"Male_adult",0,0,0,1,0,0,0,"",0,0,0,0,0,0,0,NA,NA,NA,"",0,0,NA,"","",NA,NA,"",0,0,0,"",0,0,0,0,NA,"",NA,NA,NA,"",NA,NA,NA,"",0,0,0,"",0,0,0,"",NA,"","","",NA,NA,"",NA,NA,"",0,0,"",0,0,0,0,0,NA,"",NA,NA,"",NA,NA,NA,"",0,0,NA,"",NA,"",NA,NA,NA,NA,NA,NA,"",0,0,0,0,NA,NA,NA,NA,NA,NA,NA,NA,NA,NA,NA,NA,NA,"uuid:cca6d0ce-3255-412f-904d-786f3501d26e","uuid:cca6d0ce-3255-412f-904d-786f3501d26e/survey_grp/Section_Livestock/livestock_repeat[1]","IIDYJY"
1,"goats","Caprins",NA,NA,NA,"local",0,1,"out_all_time",NA,0,0,0,NA,NA,NA,"Male_adult Female_adult",1,0,0,1,0,0,0,"",0,0,0,0,0,0,0,NA,0,NA,"",0,0,NA,"","",NA,NA,"",0,0,0,"",0,0,0,0,NA,"N",NA,NA,NA,"",NA,NA,NA,"",0,0,0,"",0,0,0,"",NA,"","","",NA,NA,"",NA,NA,"",0,0,"",0,0,0,0,0,NA,"",NA,NA,"",NA,NA,NA,"",0,0,NA,"",NA,"",NA,NA,NA,NA,NA,NA,"",0,0,0,0,NA,NA,NA,NA,NA,NA,NA,NA,NA,NA,NA,NA,NA,"uuid:ab77b9f1-9fe0-44f4-9ad1-b8fd7d4f136c","uuid:ab77b9f1-9fe0-44f4-9ad1-b8fd7d4f136c/survey_grp/Section_Livestock/livestock_repeat[1]","234"
1,"horses","Chevaux",NA,NA,1,"local",0,1,"",NA,0,0,0,NA,NA,NA,"Male_adult",0,0,0,1,0,0,0,"",0,0,0,0,0,0,0,NA,NA,NA,"",0,0,NA,"","",NA,NA,"",0,0,0,"",0,0,0,0,NA,"",NA,NA,NA,"",NA,NA,NA,"",0,0,0,"",0,0,0,"",NA,"","","",NA,NA,"",NA,NA,"",0,0,"",0,0,0,0,0,NA,"",NA,NA,"",NA,NA,NA,"",0,0,NA,"",NA,"",NA,NA,NA,NA,NA,NA,"",0,0,0,0,NA,NA,NA,NA,NA,NA,NA,NA,NA,NA,NA,NA,NA,"uuid:95de5f8a-ec5e-4402-8e7e-fb11a021eec1","uuid:95de5f8a-ec5e-4402-8e7e-fb11a021eec1/survey_grp/Section_Livestock/livestock_repeat[1]","621"
1,"horses","Chevaux",NA,NA,2,"local",0,1,"in_night",NA,0,0,0,NA,NA,NA,"Male_adult",0,0,0,1,0,0,0,"",0,0,0,0,0,0,0,NA,NA,NA,"",0,0,NA,"","",NA,NA,"",0,0,0,"",0,0,0,0,NA,"",NA,NA,NA,"",NA,NA,NA,"",0,0,0,"",0,0,0,"",NA,"","","",NA,NA,"",NA,NA,"",0,0,"",0,0,0,0,0,NA,"",NA,NA,"",NA,NA,NA,"",0,0,NA,"",NA,"",NA,NA,NA,NA,NA,NA,"",0,0,0,0,NA,NA,NA,NA,NA,NA,NA,NA,NA,NA,NA,NA,NA,"uuid:750cd455-1aed-4272-834a-0720b503ae74","uuid:750cd455-1aed-4272-834a-0720b503ae74/survey_grp/Section_Livestock/livestock_repeat[1]","49"
1,"horses","Chevaux",NA,NA,2,"local",0,1,"in_night",NA,0,0,0,NA,NA,NA,"Male_adult",0,0,0,1,0,0,0,"",0,0,0,0,0,0,0,NA,NA,NA,"",0,0,NA,"","",NA,NA,"",0,0,0,"",0,0,0,0,NA,"",NA,NA,NA,"",NA,NA,NA,"",0,0,0,"",0,0,0,"",NA,"","","",NA,NA,"",NA,NA,"",0,0,"",0,0,0,0,0,NA,"",NA,NA,"",NA,NA,NA,"",0,0,NA,"",NA,"",NA,NA,NA,NA,NA,NA,"",0,0,0,0,NA,NA,NA,NA,NA,NA,NA,NA,NA,NA,NA,NA,NA,"uuid:9da7cecc-ebce-4769-aa44-bf98d5faa83d","uuid:9da7cecc-ebce-4769-aa44-bf98d5faa83d/survey_grp/Section_Livestock/livestock_repeat[1]","50"
1,"horses","Chevaux",NA,NA,2,"local",0,1,"",NA,0,1,0,NA,NA,NA,"Male_adult",0,0,0,1,0,0,0,"",0,0,0,0,0,0,0,NA,NA,NA,"",0,0,NA,"","",NA,NA,"",0,0,0,"",0,0,0,0,NA,"",NA,NA,NA,"",NA,NA,NA,"",0,0,0,"",0,0,0,"",NA,"","","",NA,NA,"",NA,NA,"",0,0,"",0,0,0,0,0,NA,"",NA,NA,"",NA,NA,NA,"",0,0,NA,"",NA,"",NA,NA,NA,NA,NA,NA,"",0,0,0,0,NA,NA,NA,NA,NA,NA,NA,NA,NA,NA,NA,NA,NA,"uuid:94446695-736f-43b6-80be-0e904b260394","uuid:94446695-736f-43b6-80be-0e904b260394/survey_grp/Section_Livestock/livestock_repeat[1]","41"
1,"horses","Chevaux",NA,NA,1,"local",0,1,"in_night",NA,0,0,0,NA,NA,NA,"Male_adult",0,0,0,1,0,0,0,"",0,0,0,0,0,0,0,NA,NA,NA,"",0,0,NA,"","",NA,NA,"",0,0,0,"",0,0,0,0,NA,"",NA,NA,NA,"",NA,NA,NA,"",0,0,0,"",0,0,0,"",NA,"","","",NA,NA,"",NA,NA,"",0,0,"",0,0,0,0,0,NA,"",NA,NA,"",NA,NA,NA,"",0,0,NA,"",NA,"",NA,NA,NA,NA,NA,NA,"",0,0,0,0,NA,NA,NA,NA,NA,NA,NA,NA,NA,NA,NA,NA,NA,"uuid:5dcc3467-b093-4f1a-8d9d-d9a3c349b29c","uuid:5dcc3467-b093-4f1a-8d9d-d9a3c349b29c/survey_grp/Section_Livestock/livestock_repeat[1]","40"
2,"sheep","Ovins",NA,NA,NA,"local",0,1,"in_night",NA,0,1,1,NA,150000,NA,"Male_adult",0,0,0,1,0,0,0,"Male_adult",0,0,1,0,0,0,0,NA,1,NA,"use",0,1,NA,"All","",NA,NA,"",0,0,0,"Male_adult",0,0,1,0,NA,"N",NA,NA,NA,"",NA,NA,NA,"",0,0,0,"",0,0,0,"",NA,"","","",NA,NA,"",NA,NA,"",0,0,"",0,0,0,0,0,NA,"",NA,NA,"",NA,NA,NA,"",0,0,NA,"",NA,"",NA,NA,NA,NA,NA,NA,"",0,0,0,0,NA,NA,NA,NA,NA,NA,NA,NA,NA,NA,NA,NA,NA,"uuid:5dcc3467-b093-4f1a-8d9d-d9a3c349b29c","uuid:5dcc3467-b093-4f1a-8d9d-d9a3c349b29c/survey_grp/Section_Livestock/livestock_repeat[2]","40"
1,"chicken","Poules",NA,NA,NA,"local",0,1,"in_night_and_half_day",NA,0,100,16,NA,325000,NA,"Male_adult",0,0,0,1,0,0,0,"Male_adult",0,0,1,0,0,0,40,NA,30,NA,"use sell",1,1,NA,"All","Half",325000,NA,"Male_adult",0,0,1,"Male_adult",0,0,1,0,NA,"",NA,NA,NA,"",NA,NA,NA,"",0,0,0,"",0,0,0,"",NA,"","","",NA,NA,"",NA,NA,"",0,0,"",0,0,0,0,0,NA,"Y",NA,200,"pieces/day",NA,15,NA,"use",0,1,NA,"All",NA,"",NA,NA,NA,NA,NA,NA,"Male_adult",0,0,1,0,NA,NA,NA,NA,NA,NA,NA,NA,NA,NA,NA,NA,NA,"uuid:2f2da079-7033-4ff2-af8b-715e7883bdde","uuid:2f2da079-7033-4ff2-af8b-715e7883bdde/survey_grp/Section_Livestock/livestock_repeat[1]","87"
2,"donkey","Anes",NA,NA,NA,"local",0,1,"in_night_and_half_day",NA,0,0,0,NA,NA,NA,"Male_adult",0,0,0,1,0,0,0,"",0,0,0,0,0,0,0,NA,0,NA,"",0,0,NA,"","",NA,NA,"",0,0,0,"",0,0,0,0,NA,"",NA,NA,NA,"",NA,NA,NA,"",0,0,0,"",0,0,0,"",NA,"","","",NA,NA,"",NA,NA,"",0,0,"",0,0,0,0,0,NA,"",NA,NA,"",NA,NA,NA,"",0,0,NA,"",NA,"",NA,NA,NA,NA,NA,NA,"",0,0,0,0,NA,NA,NA,NA,NA,NA,NA,NA,NA,NA,NA,NA,NA,"uuid:2f2da079-7033-4ff2-af8b-715e7883bdde","uuid:2f2da079-7033-4ff2-af8b-715e7883bdde/survey_grp/Section_Livestock/livestock_repeat[2]","87"
3,"horses","Chevaux",NA,NA,1,"local",0,1,"in_night_and_half_day",NA,0,1,0,NA,NA,NA,"Male_adult",0,0,0,1,0,0,0,"",0,0,0,0,0,0,0,NA,NA,NA,"",0,0,NA,"","",NA,NA,"",0,0,0,"",0,0,0,0,NA,"",NA,NA,NA,"",NA,NA,NA,"",0,0,0,"",0,0,0,"",NA,"","","",NA,NA,"",NA,NA,"",0,0,"",0,0,0,0,0,NA,"",NA,NA,"",NA,NA,NA,"",0,0,NA,"",NA,"",NA,NA,NA,NA,NA,NA,"",0,0,0,0,NA,NA,NA,NA,NA,NA,NA,NA,NA,NA,NA,NA,NA,"uuid:2f2da079-7033-4ff2-af8b-715e7883bdde","uuid:2f2da079-7033-4ff2-af8b-715e7883bdde/survey_grp/Section_Livestock/livestock_repeat[3]","87"
1,"horses","Chevaux",NA,NA,2,"local",0,1,"in_night_and_half_day",NA,0,1,0,NA,NA,NA,"Male_adult",0,0,0,1,0,0,0,"",0,0,0,0,0,0,0,NA,NA,NA,"",0,0,NA,"","",NA,NA,"",0,0,0,"",0,0,0,0,NA,"",NA,NA,NA,"",NA,NA,NA,"",0,0,0,"",0,0,0,"",NA,"","","",NA,NA,"",NA,NA,"",0,0,"",0,0,0,0,0,NA,"",NA,NA,"",NA,NA,NA,"",0,0,NA,"",NA,"",NA,NA,NA,NA,NA,NA,"",0,0,0,0,NA,NA,NA,NA,NA,NA,NA,NA,NA,NA,NA,NA,NA,"uuid:82091b05-6e9b-4095-b20e-42fdda397dbb","uuid:82091b05-6e9b-4095-b20e-42fdda397dbb/survey_grp/Section_Livestock/livestock_repeat[1]","94"
2,"goats","Caprins",NA,NA,NA,"local",0,1,"in_night_and_half_day",NA,0,3,1,NA,30000,NA,"Male_adult",0,0,0,1,0,0,0,"Male_adult",0,0,1,0,0,0,0,NA,0,NA,"",0,0,NA,"","",NA,NA,"",0,0,0,"",0,0,0,0,NA,"N",NA,NA,NA,"",NA,NA,NA,"",0,0,0,"",0,0,0,"",NA,"","","",NA,NA,"",NA,NA,"",0,0,"",0,0,0,0,0,NA,"",NA,NA,"",NA,NA,NA,"",0,0,NA,"",NA,"",NA,NA,NA,NA,NA,NA,"",0,0,0,0,NA,NA,NA,NA,NA,NA,NA,NA,NA,NA,NA,NA,NA,"uuid:82091b05-6e9b-4095-b20e-42fdda397dbb","uuid:82091b05-6e9b-4095-b20e-42fdda397dbb/survey_grp/Section_Livestock/livestock_repeat[2]","94"
1,"goats","Caprins",NA,NA,NA,"local",0,1,"",NA,0,0,0,NA,NA,NA,"no_answer",0,0,0,0,0,0,1,"",0,0,0,0,0,0,0,NA,0,NA,"",0,0,NA,"","",NA,NA,"",0,0,0,"",0,0,0,0,NA,"N",NA,NA,NA,"",NA,NA,NA,"",0,0,0,"",0,0,0,"",NA,"","","",NA,NA,"",NA,NA,"",0,0,"",0,0,0,0,0,NA,"",NA,NA,"",NA,NA,NA,"",0,0,NA,"",NA,"",NA,NA,NA,NA,NA,NA,"",0,0,0,0,NA,NA,NA,NA,NA,NA,NA,NA,NA,NA,NA,NA,NA,"uuid:d1a61c5f-dcbf-4298-9cff-6aa730ce200c","uuid:d1a61c5f-dcbf-4298-9cff-6aa730ce200c/survey_grp/Section_Livestock/livestock_repeat[1]","119"
1,"donkey","Anes",NA,NA,NA,"local",0,1,"in_night",NA,0,0,0,NA,NA,NA,"Male_adult",0,0,0,1,0,0,0,"",0,0,0,0,0,0,0,NA,0,NA,"",0,0,NA,"","",NA,NA,"",0,0,0,"",0,0,0,0,NA,"",NA,NA,NA,"",NA,NA,NA,"",0,0,0,"",0,0,0,"",NA,"","","",NA,NA,"",NA,NA,"",0,0,"",0,0,0,0,0,NA,"",NA,NA,"",NA,NA,NA,"",0,0,NA,"",NA,"",NA,NA,NA,NA,NA,NA,"",0,0,0,0,NA,NA,NA,NA,NA,NA,NA,NA,NA,NA,NA,NA,NA,"uuid:bd05de50-04f5-4db3-abc0-c2913c63527f","uuid:bd05de50-04f5-4db3-abc0-c2913c63527f/survey_grp/Section_Livestock/livestock_repeat[1]","92"
2,"horses","Chevaux",NA,NA,1,"local",0,1,"in_night_and_half_day",NA,0,0,0,NA,NA,NA,"Male_adult",0,0,0,1,0,0,0,"",0,0,0,0,0,0,0,NA,NA,NA,"",0,0,NA,"","",NA,NA,"",0,0,0,"",0,0,0,0,NA,"",NA,NA,NA,"",NA,NA,NA,"",0,0,0,"",0,0,0,"",NA,"","","",NA,NA,"",NA,NA,"",0,0,"",0,0,0,0,0,NA,"",NA,NA,"",NA,NA,NA,"",0,0,NA,"",NA,"",NA,NA,NA,NA,NA,NA,"",0,0,0,0,NA,NA,NA,NA,NA,NA,NA,NA,NA,NA,NA,NA,NA,"uuid:bd05de50-04f5-4db3-abc0-c2913c63527f","uuid:bd05de50-04f5-4db3-abc0-c2913c63527f/survey_grp/Section_Livestock/livestock_repeat[2]","92"
3,"sheep","Ovins",NA,NA,NA,"local",0,1,"in_night_and_half_day",NA,2,0,0,NA,NA,NA,"Male_adult",0,0,0,1,0,0,0,"",0,0,0,0,0,0,0,NA,0,NA,"",0,0,NA,"","",NA,NA,"",0,0,0,"",0,0,0,0,NA,"N",NA,NA,NA,"",NA,NA,NA,"",0,0,0,"",0,0,0,"",NA,"","","",NA,NA,"",NA,NA,"",0,0,"",0,0,0,0,0,NA,"",NA,NA,"",NA,NA,NA,"",0,0,NA,"",NA,"",NA,NA,NA,NA,NA,NA,"",0,0,0,0,NA,NA,NA,NA,NA,NA,NA,NA,NA,NA,NA,NA,NA,"uuid:bd05de50-04f5-4db3-abc0-c2913c63527f","uuid:bd05de50-04f5-4db3-abc0-c2913c63527f/survey_grp/Section_Livestock/livestock_repeat[3]","92"
1,"goats","Caprins",NA,NA,NA,"local",0,1,"",NA,0,6,0,NA,NA,NA,"no_answer",0,0,0,0,0,0,1,"",0,0,0,0,0,0,0,NA,2,NA,"use",0,1,NA,"All","",NA,NA,"",0,0,0,"Female_Youth",0,1,0,0,NA,"N",NA,NA,NA,"",NA,NA,NA,"",0,0,0,"",0,0,0,"",NA,"","","",NA,NA,"",NA,NA,"",0,0,"",0,0,0,0,0,NA,"",NA,NA,"",NA,NA,NA,"",0,0,NA,"",NA,"",NA,NA,NA,NA,NA,NA,"",0,0,0,0,NA,NA,NA,NA,NA,NA,NA,NA,NA,NA,NA,NA,NA,"uuid:c215d096-0e9b-4dd2-8a4d-ca5949f260eb","uuid:c215d096-0e9b-4dd2-8a4d-ca5949f260eb/survey_grp/Section_Livestock/livestock_repeat[1]","135"
2,"sheep","Ovins",NA,NA,NA,"local",0,1,"",NA,0,5,0,NA,NA,NA,"Female_Youth",0,0,1,0,0,0,0,"",0,0,0,0,0,0,0,NA,2,NA,"use",0,1,NA,"All","",NA,NA,"",0,0,0,"Female_Youth",0,1,0,0,NA,"N",NA,NA,NA,"",NA,NA,NA,"",0,0,0,"",0,0,0,"",NA,"","","",NA,NA,"",NA,NA,"",0,0,"",0,0,0,0,0,NA,"",NA,NA,"",NA,NA,NA,"",0,0,NA,"",NA,"",NA,NA,NA,NA,NA,NA,"",0,0,0,0,NA,NA,NA,NA,NA,NA,NA,NA,NA,NA,NA,NA,NA,"uuid:c215d096-0e9b-4dd2-8a4d-ca5949f260eb","uuid:c215d096-0e9b-4dd2-8a4d-ca5949f260eb/survey_grp/Section_Livestock/livestock_repeat[2]","135"
1,"horses","Chevaux",NA,NA,2,"local",0,1,"in_night_and_half_day",NA,2,0,0,NA,NA,NA,"Male_adult",0,0,0,1,0,0,0,"",0,0,0,0,0,0,0,NA,NA,NA,"",0,0,NA,"","",NA,NA,"",0,0,0,"",0,0,0,0,NA,"",NA,NA,NA,"",NA,NA,NA,"",0,0,0,"",0,0,0,"",NA,"","","",NA,NA,"",NA,NA,"",0,0,"",0,0,0,0,0,NA,"",NA,NA,"",NA,NA,NA,"",0,0,NA,"",NA,"",NA,NA,NA,NA,NA,NA,"",0,0,0,0,NA,NA,NA,NA,NA,NA,NA,NA,NA,NA,NA,NA,NA,"uuid:174d02fb-ffec-4cb7-803d-154c1e4c6c9e","uuid:174d02fb-ffec-4cb7-803d-154c1e4c6c9e/survey_grp/Section_Livestock/livestock_repeat[1]","128"
1,"donkey","Anes",NA,NA,NA,"local",0,1,"in_night",NA,0,0,0,NA,NA,NA,"Male_adult",0,0,0,1,0,0,0,"",0,0,0,0,0,0,1,NA,0,NA,"",0,0,NA,"","",NA,NA,"",0,0,0,"",0,0,0,0,NA,"",NA,NA,NA,"",NA,NA,NA,"",0,0,0,"",0,0,0,"",NA,"","","",NA,NA,"",NA,NA,"",0,0,"",0,0,0,0,0,NA,"",NA,NA,"",NA,NA,NA,"",0,0,NA,"",NA,"",NA,NA,NA,NA,NA,NA,"",0,0,0,0,NA,NA,NA,NA,NA,NA,NA,NA,NA,NA,NA,NA,NA,"uuid:8d2bc429-5133-4f1e-b788-51d6abc57991","uuid:8d2bc429-5133-4f1e-b788-51d6abc57991/survey_grp/Section_Livestock/livestock_repeat[1]","122"
2,"horses","Chevaux",NA,NA,1,"local",0,1,"in_night",NA,0,0,0,NA,NA,NA,"Male_adult",0,0,0,1,0,0,0,"",0,0,0,0,0,0,0,NA,NA,NA,"",0,0,NA,"","",NA,NA,"",0,0,0,"",0,0,0,0,NA,"",NA,NA,NA,"",NA,NA,NA,"",0,0,0,"",0,0,0,"",NA,"","","",NA,NA,"",NA,NA,"",0,0,"",0,0,0,0,0,NA,"",NA,NA,"",NA,NA,NA,"",0,0,NA,"",NA,"",NA,NA,NA,NA,NA,NA,"",0,0,0,0,NA,NA,NA,NA,NA,NA,NA,NA,NA,NA,NA,NA,NA,"uuid:8d2bc429-5133-4f1e-b788-51d6abc57991","uuid:8d2bc429-5133-4f1e-b788-51d6abc57991/survey_grp/Section_Livestock/livestock_repeat[2]","122"
1,"horses","Chevaux",NA,NA,1,"local",0,1,"in_night",NA,0,0,0,NA,NA,NA,"Male_Child",0,0,0,0,1,0,0,"",0,0,0,0,0,0,0,NA,NA,NA,"",0,0,NA,"","",NA,NA,"",0,0,0,"",0,0,0,0,NA,"",NA,NA,NA,"",NA,NA,NA,"",0,0,0,"",0,0,0,"",NA,"","","",NA,NA,"",NA,NA,"",0,0,"",0,0,0,0,0,NA,"",NA,NA,"",NA,NA,NA,"",0,0,NA,"",NA,"",NA,NA,NA,NA,NA,NA,"",0,0,0,0,NA,NA,NA,NA,NA,NA,NA,NA,NA,NA,NA,NA,NA,"uuid:e6df1fe0-672c-4a02-abcb-3b78dc1a9e38","uuid:e6df1fe0-672c-4a02-abcb-3b78dc1a9e38/survey_grp/Section_Livestock/livestock_repeat[1]","123"
2,"donkey","Anes",NA,NA,NA,"local",0,1,"in_night",NA,0,0,0,NA,NA,NA,"Male_Child",0,0,0,0,1,0,0,"",0,0,0,0,0,0,0,NA,0,NA,"",0,0,NA,"","",NA,NA,"",0,0,0,"",0,0,0,0,NA,"",NA,NA,NA,"",NA,NA,NA,"",0,0,0,"",0,0,0,"",NA,"","","",NA,NA,"",NA,NA,"",0,0,"",0,0,0,0,0,NA,"",NA,NA,"",NA,NA,NA,"",0,0,NA,"",NA,"",NA,NA,NA,NA,NA,NA,"",0,0,0,0,NA,NA,NA,NA,NA,NA,NA,NA,NA,NA,NA,NA,NA,"uuid:e6df1fe0-672c-4a02-abcb-3b78dc1a9e38","uuid:e6df1fe0-672c-4a02-abcb-3b78dc1a9e38/survey_grp/Section_Livestock/livestock_repeat[2]","123"
1,"horses","Chevaux",NA,NA,2,"local",0,1,"in_night",NA,0,0,1,NA,300000,NA,"Male_adult",0,0,0,1,0,0,0,"Male_adult",0,0,1,0,0,0,1,NA,NA,NA,"",0,0,NA,"","",NA,NA,"",0,0,0,"",0,0,0,0,NA,"",NA,NA,NA,"",NA,NA,NA,"",0,0,0,"",0,0,0,"",NA,"","","",NA,NA,"",NA,NA,"",0,0,"",0,0,0,0,0,NA,"",NA,NA,"",NA,NA,NA,"",0,0,NA,"",NA,"",NA,NA,NA,NA,NA,NA,"",0,0,0,0,NA,NA,NA,NA,NA,NA,NA,NA,NA,NA,NA,NA,NA,"uuid:3494d84b-32b3-4a7d-b235-36e22ca1676d","uuid:3494d84b-32b3-4a7d-b235-36e22ca1676d/survey_grp/Section_Livestock/livestock_repeat[1]","93"
1,"horses","Chevaux",NA,NA,2,"local",0,1,"in_night",NA,1,0,0,NA,NA,NA,"Male_adult",0,0,0,1,0,0,0,"",0,0,0,0,0,0,0,NA,NA,NA,"",0,0,NA,"","",NA,NA,"",0,0,0,"",0,0,0,0,NA,"",NA,NA,NA,"",NA,NA,NA,"",0,0,0,"",0,0,0,"",NA,"","","",NA,NA,"",NA,NA,"",0,0,"",0,0,0,0,0,NA,"",NA,NA,"",NA,NA,NA,"",0,0,NA,"",NA,"",NA,NA,NA,NA,NA,NA,"",0,0,0,0,NA,NA,NA,NA,NA,NA,NA,NA,NA,NA,NA,NA,NA,"uuid:58cb9724-4b70-435b-a031-8d2ba887858e","uuid:58cb9724-4b70-435b-a031-8d2ba887858e/survey_grp/Section_Livestock/livestock_repeat[1]","91"
1,"horses","Chevaux",NA,NA,3,"local",0,1,"in_night",NA,1,0,0,NA,NA,NA,"Male_adult",0,0,0,1,0,0,0,"",0,0,0,0,0,0,0,NA,NA,NA,"",0,0,NA,"","",NA,NA,"",0,0,0,"",0,0,0,0,NA,"",NA,NA,NA,"",NA,NA,NA,"",0,0,0,"",0,0,0,"",NA,"","","",NA,NA,"",NA,NA,"",0,0,"",0,0,0,0,0,NA,"",NA,NA,"",NA,NA,NA,"",0,0,NA,"",NA,"",NA,NA,NA,NA,NA,NA,"",0,0,0,0,NA,NA,NA,NA,NA,NA,NA,NA,NA,NA,NA,NA,NA,"uuid:31b092a5-ccab-43cb-8f1c-3c8f916501e7","uuid:31b092a5-ccab-43cb-8f1c-3c8f916501e7/survey_grp/Section_Livestock/livestock_repeat[1]","120"
1,"horses","Chevaux",NA,NA,2,"local",0,1,"in_night",NA,0,0,0,NA,NA,NA,"Male_Child",0,0,0,0,1,0,0,"",0,0,0,0,0,0,1,NA,NA,NA,"",0,0,NA,"","",NA,NA,"",0,0,0,"",0,0,0,0,NA,"",NA,NA,NA,"",NA,NA,NA,"",0,0,0,"",0,0,0,"",NA,"","","",NA,NA,"",NA,NA,"",0,0,"",0,0,0,0,0,NA,"",NA,NA,"",NA,NA,NA,"",0,0,NA,"",NA,"",NA,NA,NA,NA,NA,NA,"",0,0,0,0,NA,NA,NA,NA,NA,NA,NA,NA,NA,NA,NA,NA,NA,"uuid:ef2438e4-9190-4d1f-b3a3-fa4cbc776181","uuid:ef2438e4-9190-4d1f-b3a3-fa4cbc776181/survey_grp/Section_Livestock/livestock_repeat[1]","115"
1,"horses","Chevaux",NA,NA,1,"local",0,1,"out_all_time",NA,0,0,0,NA,NA,NA,"Male_adult",0,0,0,1,0,0,0,"",0,0,0,0,0,0,0,NA,NA,NA,"",0,0,NA,"","",NA,NA,"",0,0,0,"",0,0,0,0,NA,"",NA,NA,NA,"",NA,NA,NA,"",0,0,0,"",0,0,0,"",NA,"","","",NA,NA,"",NA,NA,"",0,0,"",0,0,0,0,0,NA,"",NA,NA,"",NA,NA,NA,"",0,0,NA,"",NA,"",NA,NA,NA,NA,NA,NA,"",0,0,0,0,NA,NA,NA,NA,NA,NA,NA,NA,NA,NA,NA,NA,NA,"uuid:a6585630-6dba-4c60-9eef-3e68270468c3","uuid:a6585630-6dba-4c60-9eef-3e68270468c3/survey_grp/Section_Livestock/livestock_repeat[1]","114"
1,"horses","Chevaux",NA,NA,2,"local",0,1,"in_always",NA,0,0,0,NA,NA,NA,"Male_adult",0,0,0,1,0,0,0,"",0,0,0,0,0,0,0,NA,NA,NA,"",0,0,NA,"","",NA,NA,"",0,0,0,"",0,0,0,0,NA,"",NA,NA,NA,"",NA,NA,NA,"",0,0,0,"",0,0,0,"",NA,"","","",NA,NA,"",NA,NA,"",0,0,"",0,0,0,0,0,NA,"",NA,NA,"",NA,NA,NA,"",0,0,NA,"",NA,"",NA,NA,NA,NA,NA,NA,"",0,0,0,0,NA,NA,NA,NA,NA,NA,NA,NA,NA,NA,NA,NA,NA,"uuid:40afa01a-42f8-4a01-a34e-0e21b06a931a","uuid:40afa01a-42f8-4a01-a34e-0e21b06a931a/survey_grp/Section_Livestock/livestock_repeat[1]","136"
1,"horses","Chevaux",NA,NA,2,"local",0,1,"in_always",NA,0,1,0,NA,NA,NA,"Male_Youth",0,0,0,0,0,1,0,"",0,0,0,0,0,0,0,NA,NA,NA,"",0,0,NA,"","",NA,NA,"",0,0,0,"",0,0,0,0,NA,"",NA,NA,NA,"",NA,NA,NA,"",0,0,0,"",0,0,0,"",NA,"","","",NA,NA,"",NA,NA,"",0,0,"",0,0,0,0,0,NA,"",NA,NA,"",NA,NA,NA,"",0,0,NA,"",NA,"",NA,NA,NA,NA,NA,NA,"",0,0,0,0,NA,NA,NA,NA,NA,NA,NA,NA,NA,NA,NA,NA,NA,"uuid:2237ca7b-c20d-4447-aad2-d9b03e11211a","uuid:2237ca7b-c20d-4447-aad2-d9b03e11211a/survey_grp/Section_Livestock/livestock_repeat[1]","125"
1,"cattle","Bovins",NA,NA,2,"local",0,1,"",NA,2,0,1,NA,300000,NA,"Male_adult",0,0,0,1,0,0,0,"Male_adult",0,0,1,0,0,0,0,NA,0,NA,"",0,0,NA,"","",NA,NA,"",0,0,0,"",0,0,0,0,NA,"Y",NA,1,1.5,"l/day",NA,1,NA,"use",0,0,1,"",0,0,0,"",NA,"","Little","",NA,NA,"",NA,NA,"",0,0,"Male_adult",0,0,1,0,0,NA,"",NA,NA,"",NA,NA,NA,"",0,0,NA,"",NA,"",NA,NA,NA,NA,NA,NA,"",0,0,0,0,NA,NA,NA,NA,NA,NA,NA,NA,NA,NA,NA,NA,NA,"uuid:0d5129a1-baa8-4215-882b-f169ea796559","uuid:0d5129a1-baa8-4215-882b-f169ea796559/survey_grp/Section_Livestock/livestock_repeat[1]","112"
1,"horses","Chevaux",NA,NA,1,"local",0,1,"in_always",NA,0,1,0,NA,NA,NA,"Male_Youth",0,0,0,0,0,1,0,"",0,0,0,0,0,0,0,NA,NA,NA,"",0,0,NA,"","",NA,NA,"",0,0,0,"",0,0,0,0,NA,"",NA,NA,NA,"",NA,NA,NA,"",0,0,0,"",0,0,0,"",NA,"","","",NA,NA,"",NA,NA,"",0,0,"",0,0,0,0,0,NA,"",NA,NA,"",NA,NA,NA,"",0,0,NA,"",NA,"",NA,NA,NA,NA,NA,NA,"",0,0,0,0,NA,NA,NA,NA,NA,NA,NA,NA,NA,NA,NA,NA,NA,"uuid:ff83f9f6-b02e-41f1-b788-1eceb49d06c7","uuid:ff83f9f6-b02e-41f1-b788-1eceb49d06c7/survey_grp/Section_Livestock/livestock_repeat[1]","90"
1,"goats","Caprins",NA,NA,NA,"local",0,1,"in_night",NA,2,3,0,NA,NA,NA,"Male_adult",0,0,0,1,0,0,0,"",0,0,0,0,0,0,0,NA,0,NA,"",0,0,NA,"","",NA,NA,"",0,0,0,"",0,0,0,0,NA,"N",NA,NA,NA,"",NA,NA,NA,"",0,0,0,"",0,0,0,"",NA,"","","",NA,NA,"",NA,NA,"",0,0,"",0,0,0,0,0,NA,"",NA,NA,"",NA,NA,NA,"",0,0,NA,"",NA,"",NA,NA,NA,NA,NA,NA,"",0,0,0,0,NA,NA,NA,NA,NA,NA,NA,NA,NA,NA,NA,NA,NA,"uuid:8a947650-1009-400b-9cfd-54e3b482f5d4","uuid:8a947650-1009-400b-9cfd-54e3b482f5d4/survey_grp/Section_Livestock/livestock_repeat[1]","47"
1,"chicken","Poules",NA,NA,NA,"local",0,1,"in_always",NA,4,6,0,NA,NA,NA,"Male_adult",0,0,0,1,0,0,0,"",0,0,0,0,0,0,12,NA,16,NA,"use",0,1,NA,"Most","",NA,NA,"",0,0,0,"Male_adult",0,0,1,0,NA,"",NA,NA,NA,"",NA,NA,NA,"",0,0,0,"",0,0,0,"",NA,"","","",NA,NA,"",NA,NA,"",0,0,"",0,0,0,0,0,NA,"N",NA,NA,"",NA,NA,NA,"",0,0,NA,"",NA,"",NA,NA,NA,NA,NA,NA,"",0,0,0,0,NA,NA,NA,NA,NA,NA,NA,NA,NA,NA,NA,NA,NA,"uuid:9324a6e6-b810-4972-aee1-dc70af3f4e2f","uuid:9324a6e6-b810-4972-aee1-dc70af3f4e2f/survey_grp/Section_Livestock/livestock_repeat[1]","33"
2,"horses","Chevaux",NA,NA,1,"local",0,1,"in_night_and_half_day",NA,0,0,0,NA,NA,NA,"Male_adult",0,0,0,1,0,0,0,"",0,0,0,0,0,0,1,NA,NA,NA,"",0,0,NA,"","",NA,NA,"",0,0,0,"",0,0,0,0,NA,"",NA,NA,NA,"",NA,NA,NA,"",0,0,0,"",0,0,0,"",NA,"","","",NA,NA,"",NA,NA,"",0,0,"",0,0,0,0,0,NA,"",NA,NA,"",NA,NA,NA,"",0,0,NA,"",NA,"",NA,NA,NA,NA,NA,NA,"",0,0,0,0,NA,NA,NA,NA,NA,NA,NA,NA,NA,NA,NA,NA,NA,"uuid:9324a6e6-b810-4972-aee1-dc70af3f4e2f","uuid:9324a6e6-b810-4972-aee1-dc70af3f4e2f/survey_grp/Section_Livestock/livestock_repeat[2]","33"
1,"chicken","Poules",NA,NA,NA,"local",0,1,"in_always",NA,0,4,4,NA,2,NA,"Female_Youth",0,0,1,0,0,0,0,"Female_Youth",0,1,0,0,0,0,2,NA,3,NA,"use",0,1,NA,"UnderHalf","",NA,NA,"",0,0,0,"Female_Youth",0,1,0,0,NA,"",NA,NA,NA,"",NA,NA,NA,"",0,0,0,"",0,0,0,"",NA,"","","",NA,NA,"",NA,NA,"",0,0,"",0,0,0,0,0,NA,"Y",NA,5,"pieces/day",NA,2,NA,"use hatch",1,1,NA,"UnderHalf",NA,"Half",NA,NA,NA,NA,NA,NA,"Female_Youth",0,1,0,0,NA,NA,NA,NA,NA,NA,NA,NA,NA,NA,NA,NA,NA,"uuid:cc05c495-e597-43fa-a96c-4ae7ca1041a0","uuid:cc05c495-e597-43fa-a96c-4ae7ca1041a0/survey_grp/Section_Livestock/livestock_repeat[1]","151"
1,"chicken","Poules",NA,NA,NA,"local",0,1,"in_always",NA,0,36,0,NA,NA,NA,"Female_Youth",0,0,1,0,0,0,0,"",0,0,0,0,0,0,5,NA,5,NA,"use",0,1,NA,"Most","",NA,NA,"",0,0,0,"Female_Youth",0,1,0,0,NA,"",NA,NA,NA,"",NA,NA,NA,"",0,0,0,"",0,0,0,"",NA,"","","",NA,NA,"",NA,NA,"",0,0,"",0,0,0,0,0,NA,"Y",NA,10,"pieces/day",NA,2,NA,"hatch use",1,1,NA,"Little",NA,"Little",NA,NA,NA,NA,NA,NA,"Female_Youth",0,1,0,0,NA,NA,NA,NA,NA,NA,NA,NA,NA,NA,NA,NA,NA,"uuid:7e040a08-0f78-48ff-a295-d9c192bc1ed5","uuid:7e040a08-0f78-48ff-a295-d9c192bc1ed5/survey_grp/Section_Livestock/livestock_repeat[1]","302"
1,"chicken","Poules",NA,NA,NA,"improved",1,0,"in_always",NA,50,0,48,NA,144000,NA,"Female_Youth",0,0,1,0,0,0,0,"Female_Youth",0,1,0,0,0,0,2000,NA,28000,NA,"use sell",1,1,NA,"Little","Most",520000,NA,"Female_Youth",0,1,0,"Female_Youth",0,1,0,0,NA,"",NA,NA,NA,"",NA,NA,NA,"",0,0,0,"",0,0,0,"",NA,"","","",NA,NA,"",NA,NA,"",0,0,"",0,0,0,0,0,NA,"N",NA,NA,"",NA,NA,NA,"",0,0,NA,"",NA,"",NA,NA,NA,NA,NA,NA,"",0,0,0,0,NA,NA,NA,NA,NA,NA,NA,NA,NA,NA,NA,NA,NA,"uuid:6bdc2802-60b5-4254-b2c7-9fa1f95cc145","uuid:6bdc2802-60b5-4254-b2c7-9fa1f95cc145/survey_grp/Section_Livestock/livestock_repeat[1]","156"
2,"sheep","Ovins",NA,NA,NA,"local",0,1,"in_always",NA,9,0,0,NA,NA,NA,"Female_Youth",0,0,1,0,0,0,0,"",0,0,0,0,0,0,0,NA,0,NA,"",0,0,NA,"","",NA,NA,"",0,0,0,"",0,0,0,0,NA,"N",NA,NA,NA,"",NA,NA,NA,"",0,0,0,"",0,0,0,"",NA,"","","",NA,NA,"",NA,NA,"",0,0,"",0,0,0,0,0,NA,"",NA,NA,"",NA,NA,NA,"",0,0,NA,"",NA,"",NA,NA,NA,NA,NA,NA,"",0,0,0,0,NA,NA,NA,NA,NA,NA,NA,NA,NA,NA,NA,NA,NA,"uuid:6bdc2802-60b5-4254-b2c7-9fa1f95cc145","uuid:6bdc2802-60b5-4254-b2c7-9fa1f95cc145/survey_grp/Section_Livestock/livestock_repeat[2]","156"
1,"chicken","Poules",NA,NA,NA,"local improved",1,1,"in_always",NA,50,20,48,NA,144000,NA,"Male_Youth",0,0,0,0,0,1,0,"Male_Youth",0,0,0,0,1,0,2000,NA,60,NA,"use",0,1,NA,"UnderHalf","",NA,NA,"",0,0,0,"Male_Youth",0,0,0,1,NA,"",NA,NA,NA,"",NA,NA,NA,"",0,0,0,"",0,0,0,"",NA,"","","",NA,NA,"",NA,NA,"",0,0,"",0,0,0,0,0,NA,"N",NA,NA,"",NA,NA,NA,"",0,0,NA,"",NA,"",NA,NA,NA,NA,NA,NA,"",0,0,0,0,NA,NA,NA,NA,NA,NA,NA,NA,NA,NA,NA,NA,NA,"uuid:07b20aed-87ea-4150-9f3b-80ee0601f271","uuid:07b20aed-87ea-4150-9f3b-80ee0601f271/survey_grp/Section_Livestock/livestock_repeat[1]","165"
2,"sheep","Ovins",NA,NA,NA,"local improved",1,1,"in_always",NA,0,0,0,NA,NA,NA,"Male_Youth",0,0,0,0,0,1,0,"",0,0,0,0,0,0,0,NA,0,NA,"",0,0,NA,"","",NA,NA,"",0,0,0,"",0,0,0,0,NA,"N",NA,NA,NA,"",NA,NA,NA,"",0,0,0,"",0,0,0,"",NA,"","","",NA,NA,"",NA,NA,"",0,0,"",0,0,0,0,0,NA,"",NA,NA,"",NA,NA,NA,"",0,0,NA,"",NA,"",NA,NA,NA,NA,NA,NA,"",0,0,0,0,NA,NA,NA,NA,NA,NA,NA,NA,NA,NA,NA,NA,NA,"uuid:07b20aed-87ea-4150-9f3b-80ee0601f271","uuid:07b20aed-87ea-4150-9f3b-80ee0601f271/survey_grp/Section_Livestock/livestock_repeat[2]","165"
1,"chicken","Poules",NA,NA,NA,"local",0,1,"in_night",NA,0,24,0,NA,NA,NA,"Female_adult",1,0,0,0,0,0,0,"",0,0,0,0,0,0,4,NA,3,NA,"use",0,1,NA,"All","",NA,NA,"",0,0,0,"Female_adult",1,0,0,0,NA,"",NA,NA,NA,"",NA,NA,NA,"",0,0,0,"",0,0,0,"",NA,"","","",NA,NA,"",NA,NA,"",0,0,"",0,0,0,0,0,NA,"N",NA,NA,"",NA,NA,NA,"",0,0,NA,"",NA,"",NA,NA,NA,NA,NA,NA,"",0,0,0,0,NA,NA,NA,NA,NA,NA,NA,NA,NA,NA,NA,NA,NA,"uuid:e191edc0-a4af-459c-a6ff-bfd4d37738cb","uuid:e191edc0-a4af-459c-a6ff-bfd4d37738cb/survey_grp/Section_Livestock/livestock_repeat[1]","625"
1,"chicken","Poules",NA,NA,NA,"local",0,1,"in_night",NA,0,21,3,NA,7500,NA,"Female_adult Female_Youth Male_Child Female_Child",1,1,1,0,1,0,0,"Female_adult",1,0,0,0,0,0,10,NA,5,NA,"use",0,1,NA,"All","",NA,NA,"",0,0,0,"Female_adult",1,0,0,0,NA,"",NA,NA,NA,"",NA,NA,NA,"",0,0,0,"",0,0,0,"",NA,"","","",NA,NA,"",NA,NA,"",0,0,"",0,0,0,0,0,NA,"N",NA,NA,"",NA,NA,NA,"",0,0,NA,"",NA,"",NA,NA,NA,NA,NA,NA,"",0,0,0,0,NA,NA,NA,NA,NA,NA,NA,NA,NA,NA,NA,NA,NA,"uuid:f688f5cc-e4a7-4a86-967f-e68fd2f34b61","uuid:f688f5cc-e4a7-4a86-967f-e68fd2f34b61/survey_grp/Section_Livestock/livestock_repeat[1]","624"
2,"goats","Caprins",NA,NA,NA,"local",0,1,"in_night",NA,0,2,2,NA,65000,NA,"Female_adult",1,0,0,0,0,0,0,"Female_adult",1,0,0,0,0,0,1,NA,0,NA,"",0,0,NA,"","",NA,NA,"",0,0,0,"",0,0,0,0,NA,"N",NA,NA,NA,"",NA,NA,NA,"",0,0,0,"",0,0,0,"",NA,"","","",NA,NA,"",NA,NA,"",0,0,"",0,0,0,0,0,NA,"",NA,NA,"",NA,NA,NA,"",0,0,NA,"",NA,"",NA,NA,NA,NA,NA,NA,"",0,0,0,0,NA,NA,NA,NA,NA,NA,NA,NA,NA,NA,NA,NA,NA,"uuid:f688f5cc-e4a7-4a86-967f-e68fd2f34b61","uuid:f688f5cc-e4a7-4a86-967f-e68fd2f34b61/survey_grp/Section_Livestock/livestock_repeat[2]","624"
1,"horses","Chevaux",NA,NA,1,"local",0,1,"",NA,0,0,0,NA,NA,NA,"Male_adult",0,0,0,1,0,0,0,"",0,0,0,0,0,0,0,NA,NA,NA,"",0,0,NA,"","",NA,NA,"",0,0,0,"",0,0,0,0,NA,"",NA,NA,NA,"",NA,NA,NA,"",0,0,0,"",0,0,0,"",NA,"","","",NA,NA,"",NA,NA,"",0,0,"",0,0,0,0,0,NA,"",NA,NA,"",NA,NA,NA,"",0,0,NA,"",NA,"",NA,NA,NA,NA,NA,NA,"",0,0,0,0,NA,NA,NA,NA,NA,NA,NA,NA,NA,NA,NA,NA,NA,"uuid:30852675-d633-46a2-89e7-4d2a643763fa","uuid:30852675-d633-46a2-89e7-4d2a643763fa/survey_grp/Section_Livestock/livestock_repeat[1]","620"
1,"horses","Chevaux",NA,NA,3,"local",0,1,"",NA,0,0,0,NA,NA,NA,"Male_adult",0,0,0,1,0,0,0,"",0,0,0,0,0,0,0,NA,NA,NA,"",0,0,NA,"","",NA,NA,"",0,0,0,"",0,0,0,0,NA,"",NA,NA,NA,"",NA,NA,NA,"",0,0,0,"",0,0,0,"",NA,"","","",NA,NA,"",NA,NA,"",0,0,"",0,0,0,0,0,NA,"",NA,NA,"",NA,NA,NA,"",0,0,NA,"",NA,"",NA,NA,NA,NA,NA,NA,"",0,0,0,0,NA,NA,NA,NA,NA,NA,NA,NA,NA,NA,NA,NA,NA,"uuid:33e2a6fa-7908-454c-bb7b-eee9ef6f471a","uuid:33e2a6fa-7908-454c-bb7b-eee9ef6f471a/survey_grp/Section_Livestock/livestock_repeat[1]","235"
1,"cattle","Bovins",NA,NA,0,"local",0,1,"out_all_time",NA,0,1,0,NA,NA,NA,"Male_adult",0,0,0,1,0,0,0,"",0,0,0,0,0,0,0,NA,0,NA,"",0,0,NA,"","",NA,NA,"",0,0,0,"",0,0,0,0,NA,"Y",NA,1,2,"l/day",NA,1,NA,"use",0,0,1,"",0,0,0,"",NA,"","All","",NA,NA,"",NA,NA,"",0,0,"Male_adult",0,0,1,0,0,NA,"",NA,NA,"",NA,NA,NA,"",0,0,NA,"",NA,"",NA,NA,NA,NA,NA,NA,"",0,0,0,0,NA,NA,NA,NA,NA,NA,NA,NA,NA,NA,NA,NA,NA,"uuid:feb8a2a6-c17b-4511-b738-2468377524cd","uuid:feb8a2a6-c17b-4511-b738-2468377524cd/survey_grp/Section_Livestock/livestock_repeat[1]","6NZAK9"
2,"goats","Caprins",NA,NA,NA,"local",0,1,"in_night",NA,0,0,0,NA,NA,NA,"Male_adult",0,0,0,1,0,0,0,"",0,0,0,0,0,0,0,NA,0,NA,"",0,0,NA,"","",NA,NA,"",0,0,0,"",0,0,0,0,NA,"N",NA,NA,NA,"",NA,NA,NA,"",0,0,0,"",0,0,0,"",NA,"","","",NA,NA,"",NA,NA,"",0,0,"",0,0,0,0,0,NA,"",NA,NA,"",NA,NA,NA,"",0,0,NA,"",NA,"",NA,NA,NA,NA,NA,NA,"",0,0,0,0,NA,NA,NA,NA,NA,NA,NA,NA,NA,NA,NA,NA,NA,"uuid:feb8a2a6-c17b-4511-b738-2468377524cd","uuid:feb8a2a6-c17b-4511-b738-2468377524cd/survey_grp/Section_Livestock/livestock_repeat[2]","6NZAK9"
1,"chicken","Poules",NA,NA,NA,"local",0,1,"",NA,2,4,3,NA,9500,NA,"Female_Youth",0,0,1,0,0,0,0,"Female_Youth",0,1,0,0,0,0,0,NA,4,NA,"use",0,1,NA,"UnderHalf","",NA,NA,"",0,0,0,"Female_Youth",0,1,0,0,NA,"",NA,NA,NA,"",NA,NA,NA,"",0,0,0,"",0,0,0,"",NA,"","","",NA,NA,"",NA,NA,"",0,0,"",0,0,0,0,0,NA,"Y",NA,2,"pieces/day",NA,0,NA,"hatch use",1,1,NA,"UnderHalf",NA,"All",NA,NA,NA,NA,NA,NA,"Female_Youth",0,1,0,0,NA,NA,NA,NA,NA,NA,NA,NA,NA,NA,NA,NA,NA,"uuid:5d0743e7-1d7d-45bf-8b2f-efb51cfa5fd3","uuid:5d0743e7-1d7d-45bf-8b2f-efb51cfa5fd3/survey_grp/Section_Livestock/livestock_repeat[1]","246"
2,"cattle","Bovins",NA,NA,0,"local",0,1,"",NA,1,2,2,NA,600000,NA,"Male_adult",0,0,0,1,0,0,0,"Male_adult",0,0,1,0,0,0,0,NA,0,NA,"",0,0,NA,"","",NA,NA,"",0,0,0,"",0,0,0,0,NA,"Y",NA,2,3,"l/day",NA,1,NA,"use dairy",1,0,1,"other",0,1,0,"Lait caillé",NA,"UnderHalf","All","",NA,NA,"",NA,NA,"",0,0,"Male_adult",0,0,1,0,0,NA,"",NA,NA,"",NA,NA,NA,"",0,0,NA,"",NA,"",NA,NA,NA,NA,NA,NA,"",0,0,0,0,NA,NA,NA,NA,NA,NA,NA,NA,NA,NA,NA,NA,NA,"uuid:5d0743e7-1d7d-45bf-8b2f-efb51cfa5fd3","uuid:5d0743e7-1d7d-45bf-8b2f-efb51cfa5fd3/survey_grp/Section_Livestock/livestock_repeat[2]","246"
1,"chicken","Poules",NA,NA,NA,"local",0,1,"in_night",NA,0,19,0,NA,NA,NA,"Female_adult Female_Youth",1,0,1,0,0,0,0,"",0,0,0,0,0,0,20,NA,0,NA,"",0,0,NA,"","",NA,NA,"",0,0,0,"",0,0,0,0,NA,"",NA,NA,NA,"",NA,NA,NA,"",0,0,0,"",0,0,0,"",NA,"","","",NA,NA,"",NA,NA,"",0,0,"",0,0,0,0,0,NA,"Y",NA,4,"pieces/day",NA,1,NA,"hatch",1,0,NA,"",NA,"All",NA,NA,NA,NA,NA,NA,"",0,0,0,0,NA,NA,NA,NA,NA,NA,NA,NA,NA,NA,NA,NA,NA,"uuid:779f6443-260a-4d32-9697-f1260f5a2ad8","uuid:779f6443-260a-4d32-9697-f1260f5a2ad8/survey_grp/Section_Livestock/livestock_repeat[1]","250"
1,"cattle","Bovins",NA,NA,0,"local",0,1,"",NA,0,1,0,NA,NA,NA,"Male_adult",0,0,0,1,0,0,0,"",0,0,0,0,0,0,0,NA,0,NA,"",0,0,NA,"","",NA,NA,"",0,0,0,"",0,0,0,0,NA,"Y",NA,1,1,"l/day",NA,0.5,NA,"use",0,0,1,"",0,0,0,"",NA,"","All","",NA,NA,"",NA,NA,"",0,0,"Male_adult",0,0,1,0,0,NA,"",NA,NA,"",NA,NA,NA,"",0,0,NA,"",NA,"",NA,NA,NA,NA,NA,NA,"",0,0,0,0,NA,NA,NA,NA,NA,NA,NA,NA,NA,NA,NA,NA,NA,"uuid:64fff025-2391-4548-9526-54ccae0c7045","uuid:64fff025-2391-4548-9526-54ccae0c7045/survey_grp/Section_Livestock/livestock_repeat[1]","602"
1,"horses","Chevaux",NA,NA,2,"local",0,1,"in_night",NA,0,1,1,NA,150000,NA,"Male_Child",0,0,0,0,1,0,0,"Male_Child",0,0,0,1,0,0,0,NA,NA,NA,"",0,0,NA,"","",NA,NA,"",0,0,0,"",0,0,0,0,NA,"",NA,NA,NA,"",NA,NA,NA,"",0,0,0,"",0,0,0,"",NA,"","","",NA,NA,"",NA,NA,"",0,0,"",0,0,0,0,0,NA,"",NA,NA,"",NA,NA,NA,"",0,0,NA,"",NA,"",NA,NA,NA,NA,NA,NA,"",0,0,0,0,NA,NA,NA,NA,NA,NA,NA,NA,NA,NA,NA,NA,NA,"uuid:a0ed3753-af4c-4066-8a3b-63143fc903d3","uuid:a0ed3753-af4c-4066-8a3b-63143fc903d3/survey_grp/Section_Livestock/livestock_repeat[1]","78"
1,"horses","Chevaux",NA,NA,1,"local",0,1,"in_night",NA,0,1,0,NA,NA,NA,"Male_adult",0,0,0,1,0,0,0,"",0,0,0,0,0,0,0,NA,NA,NA,"",0,0,NA,"","",NA,NA,"",0,0,0,"",0,0,0,0,NA,"",NA,NA,NA,"",NA,NA,NA,"",0,0,0,"",0,0,0,"",NA,"","","",NA,NA,"",NA,NA,"",0,0,"",0,0,0,0,0,NA,"",NA,NA,"",NA,NA,NA,"",0,0,NA,"",NA,"",NA,NA,NA,NA,NA,NA,"",0,0,0,0,NA,NA,NA,NA,NA,NA,NA,NA,NA,NA,NA,NA,NA,"uuid:da809f78-9003-4971-ba09-36b34770fb0d","uuid:da809f78-9003-4971-ba09-36b34770fb0d/survey_grp/Section_Livestock/livestock_repeat[1]","506"
2,"goats","Caprins",NA,NA,NA,"local",0,1,"in_night",NA,0,1,0,NA,NA,NA,"Female_adult",1,0,0,0,0,0,0,"",0,0,0,0,0,0,0,NA,0,NA,"",0,0,NA,"","",NA,NA,"",0,0,0,"",0,0,0,0,NA,"N",NA,NA,NA,"",NA,NA,NA,"",0,0,0,"",0,0,0,"",NA,"","","",NA,NA,"",NA,NA,"",0,0,"",0,0,0,0,0,NA,"",NA,NA,"",NA,NA,NA,"",0,0,NA,"",NA,"",NA,NA,NA,NA,NA,NA,"",0,0,0,0,NA,NA,NA,NA,NA,NA,NA,NA,NA,NA,NA,NA,NA,"uuid:da809f78-9003-4971-ba09-36b34770fb0d","uuid:da809f78-9003-4971-ba09-36b34770fb0d/survey_grp/Section_Livestock/livestock_repeat[2]","506"
1,"goats","Caprins",NA,NA,NA,"local",0,1,"",NA,2,1,0,NA,NA,NA,"Female_adult",1,0,0,0,0,0,0,"",0,0,0,0,0,0,0,NA,0,NA,"",0,0,NA,"","",NA,NA,"",0,0,0,"",0,0,0,0,NA,"N",NA,NA,NA,"",NA,NA,NA,"",0,0,0,"",0,0,0,"",NA,"","","",NA,NA,"",NA,NA,"",0,0,"",0,0,0,0,0,NA,"",NA,NA,"",NA,NA,NA,"",0,0,NA,"",NA,"",NA,NA,NA,NA,NA,NA,"",0,0,0,0,NA,NA,NA,NA,NA,NA,NA,NA,NA,NA,NA,NA,NA,"uuid:ae619372-09d9-484d-8b6d-30c3bfec4eb1","uuid:ae619372-09d9-484d-8b6d-30c3bfec4eb1/survey_grp/Section_Livestock/livestock_repeat[1]","505"
1,"cattle","Bovins",NA,NA,2,"local",0,1,"",NA,0,2,0,NA,NA,NA,"Male_Youth",0,0,0,0,0,1,0,"",0,0,0,0,0,0,0,NA,0,NA,"",0,0,NA,"","",NA,NA,"",0,0,0,"",0,0,0,0,NA,"Y",NA,2,2,"l/day",NA,60,NA,"use",0,0,1,"",0,0,0,"",NA,"","All","",NA,NA,"",NA,NA,"",0,0,"Male_Youth",0,0,0,1,0,NA,"",NA,NA,"",NA,NA,NA,"",0,0,NA,"",NA,"",NA,NA,NA,NA,NA,NA,"",0,0,0,0,NA,NA,NA,NA,NA,NA,NA,NA,NA,NA,NA,NA,NA,"uuid:69eec3ee-5ea9-43f3-805b-b81f8aad955c","uuid:69eec3ee-5ea9-43f3-805b-b81f8aad955c/survey_grp/Section_Livestock/livestock_repeat[1]","77"
2,"horses","Chevaux",NA,NA,1,"local",0,1,"",NA,0,0,0,NA,NA,NA,"Male_Youth",0,0,0,0,0,1,0,"",0,0,0,0,0,0,0,NA,NA,NA,"",0,0,NA,"","",NA,NA,"",0,0,0,"",0,0,0,0,NA,"",NA,NA,NA,"",NA,NA,NA,"",0,0,0,"",0,0,0,"",NA,"","","",NA,NA,"",NA,NA,"",0,0,"",0,0,0,0,0,NA,"",NA,NA,"",NA,NA,NA,"",0,0,NA,"",NA,"",NA,NA,NA,NA,NA,NA,"",0,0,0,0,NA,NA,NA,NA,NA,NA,NA,NA,NA,NA,NA,NA,NA,"uuid:69eec3ee-5ea9-43f3-805b-b81f8aad955c","uuid:69eec3ee-5ea9-43f3-805b-b81f8aad955c/survey_grp/Section_Livestock/livestock_repeat[2]","77"
1,"cattle","Bovins",NA,NA,2,"local",0,1,"in_always",NA,0,1,0,NA,NA,NA,"Male_Youth",0,0,0,0,0,1,0,"",0,0,0,0,0,0,1,NA,0,NA,"",0,0,NA,"","",NA,NA,"",0,0,0,"",0,0,0,0,NA,"Y",NA,1,1,"l/day",NA,0.5,NA,"use",0,0,1,"",0,0,0,"",NA,"","Little","",NA,NA,"",NA,NA,"",0,0,"Male_Youth",0,0,0,1,0,NA,"",NA,NA,"",NA,NA,NA,"",0,0,NA,"",NA,"",NA,NA,NA,NA,NA,NA,"",0,0,0,0,NA,NA,NA,NA,NA,NA,NA,NA,NA,NA,NA,NA,NA,"uuid:c3ffd06a-af75-489a-8bb0-f24d08ae8261","uuid:c3ffd06a-af75-489a-8bb0-f24d08ae8261/survey_grp/Section_Livestock/livestock_repeat[1]","79"
1,"horses","Chevaux",NA,NA,2,"local",0,1,"in_always",NA,0,0,0,NA,NA,NA,"Female_adult",1,0,0,0,0,0,0,"",0,0,0,0,0,0,0,NA,NA,NA,"",0,0,NA,"","",NA,NA,"",0,0,0,"",0,0,0,0,NA,"",NA,NA,NA,"",NA,NA,NA,"",0,0,0,"",0,0,0,"",NA,"","","",NA,NA,"",NA,NA,"",0,0,"",0,0,0,0,0,NA,"",NA,NA,"",NA,NA,NA,"",0,0,NA,"",NA,"",NA,NA,NA,NA,NA,NA,"",0,0,0,0,NA,NA,NA,NA,NA,NA,NA,NA,NA,NA,NA,NA,NA,"uuid:59d81a4b-5280-4558-9b41-c13bc083f312","uuid:59d81a4b-5280-4558-9b41-c13bc083f312/survey_grp/Section_Livestock/livestock_repeat[1]","84"
2,"cattle","Bovins",NA,NA,2,"local",0,1,"in_always",NA,0,0,0,NA,NA,NA,"Male_adult",0,0,0,1,0,0,0,"",0,0,0,0,0,0,1,NA,0,NA,"",0,0,NA,"","",NA,NA,"",0,0,0,"",0,0,0,0,NA,"Y",NA,2,4,"l/animal/day",NA,1,NA,"use",0,0,1,"",0,0,0,"",NA,"","UnderHalf","",NA,NA,"",NA,NA,"",0,0,"Male_adult",0,0,1,0,0,NA,"",NA,NA,"",NA,NA,NA,"",0,0,NA,"",NA,"",NA,NA,NA,NA,NA,NA,"",0,0,0,0,NA,NA,NA,NA,NA,NA,NA,NA,NA,NA,NA,NA,NA,"uuid:59d81a4b-5280-4558-9b41-c13bc083f312","uuid:59d81a4b-5280-4558-9b41-c13bc083f312/survey_grp/Section_Livestock/livestock_repeat[2]","84"
1,"horses","Chevaux",NA,NA,2,"local",0,1,"in_night",NA,0,1,0,NA,NA,NA,"Male_adult",0,0,0,1,0,0,0,"",0,0,0,0,0,0,0,NA,NA,NA,"",0,0,NA,"","",NA,NA,"",0,0,0,"",0,0,0,0,NA,"",NA,NA,NA,"",NA,NA,NA,"",0,0,0,"",0,0,0,"",NA,"","","",NA,NA,"",NA,NA,"",0,0,"",0,0,0,0,0,NA,"",NA,NA,"",NA,NA,NA,"",0,0,NA,"",NA,"",NA,NA,NA,NA,NA,NA,"",0,0,0,0,NA,NA,NA,NA,NA,NA,NA,NA,NA,NA,NA,NA,NA,"uuid:57c6aabb-a0c4-48ec-a64e-1ad071ae043b","uuid:57c6aabb-a0c4-48ec-a64e-1ad071ae043b/survey_grp/Section_Livestock/livestock_repeat[1]","509"
1,"cattle","Bovins",NA,NA,0,"local",0,1,"in_always",NA,0,2,0,NA,NA,NA,"Female_adult",1,0,0,0,0,0,0,"",0,0,0,0,0,0,0,NA,1,NA,"use",0,1,NA,"Little","",NA,NA,"",0,0,0,"Female_adult",1,0,0,0,NA,"N",NA,NA,NA,"",NA,NA,NA,"",0,0,0,"",0,0,0,"",NA,"","","",NA,NA,"",NA,NA,"",0,0,"",0,0,0,0,0,NA,"",NA,NA,"",NA,NA,NA,"",0,0,NA,"",NA,"",NA,NA,NA,NA,NA,NA,"",0,0,0,0,NA,NA,NA,NA,NA,NA,NA,NA,NA,NA,NA,NA,NA,"uuid:d080c813-fa1f-4156-a9e5-225c1ddee891","uuid:d080c813-fa1f-4156-a9e5-225c1ddee891/survey_grp/Section_Livestock/livestock_repeat[1]","28"
2,"chicken","Poules",NA,NA,NA,"local",0,1,"in_always",NA,5,7,3,NA,18000,NA,"Female_adult",1,0,0,0,0,0,0,"Female_adult",1,0,0,0,0,0,2,NA,6,NA,"use",0,1,NA,"Half","",NA,NA,"",0,0,0,"Female_adult",1,0,0,0,NA,"",NA,NA,NA,"",NA,NA,NA,"",0,0,0,"",0,0,0,"",NA,"","","",NA,NA,"",NA,NA,"",0,0,"",0,0,0,0,0,NA,"Y",NA,2,"pieces/day",NA,0,NA,"use",0,1,NA,"Little",NA,"",NA,NA,NA,NA,NA,NA,"Female_adult",1,0,0,0,NA,NA,NA,NA,NA,NA,NA,NA,NA,NA,NA,NA,NA,"uuid:d080c813-fa1f-4156-a9e5-225c1ddee891","uuid:d080c813-fa1f-4156-a9e5-225c1ddee891/survey_grp/Section_Livestock/livestock_repeat[2]","28"
1,"horses","Chevaux",NA,NA,1,"local",0,1,"",NA,0,0,0,NA,NA,NA,"Male_adult",0,0,0,1,0,0,0,"",0,0,0,0,0,0,0,NA,NA,NA,"",0,0,NA,"","",NA,NA,"",0,0,0,"",0,0,0,0,NA,"",NA,NA,NA,"",NA,NA,NA,"",0,0,0,"",0,0,0,"",NA,"","","",NA,NA,"",NA,NA,"",0,0,"",0,0,0,0,0,NA,"",NA,NA,"",NA,NA,NA,"",0,0,NA,"",NA,"",NA,NA,NA,NA,NA,NA,"",0,0,0,0,NA,NA,NA,NA,NA,NA,NA,NA,NA,NA,NA,NA,NA,"uuid:7785acee-cf3d-4f1e-ae86-59d9c586589d","uuid:7785acee-cf3d-4f1e-ae86-59d9c586589d/survey_grp/Section_Livestock/livestock_repeat[1]","30"
1,"chicken","Poules",NA,NA,NA,"local",0,1,"in_night_and_half_day",NA,0,5,3,NA,15000,NA,"Female_adult",1,0,0,0,0,0,0,"Female_adult",1,0,0,0,0,0,5,NA,6,NA,"use",0,1,NA,"Most","",NA,NA,"",0,0,0,"Female_adult",1,0,0,0,NA,"",NA,NA,NA,"",NA,NA,NA,"",0,0,0,"",0,0,0,"",NA,"","","",NA,NA,"",NA,NA,"",0,0,"",0,0,0,0,0,NA,"Y",NA,8,"pieces/day",NA,3,NA,"use",0,1,NA,"All",NA,"",NA,NA,NA,NA,NA,NA,"Female_adult Male_adult",1,0,1,0,NA,NA,NA,NA,NA,NA,NA,NA,NA,NA,NA,NA,NA,"uuid:dc32ada9-43b6-4ab8-af0e-c25bc0e5fd37","uuid:dc32ada9-43b6-4ab8-af0e-c25bc0e5fd37/survey_grp/Section_Livestock/livestock_repeat[1]","29"
1,"cattle","Bovins",NA,NA,0,"local",0,1,"in_night",NA,0,2,3,NA,300000,NA,"Male_adult",0,0,0,1,0,0,0,"Male_adult",0,0,1,0,0,0,1,NA,2,NA,"use",0,1,NA,"All","",NA,NA,"",0,0,0,"Male_adult",0,0,1,0,NA,"Y",NA,3,5,"l/day",NA,2,NA,"use dairy",1,0,1,"no_answer",1,0,0,"",NA,"None","Half","",NA,NA,"",NA,NA,"",0,0,"Male_adult",0,0,1,0,0,NA,"",NA,NA,"",NA,NA,NA,"",0,0,NA,"",NA,"",NA,NA,NA,NA,NA,NA,"",0,0,0,0,NA,NA,NA,NA,NA,NA,NA,NA,NA,NA,NA,NA,NA,"uuid:575a7c57-4226-4e05-9f9f-2a30eb88be16","uuid:575a7c57-4226-4e05-9f9f-2a30eb88be16/survey_grp/Section_Livestock/livestock_repeat[1]","25"
2,"goats","Caprins",NA,NA,NA,"local",0,1,"in_night",NA,0,3,0,NA,NA,NA,"Male_adult",0,0,0,1,0,0,0,"",0,0,0,0,0,0,2,NA,2,NA,"use sell",1,1,NA,"UnderHalf","Little",60000,NA,"Male_adult",0,0,1,"Male_adult",0,0,1,0,NA,"N",NA,NA,NA,"",NA,NA,NA,"",0,0,0,"",0,0,0,"",NA,"","","",NA,NA,"",NA,NA,"",0,0,"",0,0,0,0,0,NA,"",NA,NA,"",NA,NA,NA,"",0,0,NA,"",NA,"",NA,NA,NA,NA,NA,NA,"",0,0,0,0,NA,NA,NA,NA,NA,NA,NA,NA,NA,NA,NA,NA,NA,"uuid:575a7c57-4226-4e05-9f9f-2a30eb88be16","uuid:575a7c57-4226-4e05-9f9f-2a30eb88be16/survey_grp/Section_Livestock/livestock_repeat[2]","25"
1,"cattle","Bovins",NA,NA,0,"local",0,1,"in_night_and_half_day",NA,0,5,5,NA,800000,NA,"Male_adult",0,0,0,1,0,0,0,"Male_adult",0,0,1,0,0,0,3,NA,5,NA,"use sell",1,1,NA,"Little","UnderHalf",600000,NA,"Male_adult",0,0,1,"Male_adult",0,0,1,0,NA,"Y",NA,2,2,"l/day",NA,1,NA,"use dairy",1,0,1,"yoghurt",0,0,1,"",NA,"Little","All","",NA,NA,"",NA,NA,"",0,0,"Male_adult Female_adult",1,0,1,0,0,NA,"",NA,NA,"",NA,NA,NA,"",0,0,NA,"",NA,"",NA,NA,NA,NA,NA,NA,"",0,0,0,0,NA,NA,NA,NA,NA,NA,NA,NA,NA,NA,NA,NA,NA,"uuid:c867156a-a4ef-424e-8067-580b27296e2d","uuid:c867156a-a4ef-424e-8067-580b27296e2d/survey_grp/Section_Livestock/livestock_repeat[1]","42"
1,"cattle","Bovins",NA,NA,0,"local",0,1,"",NA,0,2,1,NA,30000,NA,"Male_adult",0,0,0,1,0,0,0,"Male_adult",0,0,1,0,0,0,2,NA,0,NA,"",0,0,NA,"","",NA,NA,"",0,0,0,"",0,0,0,0,NA,"N",NA,NA,NA,"",NA,NA,NA,"",0,0,0,"",0,0,0,"",NA,"","","",NA,NA,"",NA,NA,"",0,0,"",0,0,0,0,0,NA,"",NA,NA,"",NA,NA,NA,"",0,0,NA,"",NA,"",NA,NA,NA,NA,NA,NA,"",0,0,0,0,NA,NA,NA,NA,NA,NA,NA,NA,NA,NA,NA,NA,NA,"uuid:176b40e3-3aec-42c3-8bb4-c92fc765451c","uuid:176b40e3-3aec-42c3-8bb4-c92fc765451c/survey_grp/Section_Livestock/livestock_repeat[1]","TD3AZE"
1,"horses","Chevaux",NA,NA,2,"local",0,1,"in_night",NA,0,0,0,NA,NA,NA,"Male_adult",0,0,0,1,0,0,0,"",0,0,0,0,0,0,0,NA,NA,NA,"",0,0,NA,"","",NA,NA,"",0,0,0,"",0,0,0,0,NA,"",NA,NA,NA,"",NA,NA,NA,"",0,0,0,"",0,0,0,"",NA,"","","",NA,NA,"",NA,NA,"",0,0,"",0,0,0,0,0,NA,"",NA,NA,"",NA,NA,NA,"",0,0,NA,"",NA,"",NA,NA,NA,NA,NA,NA,"",0,0,0,0,NA,NA,NA,NA,NA,NA,NA,NA,NA,NA,NA,NA,NA,"uuid:cfb5f06d-924e-416b-9ffe-ad9cf7cf292c","uuid:cfb5f06d-924e-416b-9ffe-ad9cf7cf292c/survey_grp/Section_Livestock/livestock_repeat[1]","201"
1,"horses","Chevaux",NA,NA,2,"local",0,1,"out_all_time",NA,2,1,0,NA,NA,NA,"Male_adult",0,0,0,1,0,0,0,"",0,0,0,0,0,0,0,NA,NA,NA,"",0,0,NA,"","",NA,NA,"",0,0,0,"",0,0,0,0,NA,"",NA,NA,NA,"",NA,NA,NA,"",0,0,0,"",0,0,0,"",NA,"","","",NA,NA,"",NA,NA,"",0,0,"",0,0,0,0,0,NA,"",NA,NA,"",NA,NA,NA,"",0,0,NA,"",NA,"",NA,NA,NA,NA,NA,NA,"",0,0,0,0,NA,NA,NA,NA,NA,NA,NA,NA,NA,NA,NA,NA,NA,"uuid:9788ef4c-a6a8-4a2d-96c8-35effbceec6c","uuid:9788ef4c-a6a8-4a2d-96c8-35effbceec6c/survey_grp/Section_Livestock/livestock_repeat[1]","215"
1,"cattle","Bovins",NA,NA,0,"improved",1,0,"",NA,2,2,0,NA,NA,NA,"Male_adult Female_adult Male_Youth Female_Youth",1,0,1,1,0,1,0,"",0,0,0,0,0,0,0,NA,0,NA,"",0,0,NA,"","",NA,NA,"",0,0,0,"",0,0,0,0,NA,"Y",NA,2,2,"l/day",NA,0.5,NA,"sell",0,1,0,"",0,0,0,"",NA,"","","Little",NA,2000,"day",NA,NA,"Male_adult",0,1,"",0,0,0,0,0,NA,"",NA,NA,"",NA,NA,NA,"",0,0,NA,"",NA,"",NA,NA,NA,NA,NA,NA,"",0,0,0,0,NA,NA,NA,NA,NA,NA,NA,NA,NA,NA,NA,NA,NA,"uuid:961e8783-6b98-4717-848d-f948178263a3","uuid:961e8783-6b98-4717-848d-f948178263a3/survey_grp/Section_Livestock/livestock_repeat[1]","225"
2,"sheep","Ovins",NA,NA,NA,"local",0,1,"",NA,0,5,0,NA,NA,NA,"Male_adult Female_adult Male_Youth Female_Youth",1,0,1,1,0,1,0,"",0,0,0,0,0,0,5,NA,2,NA,"use",0,1,NA,"Little","",NA,NA,"",0,0,0,"Male_adult",0,0,1,0,NA,"N",NA,NA,NA,"",NA,NA,NA,"",0,0,0,"",0,0,0,"",NA,"","","",NA,NA,"",NA,NA,"",0,0,"",0,0,0,0,0,NA,"",NA,NA,"",NA,NA,NA,"",0,0,NA,"",NA,"",NA,NA,NA,NA,NA,NA,"",0,0,0,0,NA,NA,NA,NA,NA,NA,NA,NA,NA,NA,NA,NA,NA,"uuid:961e8783-6b98-4717-848d-f948178263a3","uuid:961e8783-6b98-4717-848d-f948178263a3/survey_grp/Section_Livestock/livestock_repeat[2]","225"
1,"horses","Chevaux",NA,NA,1,"local",0,1,"",NA,1,0,0,NA,NA,NA,"Male_Youth",0,0,0,0,0,1,0,"",0,0,0,0,0,0,0,NA,NA,NA,"",0,0,NA,"","",NA,NA,"",0,0,0,"",0,0,0,0,NA,"",NA,NA,NA,"",NA,NA,NA,"",0,0,0,"",0,0,0,"",NA,"","","",NA,NA,"",NA,NA,"",0,0,"",0,0,0,0,0,NA,"",NA,NA,"",NA,NA,NA,"",0,0,NA,"",NA,"",NA,NA,NA,NA,NA,NA,"",0,0,0,0,NA,NA,NA,NA,NA,NA,NA,NA,NA,NA,NA,NA,NA,"uuid:c0d49d98-4727-4d1a-bfb6-497e0e69f815","uuid:c0d49d98-4727-4d1a-bfb6-497e0e69f815/survey_grp/Section_Livestock/livestock_repeat[1]","220"
