"offfarm_rep_number","offfarm_income_name","offfarm_label","offfarm_income_note","off_farm_income_no1","offfarm_year_round","offfarm_month","offfarm_month.apr","offfarm_month.aug","offfarm_month.dec","offfarm_month.feb","offfarm_month.jan","offfarm_month.jul","offfarm_month.jun","offfarm_month.mar","offfarm_month.may","offfarm_month.no_answer","offfarm_month.nov","offfarm_month.oct","offfarm_month.sep","off_farm_income_no3","offfarm_who_control_revenue","offfarm_who_control_revenue.Female_adult","offfarm_who_control_revenue.Female_Child","offfarm_who_control_revenue.Female_Youth","offfarm_who_control_revenue.Male_adult","offfarm_who_control_revenue.Male_Child","offfarm_who_control_revenue.Male_Youth","offfarm_who_control_revenue.no_answer","PARENT_KEY","KEY"
1,"ownbusiness","Auto-entrepreneur (boutique, commerçant, chauffeur)",NA,NA,"Y","dec nov jan feb mar apr may",1,0,1,1,1,0,0,1,1,0,1,0,0,NA,"Male_adult",0,0,0,1,0,0,0,"uuid:eb2c28a6-72d9-444e-96b5-28c3a1c6505d","uuid:eb2c28a6-72d9-444e-96b5-28c3a1c6505d/survey_grp/offfarm_income_grp/SECTION_Off_Farm_Income/offfarm_income_repeat[1]"
1,"ownbusiness","Auto-entrepreneur (boutique, commerçant, chauffeur)",NA,NA,"Y","dec nov oct sep aug jul jun may apr mar feb jan",1,1,1,1,1,1,1,1,1,0,1,1,1,NA,"Male_adult",0,0,0,1,0,0,0,"uuid:b234f62b-00f6-489c-8ab8-874a3d2e99df","uuid:b234f62b-00f6-489c-8ab8-874a3d2e99df/survey_grp/offfarm_income_grp/SECTION_Off_Farm_Income/offfarm_income_repeat[1]"
1,"ownbusiness","Auto-entrepreneur (boutique, commerçant, chauffeur)",NA,NA,"Y","dec nov oct sep aug jul jun may apr mar feb jan",1,1,1,1,1,1,1,1,1,0,1,1,1,NA,"Male_adult",0,0,0,1,0,0,0,"uuid:ceba50a4-cd5c-4855-b37d-0768532bde58","uuid:ceba50a4-cd5c-4855-b37d-0768532bde58/survey_grp/offfarm_income_grp/SECTION_Off_Farm_Income/offfarm_income_repeat[1]"
1,"ownbusiness","Auto-entrepreneur (boutique, commerçant, chauffeur)",NA,NA,"Y","dec nov oct sep aug jul jun may apr mar feb jan",1,1,1,1,1,1,1,1,1,0,1,1,1,NA,"Male_adult",0,0,0,1,0,0,0,"uuid:2da07163-ca39-4db1-8ff4-2a721da18a12","uuid:2da07163-ca39-4db1-8ff4-2a721da18a12/survey_grp/offfarm_income_grp/SECTION_Off_Farm_Income/offfarm_income_repeat[1]"
1,"ownbusiness","Auto-entrepreneur (boutique, commerçant, chauffeur)",NA,NA,"Y","jan feb mar apr may jun jul aug sep oct nov dec",1,1,1,1,1,1,1,1,1,0,1,1,1,NA,"Male_adult",0,0,0,1,0,0,0,"uuid:a589a3c4-41d7-4be0-a3d5-a973f2e9cdbb","uuid:a589a3c4-41d7-4be0-a3d5-a973f2e9cdbb/survey_grp/offfarm_income_grp/SECTION_Off_Farm_Income/offfarm_income_repeat[1]"
1,"ownbusiness","Auto-entrepreneur (boutique, commerçant, chauffeur)",NA,NA,"Y","jan feb mar apr may jun jul aug sep oct nov dec",1,1,1,1,1,1,1,1,1,0,1,1,1,NA,"Female_adult",1,0,0,0,0,0,0,"uuid:4a18a67e-6665-4545-bc72-0386a9809797","uuid:4a18a67e-6665-4545-bc72-0386a9809797/survey_grp/offfarm_income_grp/SECTION_Off_Farm_Income/offfarm_income_repeat[1]"
1,"localbusiness","Travaille dans une entreprise locale",NA,NA,"Y","jan feb mar apr may jun jul aug sep oct nov dec",1,1,1,1,1,1,1,1,1,0,1,1,1,NA,"Male_adult",0,0,0,1,0,0,0,"uuid:1ab02e19-1cbf-476e-9984-485694f22ba1","uuid:1ab02e19-1cbf-476e-9984-485694f22ba1/survey_grp/offfarm_income_grp/SECTION_Off_Farm_Income/offfarm_income_repeat[1]"
1,"gov_institution","Travaille pour le gouvernement ou une institution publique",NA,NA,"Y","feb jan mar apr may jun jul aug sep oct nov dec",1,1,1,1,1,1,1,1,1,0,1,1,1,NA,"Male_adult Female_adult",1,0,0,1,0,0,0,"uuid:393e04a0-ad70-41da-b37f-e29cafbbfda7","uuid:393e04a0-ad70-41da-b37f-e29cafbbfda7/survey_grp/offfarm_income_grp/SECTION_Off_Farm_Income/offfarm_income_repeat[1]"
1,"gov_institution","Travaille pour le gouvernement ou une institution publique",NA,NA,"Y","jan feb mar apr may jun jul aug sep oct nov dec",1,1,1,1,1,1,1,1,1,0,1,1,1,NA,"Male_adult",0,0,0,1,0,0,0,"uuid:7094c5f4-8385-47a6-979a-23f7a5680df8","uuid:7094c5f4-8385-47a6-979a-23f7a5680df8/survey_grp/offfarm_income_grp/SECTION_Off_Farm_Income/offfarm_income_repeat[1]"
1,"localbusiness","Travaille dans une entreprise locale",NA,NA,"Y","dec nov oct sep aug jul jun may apr mar feb jan",1,1,1,1,1,1,1,1,1,0,1,1,1,NA,"Male_adult",0,0,0,1,0,0,0,"uuid:77f17d4d-de67-4207-a034-9a25ecf31be8","uuid:77f17d4d-de67-4207-a034-9a25ecf31be8/survey_grp/offfarm_income_grp/SECTION_Off_Farm_Income/offfarm_income_repeat[1]"
1,"ownbusiness","Auto-entrepreneur (boutique, commerçant, chauffeur)",NA,NA,"Y","dec nov oct sep aug jul jun may apr mar feb jan",1,1,1,1,1,1,1,1,1,0,1,1,1,NA,"Female_adult",1,0,0,0,0,0,0,"uuid:a9e5dfe8-42e0-4663-a135-6998c29b05d6","uuid:a9e5dfe8-42e0-4663-a135-6998c29b05d6/survey_grp/offfarm_income_grp/SECTION_Off_Farm_Income/offfarm_income_repeat[1]"
2,"gov_institution","Travaille pour le gouvernement ou une institution publique",NA,NA,"Y","dec nov oct aug sep jul jun may apr mar feb jan",1,1,1,1,1,1,1,1,1,0,1,1,1,NA,"Male_adult",0,0,0,1,0,0,0,"uuid:a9e5dfe8-42e0-4663-a135-6998c29b05d6","uuid:a9e5dfe8-42e0-4663-a135-6998c29b05d6/survey_grp/offfarm_income_grp/SECTION_Off_Farm_Income/offfarm_income_repeat[2]"
1,"localbusiness","Travaille dans une entreprise locale",NA,NA,"Y","dec nov oct sep aug jul jun may apr mar feb jan",1,1,1,1,1,1,1,1,1,0,1,1,1,NA,"Male_adult",0,0,0,1,0,0,0,"uuid:eb0ac856-da6e-4ea8-8bc5-96314b9be4e4","uuid:eb0ac856-da6e-4ea8-8bc5-96314b9be4e4/survey_grp/offfarm_income_grp/SECTION_Off_Farm_Income/offfarm_income_repeat[1]"
1,"remittances","Versements (envoi d'argent)",NA,NA,"Y","dec nov oct sep aug jul jun may apr mar feb jan",1,1,1,1,1,1,1,1,1,0,1,1,1,NA,"Male_adult Female_adult",1,0,0,1,0,0,0,"uuid:aba61aeb-88c0-4b17-897e-2ac22d4764c4","uuid:aba61aeb-88c0-4b17-897e-2ac22d4764c4/survey_grp/offfarm_income_grp/SECTION_Off_Farm_Income/offfarm_income_repeat[1]"
2,"gov_institution","Travaille pour le gouvernement ou une institution publique",NA,NA,"Y","dec nov oct sep aug jul jun may apr mar feb jan",1,1,1,1,1,1,1,1,1,0,1,1,1,NA,"Male_adult",0,0,0,1,0,0,0,"uuid:aba61aeb-88c0-4b17-897e-2ac22d4764c4","uuid:aba61aeb-88c0-4b17-897e-2ac22d4764c4/survey_grp/offfarm_income_grp/SECTION_Off_Farm_Income/offfarm_income_repeat[2]"
3,"ownbusiness","Auto-entrepreneur (boutique, commerçant, chauffeur)",NA,NA,"Y","dec nov oct sep aug jun may jul apr mar feb jan",1,1,1,1,1,1,1,1,1,0,1,1,1,NA,"Male_adult Female_adult",1,0,0,1,0,0,0,"uuid:aba61aeb-88c0-4b17-897e-2ac22d4764c4","uuid:aba61aeb-88c0-4b17-897e-2ac22d4764c4/survey_grp/offfarm_income_grp/SECTION_Off_Farm_Income/offfarm_income_repeat[3]"
1,"localbusiness","Travaille dans une entreprise locale",NA,NA,"Y","jan feb mar apr may jun jul aug sep oct nov dec",1,1,1,1,1,1,1,1,1,0,1,1,1,NA,"Male_adult",0,0,0,1,0,0,0,"uuid:6ccfd720-a87b-44c5-af01-821c86c82637","uuid:6ccfd720-a87b-44c5-af01-821c86c82637/survey_grp/offfarm_income_grp/SECTION_Off_Farm_Income/offfarm_income_repeat[1]"
2,"gov_institution","Travaille pour le gouvernement ou une institution publique",NA,NA,"Y","jan mar feb apr may jul jun aug sep oct nov dec",1,1,1,1,1,1,1,1,1,0,1,1,1,NA,"Male_adult",0,0,0,1,0,0,0,"uuid:6ccfd720-a87b-44c5-af01-821c86c82637","uuid:6ccfd720-a87b-44c5-af01-821c86c82637/survey_grp/offfarm_income_grp/SECTION_Off_Farm_Income/offfarm_income_repeat[2]"
1,"gov_institution","Travaille pour le gouvernement ou une institution publique",NA,NA,"Y","dec nov sep oct aug jul jun may apr mar feb jan",1,1,1,1,1,1,1,1,1,0,1,1,1,NA,"Male_adult",0,0,0,1,0,0,0,"uuid:5e6e0caa-2613-450e-acc0-6dcf972afbd5","uuid:5e6e0caa-2613-450e-acc0-6dcf972afbd5/survey_grp/offfarm_income_grp/SECTION_Off_Farm_Income/offfarm_income_repeat[1]"
2,"localbusiness","Travaille dans une entreprise locale",NA,NA,"Y","dec nov oct sep aug jul jun may apr mar feb jan",1,1,1,1,1,1,1,1,1,0,1,1,1,NA,"Male_adult",0,0,0,1,0,0,0,"uuid:5e6e0caa-2613-450e-acc0-6dcf972afbd5","uuid:5e6e0caa-2613-450e-acc0-6dcf972afbd5/survey_grp/offfarm_income_grp/SECTION_Off_Farm_Income/offfarm_income_repeat[2]"
1,"localbusiness","Travaille dans une entreprise locale",NA,NA,"Y","dec nov aug oct sep jul jun may apr mar feb jan",1,1,1,1,1,1,1,1,1,0,1,1,1,NA,"Male_adult",0,0,0,1,0,0,0,"uuid:2aa6dc8b-481a-4d1c-a15b-a78c4b2847de","uuid:2aa6dc8b-481a-4d1c-a15b-a78c4b2847de/survey_grp/offfarm_income_grp/SECTION_Off_Farm_Income/offfarm_income_repeat[1]"
2,"gov_institution","Travaille pour le gouvernement ou une institution publique",NA,NA,"Y","dec nov oct sep aug jul jun may apr mar feb jan",1,1,1,1,1,1,1,1,1,0,1,1,1,NA,"Male_adult",0,0,0,1,0,0,0,"uuid:2aa6dc8b-481a-4d1c-a15b-a78c4b2847de","uuid:2aa6dc8b-481a-4d1c-a15b-a78c4b2847de/survey_grp/offfarm_income_grp/SECTION_Off_Farm_Income/offfarm_income_repeat[2]"
3,"","",NA,NA,"Y","dec nov oct sep aug jul jun may apr mar feb jan",1,1,1,1,1,1,1,1,1,0,1,1,1,NA,"Male_adult",0,0,0,1,0,0,0,"uuid:2aa6dc8b-481a-4d1c-a15b-a78c4b2847de","uuid:2aa6dc8b-481a-4d1c-a15b-a78c4b2847de/survey_grp/offfarm_income_grp/SECTION_Off_Farm_Income/offfarm_income_repeat[3]"
1,"otherfarms","Travaille dans d'autres exploitations",NA,NA,"Y","jan feb mar apr may jun jul aug sep oct nov dec",1,1,1,1,1,1,1,1,1,0,1,1,1,NA,"Male_Youth",0,0,0,0,0,1,0,"uuid:69a72ef5-91fd-4f25-b5a5-8bee554ef6a8","uuid:69a72ef5-91fd-4f25-b5a5-8bee554ef6a8/survey_grp/offfarm_income_grp/SECTION_Off_Farm_Income/offfarm_income_repeat[1]"
1,"otherlabour","Travaille, pas dans une exploitation",NA,NA,"Y","jan feb mar apr may jun jul aug sep oct nov dec",1,1,1,1,1,1,1,1,1,0,1,1,1,NA,"Male_adult",0,0,0,1,0,0,0,"uuid:2ee63580-2d67-4b10-ba98-93c8755b8cc6","uuid:2ee63580-2d67-4b10-ba98-93c8755b8cc6/survey_grp/offfarm_income_grp/SECTION_Off_Farm_Income/offfarm_income_repeat[1]"
1,"otherlabour","Travaille, pas dans une exploitation",NA,NA,"Y","jan feb mar apr may jun jul aug sep oct nov dec",1,1,1,1,1,1,1,1,1,0,1,1,1,NA,"Male_adult",0,0,0,1,0,0,0,"uuid:a0ac5cc8-0eaf-4115-810f-c05788442a87","uuid:a0ac5cc8-0eaf-4115-810f-c05788442a87/survey_grp/offfarm_income_grp/SECTION_Off_Farm_Income/offfarm_income_repeat[1]"
1,"otherlabour","Travaille, pas dans une exploitation",NA,NA,"Y","jan feb mar apr may jul jun aug sep oct nov dec",1,1,1,1,1,1,1,1,1,0,1,1,1,NA,"Male_adult",0,0,0,1,0,0,0,"uuid:70fba2d8-d4f8-4c97-97ff-d05edf2ff4a7","uuid:70fba2d8-d4f8-4c97-97ff-d05edf2ff4a7/survey_grp/offfarm_income_grp/SECTION_Off_Farm_Income/offfarm_income_repeat[1]"
1,"ownbusiness","Auto-entrepreneur (boutique, commerçant, chauffeur)",NA,NA,"Y","jan mar feb apr may jun aug sep jul oct nov dec",1,1,1,1,1,1,1,1,1,0,1,1,1,NA,"Male_adult",0,0,0,1,0,0,0,"uuid:68d4052c-958e-40d4-861a-f770398f958a","uuid:68d4052c-958e-40d4-861a-f770398f958a/survey_grp/offfarm_income_grp/SECTION_Off_Farm_Income/offfarm_income_repeat[1]"
1,"otherlabour","Travaille, pas dans une exploitation",NA,NA,"Y","jan feb mar apr may jun jul aug sep oct nov dec",1,1,1,1,1,1,1,1,1,0,1,1,1,NA,"Male_adult",0,0,0,1,0,0,0,"uuid:3b60655b-ffd1-4d5d-ac61-d7b3ec229d5a","uuid:3b60655b-ffd1-4d5d-ac61-d7b3ec229d5a/survey_grp/offfarm_income_grp/SECTION_Off_Farm_Income/offfarm_income_repeat[1]"
1,"other","Autre",NA,NA,"Y","feb jan apr mar may jun jul aug sep oct dec nov",1,1,1,1,1,1,1,1,1,0,1,1,1,NA,"Male_adult",0,0,0,1,0,0,0,"uuid:72394c7c-fe5e-4d59-9159-f6fbe4001afb","uuid:72394c7c-fe5e-4d59-9159-f6fbe4001afb/survey_grp/offfarm_income_grp/SECTION_Off_Farm_Income/offfarm_income_repeat[1]"
1,"other","Autre",NA,NA,"Y","jan feb mar apr may jun jul aug sep oct nov dec",1,1,1,1,1,1,1,1,1,0,1,1,1,NA,"Male_adult",0,0,0,1,0,0,0,"uuid:161c63ad-388d-4944-9b61-c7d3ea453e79","uuid:161c63ad-388d-4944-9b61-c7d3ea453e79/survey_grp/offfarm_income_grp/SECTION_Off_Farm_Income/offfarm_income_repeat[1]"
1,"localbusiness","Travaille dans une entreprise locale",NA,NA,"Y","jan feb mar apr may jun jul sep aug oct nov dec",1,1,1,1,1,1,1,1,1,0,1,1,1,NA,"Male_Youth",0,0,0,0,0,1,0,"uuid:0253d802-3725-4c11-9cfb-15d11f2f4774","uuid:0253d802-3725-4c11-9cfb-15d11f2f4774/survey_grp/offfarm_income_grp/SECTION_Off_Farm_Income/offfarm_income_repeat[1]"
1,"otherfarms","Travaille dans d'autres exploitations",NA,NA,"Y","jan feb mar apr may jun jul aug sep oct nov dec",1,1,1,1,1,1,1,1,1,0,1,1,1,NA,"no_answer",0,0,0,0,0,0,1,"uuid:5dcfe76e-b6a1-43f5-abda-bf4fd5853302","uuid:5dcfe76e-b6a1-43f5-abda-bf4fd5853302/survey_grp/offfarm_income_grp/SECTION_Off_Farm_Income/offfarm_income_repeat[1]"
1,"gov_institution","Travaille pour le gouvernement ou une institution publique",NA,NA,"Y","jan feb mar apr may jun jul aug sep oct nov dec",1,1,1,1,1,1,1,1,1,0,1,1,1,NA,"Male_adult",0,0,0,1,0,0,0,"uuid:46787650-969c-4963-b31d-9ebf38706726","uuid:46787650-969c-4963-b31d-9ebf38706726/survey_grp/offfarm_income_grp/SECTION_Off_Farm_Income/offfarm_income_repeat[1]"
1,"ownbusiness","Auto-entrepreneur (boutique, commerçant, chauffeur)",NA,NA,"Y","jan feb mar apr may jun jul aug sep oct nov dec",1,1,1,1,1,1,1,1,1,0,1,1,1,NA,"Male_Youth",0,0,0,0,0,1,0,"uuid:f3fac2c0-baf2-447f-8d71-adc696c1e8b1","uuid:f3fac2c0-baf2-447f-8d71-adc696c1e8b1/survey_grp/offfarm_income_grp/SECTION_Off_Farm_Income/offfarm_income_repeat[1]"
1,"otherfarms","Travaille dans d'autres exploitations",NA,NA,"Y","jan feb mar apr may jun jul aug sep oct nov dec",1,1,1,1,1,1,1,1,1,0,1,1,1,NA,"no_answer",0,0,0,0,0,0,1,"uuid:213f3111-685e-41db-a419-7aa6dbed66ce","uuid:213f3111-685e-41db-a419-7aa6dbed66ce/survey_grp/offfarm_income_grp/SECTION_Off_Farm_Income/offfarm_income_repeat[1]"
1,"otherfarms","Travaille dans d'autres exploitations",NA,NA,"Y","jan feb mar apr may jun jul aug sep oct nov dec",1,1,1,1,1,1,1,1,1,0,1,1,1,NA,"no_answer",0,0,0,0,0,0,1,"uuid:f47c8ad1-3d91-4b69-917e-ad33e3698480","uuid:f47c8ad1-3d91-4b69-917e-ad33e3698480/survey_grp/offfarm_income_grp/SECTION_Off_Farm_Income/offfarm_income_repeat[1]"
1,"gov_institution","Travaille pour le gouvernement ou une institution publique",NA,NA,"Y","jan feb mar apr may jun jul aug sep oct nov dec",1,1,1,1,1,1,1,1,1,0,1,1,1,NA,"no_answer",0,0,0,0,0,0,1,"uuid:8601f306-a5ea-4061-a856-35f3056aa508","uuid:8601f306-a5ea-4061-a856-35f3056aa508/survey_grp/offfarm_income_grp/SECTION_Off_Farm_Income/offfarm_income_repeat[1]"
1,"no_answer","Pas de réponse",NA,NA,"Y","jan feb mar apr may jun jul aug sep oct nov dec",1,1,1,1,1,1,1,1,1,0,1,1,1,NA,"no_answer",0,0,0,0,0,0,1,"uuid:88e27574-ca21-4799-988f-eb539a1c4ec0","uuid:88e27574-ca21-4799-988f-eb539a1c4ec0/survey_grp/offfarm_income_grp/SECTION_Off_Farm_Income/offfarm_income_repeat[1]"
1,"ownbusiness","Auto-entrepreneur (boutique, commerçant, chauffeur)",NA,NA,"Y","no_answer",0,0,0,0,0,0,0,0,0,1,0,0,0,NA,"Female_adult",1,0,0,0,0,0,0,"uuid:bcf774d9-b318-4deb-9a61-97b47b7347e8","uuid:bcf774d9-b318-4deb-9a61-97b47b7347e8/survey_grp/offfarm_income_grp/SECTION_Off_Farm_Income/offfarm_income_repeat[1]"
1,"other","Autre",NA,NA,"Y","no_answer",0,0,0,0,0,0,0,0,0,1,0,0,0,NA,"Male_adult",0,0,0,1,0,0,0,"uuid:c4b02c84-5e7c-45f4-959b-b40d75f69bab","uuid:c4b02c84-5e7c-45f4-959b-b40d75f69bab/survey_grp/offfarm_income_grp/SECTION_Off_Farm_Income/offfarm_income_repeat[1]"
1,"localbusiness","Travaille dans une entreprise locale",NA,NA,"Y","dec nov oct sep aug jul jun may apr mar feb jan",1,1,1,1,1,1,1,1,1,0,1,1,1,NA,"Male_adult",0,0,0,1,0,0,0,"uuid:5db1bf6f-07ec-45b8-89ce-8dd7f21dd230","uuid:5db1bf6f-07ec-45b8-89ce-8dd7f21dd230/survey_grp/offfarm_income_grp/SECTION_Off_Farm_Income/offfarm_income_repeat[1]"
1,"localbusiness","Travaille dans une entreprise locale",NA,NA,"Y","dec nov oct sep aug jul jun may apr jan mar feb",1,1,1,1,1,1,1,1,1,0,1,1,1,NA,"Male_adult",0,0,0,1,0,0,0,"uuid:ed8d2b9f-f7c7-4729-950f-19b154d460cd","uuid:ed8d2b9f-f7c7-4729-950f-19b154d460cd/survey_grp/offfarm_income_grp/SECTION_Off_Farm_Income/offfarm_income_repeat[1]"
2,"ownbusiness","Auto-entrepreneur (boutique, commerçant, chauffeur)",NA,NA,"Y","dec nov oct sep jul aug jun may apr mar feb jan",1,1,1,1,1,1,1,1,1,0,1,1,1,NA,"Male_adult",0,0,0,1,0,0,0,"uuid:ed8d2b9f-f7c7-4729-950f-19b154d460cd","uuid:ed8d2b9f-f7c7-4729-950f-19b154d460cd/survey_grp/offfarm_income_grp/SECTION_Off_Farm_Income/offfarm_income_repeat[2]"
1,"localbusiness","Travaille dans une entreprise locale",NA,NA,"Y","dec nov oct sep aug jul jun may apr jan feb mar",1,1,1,1,1,1,1,1,1,0,1,1,1,NA,"Male_adult",0,0,0,1,0,0,0,"uuid:e979352a-8df3-4fde-b17d-586946f55833","uuid:e979352a-8df3-4fde-b17d-586946f55833/survey_grp/offfarm_income_grp/SECTION_Off_Farm_Income/offfarm_income_repeat[1]"
2,"gov_institution","Travaille pour le gouvernement ou une institution publique",NA,NA,"Y","dec nov oct aug sep jul jun may apr feb jan mar",1,1,1,1,1,1,1,1,1,0,1,1,1,NA,"Male_adult",0,0,0,1,0,0,0,"uuid:e979352a-8df3-4fde-b17d-586946f55833","uuid:e979352a-8df3-4fde-b17d-586946f55833/survey_grp/offfarm_income_grp/SECTION_Off_Farm_Income/offfarm_income_repeat[2]"
1,"ownbusiness","Auto-entrepreneur (boutique, commerçant, chauffeur)",NA,NA,"Y","dec nov oct sep aug jul jun may apr mar feb jan",1,1,1,1,1,1,1,1,1,0,1,1,1,NA,"Female_adult",1,0,0,0,0,0,0,"uuid:f4d82254-3743-43a1-aa99-1cd34efad8b2","uuid:f4d82254-3743-43a1-aa99-1cd34efad8b2/survey_grp/offfarm_income_grp/SECTION_Off_Farm_Income/offfarm_income_repeat[1]"
2,"remittances","Versements (envoi d'argent)",NA,NA,"Y","dec nov oct sep aug jul jun may apr mar feb jan",1,1,1,1,1,1,1,1,1,0,1,1,1,NA,"Female_adult",1,0,0,0,0,0,0,"uuid:f4d82254-3743-43a1-aa99-1cd34efad8b2","uuid:f4d82254-3743-43a1-aa99-1cd34efad8b2/survey_grp/offfarm_income_grp/SECTION_Off_Farm_Income/offfarm_income_repeat[2]"
3,"localbusiness","Travaille dans une entreprise locale",NA,NA,"Y","dec nov oct sep aug jul jun may apr mar feb jan",1,1,1,1,1,1,1,1,1,0,1,1,1,NA,"Female_adult",1,0,0,0,0,0,0,"uuid:f4d82254-3743-43a1-aa99-1cd34efad8b2","uuid:f4d82254-3743-43a1-aa99-1cd34efad8b2/survey_grp/offfarm_income_grp/SECTION_Off_Farm_Income/offfarm_income_repeat[3]"
1,"localbusiness","Travaille dans une entreprise locale",NA,NA,"Y","dec nov aug oct sep jul jun may apr mar feb jan",1,1,1,1,1,1,1,1,1,0,1,1,1,NA,"Male_adult",0,0,0,1,0,0,0,"uuid:6795e2ab-5889-4f68-894b-50a66ac58ebb","uuid:6795e2ab-5889-4f68-894b-50a66ac58ebb/survey_grp/offfarm_income_grp/SECTION_Off_Farm_Income/offfarm_income_repeat[1]"
1,"localbusiness","Travaille dans une entreprise locale",NA,NA,"Y","dec nov oct sep aug jul jun may apr mar feb jan",1,1,1,1,1,1,1,1,1,0,1,1,1,NA,"Male_adult",0,0,0,1,0,0,0,"uuid:4034e143-5161-4fd5-9afd-65605568f54b","uuid:4034e143-5161-4fd5-9afd-65605568f54b/survey_grp/offfarm_income_grp/SECTION_Off_Farm_Income/offfarm_income_repeat[1]"
2,"gov_institution","Travaille pour le gouvernement ou une institution publique",NA,NA,"Y","oct dec nov sep aug jul jun may apr mar feb jan",1,1,1,1,1,1,1,1,1,0,1,1,1,NA,"Male_adult",0,0,0,1,0,0,0,"uuid:4034e143-5161-4fd5-9afd-65605568f54b","uuid:4034e143-5161-4fd5-9afd-65605568f54b/survey_grp/offfarm_income_grp/SECTION_Off_Farm_Income/offfarm_income_repeat[2]"
1,"localbusiness","Travaille dans une entreprise locale",NA,NA,"Y","dec nov oct sep aug jul jun may apr mar feb jan",1,1,1,1,1,1,1,1,1,0,1,1,1,NA,"Male_adult",0,0,0,1,0,0,0,"uuid:eb5f3430-e943-4c21-b86b-82b53caae80a","uuid:eb5f3430-e943-4c21-b86b-82b53caae80a/survey_grp/offfarm_income_grp/SECTION_Off_Farm_Income/offfarm_income_repeat[1]"
2,"ownbusiness","Auto-entrepreneur (boutique, commerçant, chauffeur)",NA,NA,"Y","dec nov oct sep aug jul jun apr may mar feb jan",1,1,1,1,1,1,1,1,1,0,1,1,1,NA,"Male_adult",0,0,0,1,0,0,0,"uuid:eb5f3430-e943-4c21-b86b-82b53caae80a","uuid:eb5f3430-e943-4c21-b86b-82b53caae80a/survey_grp/offfarm_income_grp/SECTION_Off_Farm_Income/offfarm_income_repeat[2]"
1,"localbusiness","Travaille dans une entreprise locale",NA,NA,"Y","jan feb mar apr may jun jul aug sep oct nov dec",1,1,1,1,1,1,1,1,1,0,1,1,1,NA,"Male_adult",0,0,0,1,0,0,0,"uuid:eb1c8037-04a8-40e3-9721-0995861f2074","uuid:eb1c8037-04a8-40e3-9721-0995861f2074/survey_grp/offfarm_income_grp/SECTION_Off_Farm_Income/offfarm_income_repeat[1]"
2,"ownbusiness","Auto-entrepreneur (boutique, commerçant, chauffeur)",NA,NA,"Y","dec nov oct sep aug jul may jun mar apr feb jan",1,1,1,1,1,1,1,1,1,0,1,1,1,NA,"Male_adult",0,0,0,1,0,0,0,"uuid:eb1c8037-04a8-40e3-9721-0995861f2074","uuid:eb1c8037-04a8-40e3-9721-0995861f2074/survey_grp/offfarm_income_grp/SECTION_Off_Farm_Income/offfarm_income_repeat[2]"
3,"gov_institution","Travaille pour le gouvernement ou une institution publique",NA,NA,"Y","dec nov oct sep aug jun jul may apr mar feb jan",1,1,1,1,1,1,1,1,1,0,1,1,1,NA,"Male_adult",0,0,0,1,0,0,0,"uuid:eb1c8037-04a8-40e3-9721-0995861f2074","uuid:eb1c8037-04a8-40e3-9721-0995861f2074/survey_grp/offfarm_income_grp/SECTION_Off_Farm_Income/offfarm_income_repeat[3]"
1,"ownbusiness","Auto-entrepreneur (boutique, commerçant, chauffeur)",NA,NA,"Y","dec nov oct sep aug jul jun may apr mar feb jan",1,1,1,1,1,1,1,1,1,0,1,1,1,NA,"Male_adult Female_adult",1,0,0,1,0,0,0,"uuid:5edc7b6c-e7c8-415c-abe8-a042a744d308","uuid:5edc7b6c-e7c8-415c-abe8-a042a744d308/survey_grp/offfarm_income_grp/SECTION_Off_Farm_Income/offfarm_income_repeat[1]"
2,"localbusiness","Travaille dans une entreprise locale",NA,NA,"Y","dec nov oct sep aug jul jun may apr mar feb jan",1,1,1,1,1,1,1,1,1,0,1,1,1,NA,"Male_adult Female_adult",1,0,0,1,0,0,0,"uuid:5edc7b6c-e7c8-415c-abe8-a042a744d308","uuid:5edc7b6c-e7c8-415c-abe8-a042a744d308/survey_grp/offfarm_income_grp/SECTION_Off_Farm_Income/offfarm_income_repeat[2]"
3,"remittances","Versements (envoi d'argent)",NA,NA,"Y","dec nov oct sep aug jul jun may apr mar feb jan",1,1,1,1,1,1,1,1,1,0,1,1,1,NA,"Male_adult Female_adult",1,0,0,1,0,0,0,"uuid:5edc7b6c-e7c8-415c-abe8-a042a744d308","uuid:5edc7b6c-e7c8-415c-abe8-a042a744d308/survey_grp/offfarm_income_grp/SECTION_Off_Farm_Income/offfarm_income_repeat[3]"
1,"ownbusiness","Auto-entrepreneur (boutique, commerçant, chauffeur)",NA,NA,"Y","jan feb mar apr may jun nov dec",1,0,1,1,1,0,1,1,1,0,1,0,0,NA,"Male_adult",0,0,0,1,0,0,0,"uuid:040b8d42-9bb3-4567-9935-470a89460410","uuid:040b8d42-9bb3-4567-9935-470a89460410/survey_grp/offfarm_income_grp/SECTION_Off_Farm_Income/offfarm_income_repeat[1]"
1,"ownbusiness","Auto-entrepreneur (boutique, commerçant, chauffeur)",NA,NA,"Y","jan feb mar apr may jun aug jul sep nov dec oct",1,1,1,1,1,1,1,1,1,0,1,1,1,NA,"Male_adult",0,0,0,1,0,0,0,"uuid:05bed875-09a0-4c45-a4f8-11db9cafa666","uuid:05bed875-09a0-4c45-a4f8-11db9cafa666/survey_grp/offfarm_income_grp/SECTION_Off_Farm_Income/offfarm_income_repeat[1]"
1,"otherfarms","Travaille dans d'autres exploitations",NA,NA,"N","jan feb mar apr may jun nov dec",1,0,1,1,1,0,1,1,1,0,1,0,0,NA,"Male_adult Female_adult",1,0,0,1,0,0,0,"uuid:1952d809-512b-4c49-92a1-f9393b863e59","uuid:1952d809-512b-4c49-92a1-f9393b863e59/survey_grp/offfarm_income_grp/SECTION_Off_Farm_Income/offfarm_income_repeat[1]"
1,"ownbusiness","Auto-entrepreneur (boutique, commerçant, chauffeur)",NA,NA,"Y","jan feb mar apr may jun jul sep aug oct nov dec",1,1,1,1,1,1,1,1,1,0,1,1,1,NA,"Male_adult",0,0,0,1,0,0,0,"uuid:a6566b8b-7fdd-4451-93e2-24ead7f6e42b","uuid:a6566b8b-7fdd-4451-93e2-24ead7f6e42b/survey_grp/offfarm_income_grp/SECTION_Off_Farm_Income/offfarm_income_repeat[1]"
1,"localbusiness","Travaille dans une entreprise locale",NA,NA,"Y","dec nov oct sep aug jul jun may apr mar feb jan",1,1,1,1,1,1,1,1,1,0,1,1,1,NA,"Male_adult",0,0,0,1,0,0,0,"uuid:711fbd77-36ee-42f4-bb6a-863ea69282ca","uuid:711fbd77-36ee-42f4-bb6a-863ea69282ca/survey_grp/offfarm_income_grp/SECTION_Off_Farm_Income/offfarm_income_repeat[1]"
2,"ownbusiness","Auto-entrepreneur (boutique, commerçant, chauffeur)",NA,NA,"Y","dec nov oct sep aug jul jun may apr mar feb jan",1,1,1,1,1,1,1,1,1,0,1,1,1,NA,"Female_adult",1,0,0,0,0,0,0,"uuid:711fbd77-36ee-42f4-bb6a-863ea69282ca","uuid:711fbd77-36ee-42f4-bb6a-863ea69282ca/survey_grp/offfarm_income_grp/SECTION_Off_Farm_Income/offfarm_income_repeat[2]"
1,"localbusiness","Travaille dans une entreprise locale",NA,NA,"Y","dec nov oct sep aug jul jun apr may mar jan feb",1,1,1,1,1,1,1,1,1,0,1,1,1,NA,"Male_adult",0,0,0,1,0,0,0,"uuid:3e28cef0-a37d-402e-acaf-43faddef2b2d","uuid:3e28cef0-a37d-402e-acaf-43faddef2b2d/survey_grp/offfarm_income_grp/SECTION_Off_Farm_Income/offfarm_income_repeat[1]"
1,"localbusiness","Travaille dans une entreprise locale",NA,NA,"Y","dec nov oct sep aug jul jun may mar jan apr feb",1,1,1,1,1,1,1,1,1,0,1,1,1,NA,"Male_adult",0,0,0,1,0,0,0,"uuid:845900b7-2a48-489a-822b-462ddd7b0e58","uuid:845900b7-2a48-489a-822b-462ddd7b0e58/survey_grp/offfarm_income_grp/SECTION_Off_Farm_Income/offfarm_income_repeat[1]"
1,"ownbusiness","Auto-entrepreneur (boutique, commerçant, chauffeur)",NA,NA,"Y","dec nov oct aug sep jul jun may apr mar feb jan",1,1,1,1,1,1,1,1,1,0,1,1,1,NA,"Female_adult",1,0,0,0,0,0,0,"uuid:14faec2f-e8b9-4c9f-9f27-ec97a206c35e","uuid:14faec2f-e8b9-4c9f-9f27-ec97a206c35e/survey_grp/offfarm_income_grp/SECTION_Off_Farm_Income/offfarm_income_repeat[1]"
2,"remittances","Versements (envoi d'argent)",NA,NA,"Y","dec nov oct sep aug jul jun may apr mar feb jan",1,1,1,1,1,1,1,1,1,0,1,1,1,NA,"Female_adult",1,0,0,0,0,0,0,"uuid:14faec2f-e8b9-4c9f-9f27-ec97a206c35e","uuid:14faec2f-e8b9-4c9f-9f27-ec97a206c35e/survey_grp/offfarm_income_grp/SECTION_Off_Farm_Income/offfarm_income_repeat[2]"
1,"gov_institution","Travaille pour le gouvernement ou une institution publique",NA,NA,"Y","dec nov oct sep aug jul jun may mar feb jan apr",1,1,1,1,1,1,1,1,1,0,1,1,1,NA,"Male_adult",0,0,0,1,0,0,0,"uuid:4531baab-4eda-4abe-b068-431eebc46bd8","uuid:4531baab-4eda-4abe-b068-431eebc46bd8/survey_grp/offfarm_income_grp/SECTION_Off_Farm_Income/offfarm_income_repeat[1]"
2,"ownbusiness","Auto-entrepreneur (boutique, commerçant, chauffeur)",NA,NA,"Y","dec nov oct sep aug jul jun may apr mar feb jan",1,1,1,1,1,1,1,1,1,0,1,1,1,NA,"Female_adult",1,0,0,0,0,0,0,"uuid:4531baab-4eda-4abe-b068-431eebc46bd8","uuid:4531baab-4eda-4abe-b068-431eebc46bd8/survey_grp/offfarm_income_grp/SECTION_Off_Farm_Income/offfarm_income_repeat[2]"
1,"localbusiness","Travaille dans une entreprise locale",NA,NA,"Y","jan feb mar apr jun may aug sep jul oct nov dec",1,1,1,1,1,1,1,1,1,0,1,1,1,NA,"Male_Youth Female_Youth",0,0,1,0,0,1,0,"uuid:471154e0-6754-40b3-959e-9e0f6bb358e7","uuid:471154e0-6754-40b3-959e-9e0f6bb358e7/survey_grp/offfarm_income_grp/SECTION_Off_Farm_Income/offfarm_income_repeat[1]"
1,"gov_institution","Travaille pour le gouvernement ou une institution publique",NA,NA,"Y","jan feb mar apr may jul jun aug sep oct nov dec",1,1,1,1,1,1,1,1,1,0,1,1,1,NA,"Male_adult Female_adult",1,0,0,1,0,0,0,"uuid:02d9fcc5-8844-487f-82a6-64f020ed8f62","uuid:02d9fcc5-8844-487f-82a6-64f020ed8f62/survey_grp/offfarm_income_grp/SECTION_Off_Farm_Income/offfarm_income_repeat[1]"
1,"ownbusiness","Auto-entrepreneur (boutique, commerçant, chauffeur)",NA,NA,"Y","jan feb mar apr may jun jul aug sep oct nov dec",1,1,1,1,1,1,1,1,1,0,1,1,1,NA,"Male_adult",0,0,0,1,0,0,0,"uuid:e3cc82a9-8ead-4377-ac08-df61f9df94a6","uuid:e3cc82a9-8ead-4377-ac08-df61f9df94a6/survey_grp/offfarm_income_grp/SECTION_Off_Farm_Income/offfarm_income_repeat[1]"
1,"localbusiness","Travaille dans une entreprise locale",NA,NA,"Y","jan feb mar apr may jun jul aug sep oct nov dec",1,1,1,1,1,1,1,1,1,0,1,1,1,NA,"Male_adult Female_adult",1,0,0,1,0,0,0,"uuid:c4d43f25-a69c-488b-897e-8ccea64defdc","uuid:c4d43f25-a69c-488b-897e-8ccea64defdc/survey_grp/offfarm_income_grp/SECTION_Off_Farm_Income/offfarm_income_repeat[1]"
1,"gov_institution","Travaille pour le gouvernement ou une institution publique",NA,NA,"Y","jan feb mar may apr jun jul aug sep oct nov dec",1,1,1,1,1,1,1,1,1,0,1,1,1,NA,"Female_adult",1,0,0,0,0,0,0,"uuid:bc3961fa-fd64-491d-b688-bd34b394a10d","uuid:bc3961fa-fd64-491d-b688-bd34b394a10d/survey_grp/offfarm_income_grp/SECTION_Off_Farm_Income/offfarm_income_repeat[1]"
1,"ownbusiness","Auto-entrepreneur (boutique, commerçant, chauffeur)",NA,NA,"Y","jan feb mar apr may jun jul aug sep oct nov dec",1,1,1,1,1,1,1,1,1,0,1,1,1,NA,"Male_adult Male_Youth",0,0,0,1,0,1,0,"uuid:7d8139ac-a571-4af1-87bb-125628b62369","uuid:7d8139ac-a571-4af1-87bb-125628b62369/survey_grp/offfarm_income_grp/SECTION_Off_Farm_Income/offfarm_income_repeat[1]"
1,"ownbusiness","Auto-entrepreneur (boutique, commerçant, chauffeur)",NA,NA,"Y","jan feb mar apr may jun jul aug sep oct nov dec",1,1,1,1,1,1,1,1,1,0,1,1,1,NA,"Male_adult Female_adult",1,0,0,1,0,0,0,"uuid:f7138cfe-768d-46ec-8c7c-4ef6d3643959","uuid:f7138cfe-768d-46ec-8c7c-4ef6d3643959/survey_grp/offfarm_income_grp/SECTION_Off_Farm_Income/offfarm_income_repeat[1]"
1,"ownbusiness","Auto-entrepreneur (boutique, commerçant, chauffeur)",NA,NA,"Y","jan feb mar apr may jun jul aug sep oct nov dec",1,1,1,1,1,1,1,1,1,0,1,1,1,NA,"Male_adult",0,0,0,1,0,0,0,"uuid:c8adfcd1-085e-4b73-a1b8-78089144836a","uuid:c8adfcd1-085e-4b73-a1b8-78089144836a/survey_grp/offfarm_income_grp/SECTION_Off_Farm_Income/offfarm_income_repeat[1]"
1,"ownbusiness","Auto-entrepreneur (boutique, commerçant, chauffeur)",NA,NA,"Y","jan feb mar apr may jun jul aug sep oct nov dec",1,1,1,1,1,1,1,1,1,0,1,1,1,NA,"Male_adult Female_adult",1,0,0,1,0,0,0,"uuid:4c6d6a23-d756-45fa-b586-637588579599","uuid:4c6d6a23-d756-45fa-b586-637588579599/survey_grp/offfarm_income_grp/SECTION_Off_Farm_Income/offfarm_income_repeat[1]"
1,"ownbusiness","Auto-entrepreneur (boutique, commerçant, chauffeur)",NA,NA,"Y","jan feb mar apr may jun jul aug sep oct nov dec",1,1,1,1,1,1,1,1,1,0,1,1,1,NA,"Male_adult",0,0,0,1,0,0,0,"uuid:6fc88861-6042-4734-87bb-18b23ab21db4","uuid:6fc88861-6042-4734-87bb-18b23ab21db4/survey_grp/offfarm_income_grp/SECTION_Off_Farm_Income/offfarm_income_repeat[1]"
1,"gov_institution","Travaille pour le gouvernement ou une institution publique",NA,NA,"Y","jan feb mar apr may jun jul aug sep oct nov dec",1,1,1,1,1,1,1,1,1,0,1,1,1,NA,"Male_adult",0,0,0,1,0,0,0,"uuid:d704e25c-bdb6-4470-aca8-5794d3a068b8","uuid:d704e25c-bdb6-4470-aca8-5794d3a068b8/survey_grp/offfarm_income_grp/SECTION_Off_Farm_Income/offfarm_income_repeat[1]"
1,"ownbusiness","Auto-entrepreneur (boutique, commerçant, chauffeur)",NA,NA,"Y","jan feb mar apr may jun jul aug sep oct nov dec",1,1,1,1,1,1,1,1,1,0,1,1,1,NA,"Male_adult",0,0,0,1,0,0,0,"uuid:4ae6d61d-5cea-4d4c-a6f5-704df9aba480","uuid:4ae6d61d-5cea-4d4c-a6f5-704df9aba480/survey_grp/offfarm_income_grp/SECTION_Off_Farm_Income/offfarm_income_repeat[1]"
1,"ownbusiness","Auto-entrepreneur (boutique, commerçant, chauffeur)",NA,NA,"Y","jan feb mar apr may jun oct nov dec",1,0,1,1,1,0,1,1,1,0,1,1,0,NA,"Male_adult",0,0,0,1,0,0,0,"uuid:d1f9a901-0ddc-4811-a3e5-319da503fccb","uuid:d1f9a901-0ddc-4811-a3e5-319da503fccb/survey_grp/offfarm_income_grp/SECTION_Off_Farm_Income/offfarm_income_repeat[1]"
1,"ownbusiness","Auto-entrepreneur (boutique, commerçant, chauffeur)",NA,NA,"Y","jan feb mar apr may jun oct nov dec",1,0,1,1,1,0,1,1,1,0,1,1,0,NA,"Male_adult Female_adult",1,0,0,1,0,0,0,"uuid:dde7db34-7aed-457e-9b46-f3b96b9ce3b1","uuid:dde7db34-7aed-457e-9b46-f3b96b9ce3b1/survey_grp/offfarm_income_grp/SECTION_Off_Farm_Income/offfarm_income_repeat[1]"
1,"ownbusiness","Auto-entrepreneur (boutique, commerçant, chauffeur)",NA,NA,"Y","jan feb mar apr may jun oct nov dec",1,0,1,1,1,0,1,1,1,0,1,1,0,NA,"Male_Youth Female_adult",1,0,0,0,0,1,0,"uuid:c20cbd30-39f1-4c98-b58e-5ddacce681b4","uuid:c20cbd30-39f1-4c98-b58e-5ddacce681b4/survey_grp/offfarm_income_grp/SECTION_Off_Farm_Income/offfarm_income_repeat[1]"
1,"ownbusiness","Auto-entrepreneur (boutique, commerçant, chauffeur)",NA,NA,"Y","jan feb mar apr may jun sep oct nov dec",1,0,1,1,1,0,1,1,1,0,1,1,1,NA,"Female_adult",1,0,0,0,0,0,0,"uuid:63d16b00-ff57-45a1-bf59-223e71004ed7","uuid:63d16b00-ff57-45a1-bf59-223e71004ed7/survey_grp/offfarm_income_grp/SECTION_Off_Farm_Income/offfarm_income_repeat[1]"
1,"ownbusiness","Auto-entrepreneur (boutique, commerçant, chauffeur)",NA,NA,"Y","jan mar feb apr may jun jul aug sep oct nov dec",1,1,1,1,1,1,1,1,1,0,1,1,1,NA,"Female_adult",1,0,0,0,0,0,0,"uuid:95913fde-e2ab-4431-98e0-63abb9bf1b66","uuid:95913fde-e2ab-4431-98e0-63abb9bf1b66/survey_grp/offfarm_income_grp/SECTION_Off_Farm_Income/offfarm_income_repeat[1]"
1,"ownbusiness","Auto-entrepreneur (boutique, commerçant, chauffeur)",NA,NA,"Y","oct nov dec jan feb mar",0,0,1,1,1,0,0,1,0,0,1,1,0,NA,"Male_adult",0,0,0,1,0,0,0,"uuid:0b34ef61-4288-4c15-9a12-317a11adc174","uuid:0b34ef61-4288-4c15-9a12-317a11adc174/survey_grp/offfarm_income_grp/SECTION_Off_Farm_Income/offfarm_income_repeat[1]"
1,"ownbusiness","Auto-entrepreneur (boutique, commerçant, chauffeur)",NA,NA,"Y","jan feb may dec nov",0,0,1,1,1,0,0,0,1,0,1,0,0,NA,"Male_Youth",0,0,0,0,0,1,0,"uuid:978e4565-286c-4595-bcb9-61019cda55c2","uuid:978e4565-286c-4595-bcb9-61019cda55c2/survey_grp/offfarm_income_grp/SECTION_Off_Farm_Income/offfarm_income_repeat[1]"
1,"ownbusiness","Auto-entrepreneur (boutique, commerçant, chauffeur)",NA,NA,"Y","jan feb mar apr jul sep oct nov dec",1,0,1,1,1,1,0,1,0,0,1,1,1,NA,"Male_adult",0,0,0,1,0,0,0,"uuid:2c99667b-eaae-4601-9858-e1268d24fe51","uuid:2c99667b-eaae-4601-9858-e1268d24fe51/survey_grp/offfarm_income_grp/SECTION_Off_Farm_Income/offfarm_income_repeat[1]"
1,"gov_institution","Travaille pour le gouvernement ou une institution publique",NA,NA,"Y","jan feb mar apr may jun jul aug sep oct nov dec",1,1,1,1,1,1,1,1,1,0,1,1,1,NA,"Male_Youth",0,0,0,0,0,1,0,"uuid:1e191dce-7514-40b0-a19e-a132c84046d5","uuid:1e191dce-7514-40b0-a19e-a132c84046d5/survey_grp/offfarm_income_grp/SECTION_Off_Farm_Income/offfarm_income_repeat[1]"
1,"no_answer","Pas de réponse",NA,NA,"N","no_answer",0,0,0,0,0,0,0,0,0,1,0,0,0,NA,"no_answer",0,0,0,0,0,0,1,"uuid:c2792490-4585-484b-8e97-ef2530f800e8","uuid:c2792490-4585-484b-8e97-ef2530f800e8/survey_grp/offfarm_income_grp/SECTION_Off_Farm_Income/offfarm_income_repeat[1]"
1,"ownbusiness","Auto-entrepreneur (boutique, commerçant, chauffeur)",NA,NA,"Y","jan feb mar apr may jun jul aug sep oct nov dec",1,1,1,1,1,1,1,1,1,0,1,1,1,NA,"Male_adult",0,0,0,1,0,0,0,"uuid:73edc170-6c9d-4c48-ab22-be67ba427374","uuid:73edc170-6c9d-4c48-ab22-be67ba427374/survey_grp/offfarm_income_grp/SECTION_Off_Farm_Income/offfarm_income_repeat[1]"
1,"gov_institution","Travaille pour le gouvernement ou une institution publique",NA,NA,"Y","jan feb mar apr may jun jul aug sep oct nov dec",1,1,1,1,1,1,1,1,1,0,1,1,1,NA,"Male_adult",0,0,0,1,0,0,0,"uuid:33345bf6-fb47-4224-aa0a-4c813499e47e","uuid:33345bf6-fb47-4224-aa0a-4c813499e47e/survey_grp/offfarm_income_grp/SECTION_Off_Farm_Income/offfarm_income_repeat[1]"
2,"remittances","Versements (envoi d'argent)",NA,NA,"Y","oct mar may jul",0,0,0,0,0,1,0,1,1,0,0,1,0,NA,"Male_adult",0,0,0,1,0,0,0,"uuid:33345bf6-fb47-4224-aa0a-4c813499e47e","uuid:33345bf6-fb47-4224-aa0a-4c813499e47e/survey_grp/offfarm_income_grp/SECTION_Off_Farm_Income/offfarm_income_repeat[2]"
1,"no_answer","Pas de réponse",NA,NA,"N","jul jun aug sep oct",0,1,0,0,0,1,1,0,0,0,0,1,1,NA,"Male_Youth",0,0,0,0,0,1,0,"uuid:b9eb4ff5-34d1-49c3-9515-0046ee4bc441","uuid:b9eb4ff5-34d1-49c3-9515-0046ee4bc441/survey_grp/offfarm_income_grp/SECTION_Off_Farm_Income/offfarm_income_repeat[1]"
1,"ownbusiness","Auto-entrepreneur (boutique, commerçant, chauffeur)",NA,NA,"Y","jan feb mar apr may jun jul aug sep oct nov dec",1,1,1,1,1,1,1,1,1,0,1,1,1,NA,"Male_adult",0,0,0,1,0,0,0,"uuid:19358f08-7c5b-49ef-8822-c48fcb549f67","uuid:19358f08-7c5b-49ef-8822-c48fcb549f67/survey_grp/offfarm_income_grp/SECTION_Off_Farm_Income/offfarm_income_repeat[1]"
1,"gov_institution","Travaille pour le gouvernement ou une institution publique",NA,NA,"Y","jan feb mar apr may jun jul aug sep oct nov dec",1,1,1,1,1,1,1,1,1,0,1,1,1,NA,"no_answer",0,0,0,0,0,0,1,"uuid:4ae240b8-622a-4e0a-93a4-2583da3c04b6","uuid:4ae240b8-622a-4e0a-93a4-2583da3c04b6/survey_grp/offfarm_income_grp/SECTION_Off_Farm_Income/offfarm_income_repeat[1]"
1,"ownbusiness","Auto-entrepreneur (boutique, commerçant, chauffeur)",NA,NA,"Y","jun may apr mar feb jan oct nov dec",1,0,1,1,1,0,1,1,1,0,1,1,0,NA,"Male_Youth",0,0,0,0,0,1,0,"uuid:ec6d8d4c-708e-462b-9c40-75ec525a34c1","uuid:ec6d8d4c-708e-462b-9c40-75ec525a34c1/survey_grp/offfarm_income_grp/SECTION_Off_Farm_Income/offfarm_income_repeat[1]"
1,"ownbusiness","Auto-entrepreneur (boutique, commerçant, chauffeur)",NA,NA,"Y","dec nov oct aug jul sep jun may mar jan feb apr",1,1,1,1,1,1,1,1,1,0,1,1,1,NA,"Male_Youth",0,0,0,0,0,1,0,"uuid:45d1f26d-0f5e-44db-ad7c-ea39e9b433b3","uuid:45d1f26d-0f5e-44db-ad7c-ea39e9b433b3/survey_grp/offfarm_income_grp/SECTION_Off_Farm_Income/offfarm_income_repeat[1]"
1,"other","Autre",NA,NA,"Y","no_answer",0,0,0,0,0,0,0,0,0,1,0,0,0,NA,"Male_adult",0,0,0,1,0,0,0,"uuid:0f1e7912-04b8-4c4e-be1d-728814a35fd0","uuid:0f1e7912-04b8-4c4e-be1d-728814a35fd0/survey_grp/offfarm_income_grp/SECTION_Off_Farm_Income/offfarm_income_repeat[1]"
1,"localbusiness","Travaille dans une entreprise locale",NA,NA,"Y","no_answer",0,0,0,0,0,0,0,0,0,1,0,0,0,NA,"Male_adult",0,0,0,1,0,0,0,"uuid:61b7f5df-a515-4bab-96c6-82a9fa49242a","uuid:61b7f5df-a515-4bab-96c6-82a9fa49242a/survey_grp/offfarm_income_grp/SECTION_Off_Farm_Income/offfarm_income_repeat[1]"
2,"gov_institution","Travaille pour le gouvernement ou une institution publique",NA,NA,"Y","jan feb mar apr may jun jul sep oct",1,0,0,1,1,1,1,1,1,0,0,1,1,NA,"Male_adult",0,0,0,1,0,0,0,"uuid:61b7f5df-a515-4bab-96c6-82a9fa49242a","uuid:61b7f5df-a515-4bab-96c6-82a9fa49242a/survey_grp/offfarm_income_grp/SECTION_Off_Farm_Income/offfarm_income_repeat[2]"
3,"ownbusiness","Auto-entrepreneur (boutique, commerçant, chauffeur)",NA,NA,"N","dec jan feb oct nov",0,0,1,1,1,0,0,0,0,0,1,1,0,NA,"Male_adult",0,0,0,1,0,0,0,"uuid:61b7f5df-a515-4bab-96c6-82a9fa49242a","uuid:61b7f5df-a515-4bab-96c6-82a9fa49242a/survey_grp/offfarm_income_grp/SECTION_Off_Farm_Income/offfarm_income_repeat[3]"
1,"gov_institution","Travaille pour le gouvernement ou une institution publique",NA,NA,"Y","jan feb mar apr may jul aug jun sep oct dec nov",1,1,1,1,1,1,1,1,1,0,1,1,1,NA,"Male_adult Female_adult",1,0,0,1,0,0,0,"uuid:3ebc924c-1713-4962-8615-d4a366bc59da","uuid:3ebc924c-1713-4962-8615-d4a366bc59da/survey_grp/offfarm_income_grp/SECTION_Off_Farm_Income/offfarm_income_repeat[1]"
1,"ownbusiness","Auto-entrepreneur (boutique, commerçant, chauffeur)",NA,NA,"Y","feb mar jan apr jun jul may aug sep nov oct dec",1,1,1,1,1,1,1,1,1,0,1,1,1,NA,"Male_adult Female_adult",1,0,0,1,0,0,0,"uuid:c1ae0eff-7fae-4d25-b8f5-d5a4168892a7","uuid:c1ae0eff-7fae-4d25-b8f5-d5a4168892a7/survey_grp/offfarm_income_grp/SECTION_Off_Farm_Income/offfarm_income_repeat[1]"
1,"gov_institution","Travaille pour le gouvernement ou une institution publique",NA,NA,"Y","sep dec nov oct aug jul jun may apr mar feb jan",1,1,1,1,1,1,1,1,1,0,1,1,1,NA,"Male_adult",0,0,0,1,0,0,0,"uuid:44a21cf7-4190-4fa9-9b58-031d980f85d0","uuid:44a21cf7-4190-4fa9-9b58-031d980f85d0/survey_grp/offfarm_income_grp/SECTION_Off_Farm_Income/offfarm_income_repeat[1]"
1,"gov_institution","Travaille pour le gouvernement ou une institution publique",NA,NA,"Y","jan feb mar apr may jun jul sep aug oct nov dec",1,1,1,1,1,1,1,1,1,0,1,1,1,NA,"Male_adult",0,0,0,1,0,0,0,"uuid:9441db9d-46fe-414c-9cda-727a37a81b16","uuid:9441db9d-46fe-414c-9cda-727a37a81b16/survey_grp/offfarm_income_grp/SECTION_Off_Farm_Income/offfarm_income_repeat[1]"
1,"ownbusiness","Auto-entrepreneur (boutique, commerçant, chauffeur)",NA,NA,"Y","dec nov may apr jan",1,0,1,0,1,0,0,0,1,0,1,0,0,NA,"Male_adult",0,0,0,1,0,0,0,"uuid:d3c9298b-153b-42b7-8295-ac8bd0877dd3","uuid:d3c9298b-153b-42b7-8295-ac8bd0877dd3/survey_grp/offfarm_income_grp/SECTION_Off_Farm_Income/offfarm_income_repeat[1]"
1,"other","Autre",NA,NA,"Y","dec nov oct sep aug jul jun may apr mar feb jan",1,1,1,1,1,1,1,1,1,0,1,1,1,NA,"Male_adult",0,0,0,1,0,0,0,"uuid:2d210dd4-d27b-46af-a690-8196fe057f78","uuid:2d210dd4-d27b-46af-a690-8196fe057f78/survey_grp/offfarm_income_grp/SECTION_Off_Farm_Income/offfarm_income_repeat[1]"
1,"ownbusiness","Auto-entrepreneur (boutique, commerçant, chauffeur)",NA,NA,"Y","jan mar feb apr may jun aug jul sep oct nov dec",1,1,1,1,1,1,1,1,1,0,1,1,1,NA,"Male_adult",0,0,0,1,0,0,0,"uuid:431ef758-6418-4eb6-a3e1-78920b070b67","uuid:431ef758-6418-4eb6-a3e1-78920b070b67/survey_grp/offfarm_income_grp/SECTION_Off_Farm_Income/offfarm_income_repeat[1]"
1,"ownbusiness","Auto-entrepreneur (boutique, commerçant, chauffeur)",NA,NA,"Y","jan feb mar apr may dec nov oct",1,0,1,1,1,0,0,1,1,0,1,1,0,NA,"Male_adult",0,0,0,1,0,0,0,"uuid:5f8afbd1-f448-43d4-93d4-38b8d05833b1","uuid:5f8afbd1-f448-43d4-93d4-38b8d05833b1/survey_grp/offfarm_income_grp/SECTION_Off_Farm_Income/offfarm_income_repeat[1]"
1,"ownbusiness","Auto-entrepreneur (boutique, commerçant, chauffeur)",NA,NA,"Y","jan mar feb may apr jun dec nov oct sep aug jul",1,1,1,1,1,1,1,1,1,0,1,1,1,NA,"Male_Youth",0,0,0,0,0,1,0,"uuid:5df51d33-bf4e-415e-91d5-5817b2a15f61","uuid:5df51d33-bf4e-415e-91d5-5817b2a15f61/survey_grp/offfarm_income_grp/SECTION_Off_Farm_Income/offfarm_income_repeat[1]"
1,"ownbusiness","Auto-entrepreneur (boutique, commerçant, chauffeur)",NA,NA,"Y","jan feb mar apr may dec nov oct",1,0,1,1,1,0,0,1,1,0,1,1,0,NA,"Male_adult",0,0,0,1,0,0,0,"uuid:ce9e5aef-7e92-483f-9478-9753be225869","uuid:ce9e5aef-7e92-483f-9478-9753be225869/survey_grp/offfarm_income_grp/SECTION_Off_Farm_Income/offfarm_income_repeat[1]"
1,"ownbusiness","Auto-entrepreneur (boutique, commerçant, chauffeur)",NA,NA,"Y","jan feb mar apr may dec nov oct",1,0,1,1,1,0,0,1,1,0,1,1,0,NA,"Male_adult",0,0,0,1,0,0,0,"uuid:fea6d638-858b-437d-bfbe-269e48919379","uuid:fea6d638-858b-437d-bfbe-269e48919379/survey_grp/offfarm_income_grp/SECTION_Off_Farm_Income/offfarm_income_repeat[1]"
1,"ownbusiness","Auto-entrepreneur (boutique, commerçant, chauffeur)",NA,NA,"Y","jan feb apr mar may jun dec nov",1,0,1,1,1,0,1,1,1,0,1,0,0,NA,"Male_adult",0,0,0,1,0,0,0,"uuid:6deb04c1-0db0-4352-8afc-52e13186db73","uuid:6deb04c1-0db0-4352-8afc-52e13186db73/survey_grp/offfarm_income_grp/SECTION_Off_Farm_Income/offfarm_income_repeat[1]"
1,"otherfarms","Travaille dans d'autres exploitations",NA,NA,"Y","jan feb mar",0,0,0,1,1,0,0,1,0,0,0,0,0,NA,"no_answer",0,0,0,0,0,0,1,"uuid:9902b12a-3a37-4875-a7a0-48d37078c32f","uuid:9902b12a-3a37-4875-a7a0-48d37078c32f/survey_grp/offfarm_income_grp/SECTION_Off_Farm_Income/offfarm_income_repeat[1]"
1,"other","Autre",NA,NA,"N","jun may apr mar feb jan nov dec",1,0,1,1,1,0,1,1,1,0,1,0,0,NA,"Male_adult Female_adult",1,0,0,1,0,0,0,"uuid:12c6bc70-ad10-4331-91cf-e2e2147a9b17","uuid:12c6bc70-ad10-4331-91cf-e2e2147a9b17/survey_grp/offfarm_income_grp/SECTION_Off_Farm_Income/offfarm_income_repeat[1]"
1,"otherlabour","Travaille, pas dans une exploitation",NA,NA,"N","jan feb mar apr sep oct nov dec",1,0,1,1,1,0,0,1,0,0,1,1,1,NA,"Male_adult",0,0,0,1,0,0,0,"uuid:06a4f24b-c89d-4ad3-b639-cde023bd4405","uuid:06a4f24b-c89d-4ad3-b639-cde023bd4405/survey_grp/offfarm_income_grp/SECTION_Off_Farm_Income/offfarm_income_repeat[1]"
1,"other","Autre",NA,NA,"N","jan feb mar may jul apr dec nov jun",1,0,1,1,1,1,1,1,1,0,1,0,0,NA,"Male_adult",0,0,0,1,0,0,0,"uuid:d65eb045-f6f0-4800-a851-3524ad8c2726","uuid:d65eb045-f6f0-4800-a851-3524ad8c2726/survey_grp/offfarm_income_grp/SECTION_Off_Farm_Income/offfarm_income_repeat[1]"
1,"otherlabour","Travaille, pas dans une exploitation",NA,NA,"N","jan feb apr mar may jun aug jul oct sep nov dec",1,1,1,1,1,1,1,1,1,0,1,1,1,NA,"Female_adult",1,0,0,0,0,0,0,"uuid:b2eb7e00-27dd-462a-9e6b-ba70f05f64d4","uuid:b2eb7e00-27dd-462a-9e6b-ba70f05f64d4/survey_grp/offfarm_income_grp/SECTION_Off_Farm_Income/offfarm_income_repeat[1]"
1,"other","Autre",NA,NA,"Y","feb jan mar apr may dec nov oct",1,0,1,1,1,0,0,1,1,0,1,1,0,NA,"Male_adult",0,0,0,1,0,0,0,"uuid:18c07544-191c-452d-9b62-b86190b270ce","uuid:18c07544-191c-452d-9b62-b86190b270ce/survey_grp/offfarm_income_grp/SECTION_Off_Farm_Income/offfarm_income_repeat[1]"
1,"localbusiness","Travaille dans une entreprise locale",NA,NA,"Y","nov jan feb mar apr may jun dec oct sep aug jul",1,1,1,1,1,1,1,1,1,0,1,1,1,NA,"Male_adult",0,0,0,1,0,0,0,"uuid:fc71ea81-1243-40f8-ab42-611a7c98f596","uuid:fc71ea81-1243-40f8-ab42-611a7c98f596/survey_grp/offfarm_income_grp/SECTION_Off_Farm_Income/offfarm_income_repeat[1]"
1,"localbusiness","Travaille dans une entreprise locale",NA,NA,"Y","jan feb mar apr may jun jul aug sep oct nov dec",1,1,1,1,1,1,1,1,1,0,1,1,1,NA,"Male_adult",0,0,0,1,0,0,0,"uuid:9b90c043-d1fc-4eda-b909-0a6d1552e7e7","uuid:9b90c043-d1fc-4eda-b909-0a6d1552e7e7/survey_grp/offfarm_income_grp/SECTION_Off_Farm_Income/offfarm_income_repeat[1]"
1,"localbusiness","Travaille dans une entreprise locale",NA,NA,"Y","jan feb mar apr may jun jul aug sep oct nov dec",1,1,1,1,1,1,1,1,1,0,1,1,1,NA,"Male_Youth",0,0,0,0,0,1,0,"uuid:88020a5b-6350-4d97-a427-eb18f6e5bec1","uuid:88020a5b-6350-4d97-a427-eb18f6e5bec1/survey_grp/offfarm_income_grp/SECTION_Off_Farm_Income/offfarm_income_repeat[1]"
1,"ownbusiness","Auto-entrepreneur (boutique, commerçant, chauffeur)",NA,NA,"Y","jan feb mar apr may jun jul aug sep oct nov dec",1,1,1,1,1,1,1,1,1,0,1,1,1,NA,"Male_adult",0,0,0,1,0,0,0,"uuid:71fd58dc-806b-45bb-833d-55822046793b","uuid:71fd58dc-806b-45bb-833d-55822046793b/survey_grp/offfarm_income_grp/SECTION_Off_Farm_Income/offfarm_income_repeat[1]"
1,"ownbusiness","Auto-entrepreneur (boutique, commerçant, chauffeur)",NA,NA,"Y","jan feb mar apr may jun jul aug sep oct nov dec",1,1,1,1,1,1,1,1,1,0,1,1,1,NA,"Male_adult",0,0,0,1,0,0,0,"uuid:e66ff6ab-addf-47c3-8576-9d955448ea40","uuid:e66ff6ab-addf-47c3-8576-9d955448ea40/survey_grp/offfarm_income_grp/SECTION_Off_Farm_Income/offfarm_income_repeat[1]"
1,"other","Autre",NA,NA,"Y","feb jan apr mar may jun aug jul sep oct nov dec",1,1,1,1,1,1,1,1,1,0,1,1,1,NA,"Male_adult",0,0,0,1,0,0,0,"uuid:f85ed0f0-6e45-449e-9fc0-aec7a390c4ed","uuid:f85ed0f0-6e45-449e-9fc0-aec7a390c4ed/survey_grp/offfarm_income_grp/SECTION_Off_Farm_Income/offfarm_income_repeat[1]"
1,"ownbusiness","Auto-entrepreneur (boutique, commerçant, chauffeur)",NA,NA,"Y","jan feb mar apr may jun jul sep aug oct nov dec",1,1,1,1,1,1,1,1,1,0,1,1,1,NA,"Male_adult",0,0,0,1,0,0,0,"uuid:1ab67859-6a5d-4644-9285-1fbb8beecb57","uuid:1ab67859-6a5d-4644-9285-1fbb8beecb57/survey_grp/offfarm_income_grp/SECTION_Off_Farm_Income/offfarm_income_repeat[1]"
1,"ownbusiness","Auto-entrepreneur (boutique, commerçant, chauffeur)",NA,NA,"Y","jan feb mar apr may jun jul aug sep oct nov dec",1,1,1,1,1,1,1,1,1,0,1,1,1,NA,"Male_adult",0,0,0,1,0,0,0,"uuid:295603b1-8b5f-4cf3-93b6-ca5025a2bb6d","uuid:295603b1-8b5f-4cf3-93b6-ca5025a2bb6d/survey_grp/offfarm_income_grp/SECTION_Off_Farm_Income/offfarm_income_repeat[1]"
1,"localbusiness","Travaille dans une entreprise locale",NA,NA,"Y","jan feb mar apr may jun jul aug sep oct nov dec",1,1,1,1,1,1,1,1,1,0,1,1,1,NA,"Male_Youth",0,0,0,0,0,1,0,"uuid:f6c97f94-14a4-4f67-b57f-a59549437542","uuid:f6c97f94-14a4-4f67-b57f-a59549437542/survey_grp/offfarm_income_grp/SECTION_Off_Farm_Income/offfarm_income_repeat[1]"
1,"otherfarms","Travaille dans d'autres exploitations",NA,NA,"Y","jul aug sep jan feb mar apr may jun oct nov dec",1,1,1,1,1,1,1,1,1,0,1,1,1,NA,"Male_adult",0,0,0,1,0,0,0,"uuid:83909832-e601-4ca7-b2ff-cb1c92be2e50","uuid:83909832-e601-4ca7-b2ff-cb1c92be2e50/survey_grp/offfarm_income_grp/SECTION_Off_Farm_Income/offfarm_income_repeat[1]"
1,"ownbusiness","Auto-entrepreneur (boutique, commerçant, chauffeur)",NA,NA,"Y","jan feb mar apr may jun jul aug sep oct nov dec",1,1,1,1,1,1,1,1,1,0,1,1,1,NA,"Female_Youth",0,0,1,0,0,0,0,"uuid:34fca4e7-362d-46ea-a98e-a0e7ecec071f","uuid:34fca4e7-362d-46ea-a98e-a0e7ecec071f/survey_grp/offfarm_income_grp/SECTION_Off_Farm_Income/offfarm_income_repeat[1]"
1,"other","Autre",NA,NA,"Y","jan feb mar apr may jun jul dec nov",1,0,1,1,1,1,1,1,1,0,1,0,0,NA,"Male_adult",0,0,0,1,0,0,0,"uuid:d21f17af-ceae-4619-8af2-66c8c45b6e82","uuid:d21f17af-ceae-4619-8af2-66c8c45b6e82/survey_grp/offfarm_income_grp/SECTION_Off_Farm_Income/offfarm_income_repeat[1]"
1,"ownbusiness","Auto-entrepreneur (boutique, commerçant, chauffeur)",NA,NA,"Y","jan feb mar apr may jul jun aug sep oct nov dec",1,1,1,1,1,1,1,1,1,0,1,1,1,NA,"Male_adult",0,0,0,1,0,0,0,"uuid:9b768d6d-01b5-4d1a-b4be-97a53de3d50a","uuid:9b768d6d-01b5-4d1a-b4be-97a53de3d50a/survey_grp/offfarm_income_grp/SECTION_Off_Farm_Income/offfarm_income_repeat[1]"
1,"other","Autre",NA,NA,"Y","jan feb mar jun apr may jul aug sep oct nov dec",1,1,1,1,1,1,1,1,1,0,1,1,1,NA,"Male_adult",0,0,0,1,0,0,0,"uuid:74c776bb-af5a-42d1-8c44-47d1a86b3fc5","uuid:74c776bb-af5a-42d1-8c44-47d1a86b3fc5/survey_grp/offfarm_income_grp/SECTION_Off_Farm_Income/offfarm_income_repeat[1]"
1,"other","Autre",NA,NA,"Y","jan feb mar apr may jun jul aug sep oct nov dec",1,1,1,1,1,1,1,1,1,0,1,1,1,NA,"Male_adult",0,0,0,1,0,0,0,"uuid:03f0d2b3-79aa-4a24-ac73-0676446babd0","uuid:03f0d2b3-79aa-4a24-ac73-0676446babd0/survey_grp/offfarm_income_grp/SECTION_Off_Farm_Income/offfarm_income_repeat[1]"
1,"other","Autre",NA,NA,"N","jan feb mar apr jun may jul dec",1,0,1,1,1,1,1,1,1,0,0,0,0,NA,"Male_adult",0,0,0,1,0,0,0,"uuid:3cfa5a83-2b12-4080-93fc-d8c84078e2ce","uuid:3cfa5a83-2b12-4080-93fc-d8c84078e2ce/survey_grp/offfarm_income_grp/SECTION_Off_Farm_Income/offfarm_income_repeat[1]"
1,"localbusiness","Travaille dans une entreprise locale",NA,NA,"Y","jan feb mar apr may jun jul aug sep oct nov dec",1,1,1,1,1,1,1,1,1,0,1,1,1,NA,"Male_adult",0,0,0,1,0,0,0,"uuid:8b0aaf47-f949-423c-b11e-d8adbcce8059","uuid:8b0aaf47-f949-423c-b11e-d8adbcce8059/survey_grp/offfarm_income_grp/SECTION_Off_Farm_Income/offfarm_income_repeat[1]"
1,"remittances","Versements (envoi d'argent)",NA,NA,"Y","nov dec oct sep aug jul jun apr may mar feb jan",1,1,1,1,1,1,1,1,1,0,1,1,1,NA,"Male_adult Female_adult",1,0,0,1,0,0,0,"uuid:bce343b3-4c0f-41bf-b828-790489f46411","uuid:bce343b3-4c0f-41bf-b828-790489f46411/survey_grp/offfarm_income_grp/SECTION_Off_Farm_Income/offfarm_income_repeat[1]"
2,"ownbusiness","Auto-entrepreneur (boutique, commerçant, chauffeur)",NA,NA,"N","dec nov oct sep jan may feb mar",0,0,1,1,1,0,0,1,1,0,1,1,1,NA,"Male_adult Female_adult",1,0,0,1,0,0,0,"uuid:bce343b3-4c0f-41bf-b828-790489f46411","uuid:bce343b3-4c0f-41bf-b828-790489f46411/survey_grp/offfarm_income_grp/SECTION_Off_Farm_Income/offfarm_income_repeat[2]"
1,"localbusiness","Travaille dans une entreprise locale",NA,NA,"Y","jan feb mar apr may jun jul aug sep oct nov dec",1,1,1,1,1,1,1,1,1,0,1,1,1,NA,"Male_adult Female_Youth",0,0,1,1,0,0,0,"uuid:465a8fa3-f3d2-4b37-8f7b-b4fdf2ec9612","uuid:465a8fa3-f3d2-4b37-8f7b-b4fdf2ec9612/survey_grp/offfarm_income_grp/SECTION_Off_Farm_Income/offfarm_income_repeat[1]"
2,"ownbusiness","Auto-entrepreneur (boutique, commerçant, chauffeur)",NA,NA,"Y","dec nov sep jun may feb jan",0,0,1,1,1,0,1,0,1,0,1,0,1,NA,"Male_adult Female_Youth Female_Child",0,1,1,1,0,0,0,"uuid:465a8fa3-f3d2-4b37-8f7b-b4fdf2ec9612","uuid:465a8fa3-f3d2-4b37-8f7b-b4fdf2ec9612/survey_grp/offfarm_income_grp/SECTION_Off_Farm_Income/offfarm_income_repeat[2]"
1,"otherlabour","Travaille, pas dans une exploitation",NA,NA,"Y","jan feb mar apr jun may jul aug sep oct nov dec",1,1,1,1,1,1,1,1,1,0,1,1,1,NA,"Male_Youth",0,0,0,0,0,1,0,"uuid:49d1e1ec-247e-4125-a844-0e376cacf0f9","uuid:49d1e1ec-247e-4125-a844-0e376cacf0f9/survey_grp/offfarm_income_grp/SECTION_Off_Farm_Income/offfarm_income_repeat[1]"
1,"otherlabour","Travaille, pas dans une exploitation",NA,NA,"N","jan feb mar apr nov oct dec",1,0,1,1,1,0,0,1,0,0,1,1,0,NA,"Male_adult",0,0,0,1,0,0,0,"uuid:b41780b0-a8e3-4d2e-9c4b-7994a2b3c9ae","uuid:b41780b0-a8e3-4d2e-9c4b-7994a2b3c9ae/survey_grp/offfarm_income_grp/SECTION_Off_Farm_Income/offfarm_income_repeat[1]"
1,"otherlabour","Travaille, pas dans une exploitation",NA,NA,"Y","jan feb may mar apr jun jul aug sep oct nov dec",1,1,1,1,1,1,1,1,1,0,1,1,1,NA,"Male_adult",0,0,0,1,0,0,0,"uuid:5bf8ac9c-4c4c-453a-b046-e856850e954f","uuid:5bf8ac9c-4c4c-453a-b046-e856850e954f/survey_grp/offfarm_income_grp/SECTION_Off_Farm_Income/offfarm_income_repeat[1]"
1,"ownbusiness","Auto-entrepreneur (boutique, commerçant, chauffeur)",NA,NA,"Y","jan feb mar apr may jun jul aug sep oct nov dec",1,1,1,1,1,1,1,1,1,0,1,1,1,NA,"Male_Youth",0,0,0,0,0,1,0,"uuid:f12e734d-8fa1-4c48-ae41-a07b3c79fc57","uuid:f12e734d-8fa1-4c48-ae41-a07b3c79fc57/survey_grp/offfarm_income_grp/SECTION_Off_Farm_Income/offfarm_income_repeat[1]"
1,"ownbusiness","Auto-entrepreneur (boutique, commerçant, chauffeur)",NA,NA,"Y","jan feb mar apr may jun jul aug sep oct nov dec",1,1,1,1,1,1,1,1,1,0,1,1,1,NA,"Male_Youth",0,0,0,0,0,1,0,"uuid:528b94cc-f4a6-4f12-8479-0eada347d3a2","uuid:528b94cc-f4a6-4f12-8479-0eada347d3a2/survey_grp/offfarm_income_grp/SECTION_Off_Farm_Income/offfarm_income_repeat[1]"
1,"ownbusiness","Auto-entrepreneur (boutique, commerçant, chauffeur)",NA,NA,"Y","jan feb mar apr may jun jul aug sep oct nov dec",1,1,1,1,1,1,1,1,1,0,1,1,1,NA,"Male_adult",0,0,0,1,0,0,0,"uuid:c4c2dd6d-e011-46ef-af4e-345b02984816","uuid:c4c2dd6d-e011-46ef-af4e-345b02984816/survey_grp/offfarm_income_grp/SECTION_Off_Farm_Income/offfarm_income_repeat[1]"
1,"ownbusiness","Auto-entrepreneur (boutique, commerçant, chauffeur)",NA,NA,"Y","jan feb mar apr may jun jul aug sep oct nov dec",1,1,1,1,1,1,1,1,1,0,1,1,1,NA,"Male_Youth",0,0,0,0,0,1,0,"uuid:b43eb474-ae69-404b-a302-1b56989fc9c0","uuid:b43eb474-ae69-404b-a302-1b56989fc9c0/survey_grp/offfarm_income_grp/SECTION_Off_Farm_Income/offfarm_income_repeat[1]"
1,"otherfarms","Travaille dans d'autres exploitations",NA,NA,"Y","jan feb mar apr may jun jul aug sep oct nov dec",1,1,1,1,1,1,1,1,1,0,1,1,1,NA,"Male_adult",0,0,0,1,0,0,0,"uuid:5648c7d1-a3d2-468e-8069-8298b25b76c0","uuid:5648c7d1-a3d2-468e-8069-8298b25b76c0/survey_grp/offfarm_income_grp/SECTION_Off_Farm_Income/offfarm_income_repeat[1]"
1,"gov_institution","Travaille pour le gouvernement ou une institution publique",NA,NA,"Y","jan mar feb apr may jun jul aug sep oct nov dec",1,1,1,1,1,1,1,1,1,0,1,1,1,NA,"Female_adult",1,0,0,0,0,0,0,"uuid:4ef95818-1e87-424a-9b7c-80e5ff6f1337","uuid:4ef95818-1e87-424a-9b7c-80e5ff6f1337/survey_grp/offfarm_income_grp/SECTION_Off_Farm_Income/offfarm_income_repeat[1]"
1,"other","Autre",NA,NA,"N","jan feb mar apr may jun jul dec",1,0,1,1,1,1,1,1,1,0,0,0,0,NA,"Male_adult",0,0,0,1,0,0,0,"uuid:6c4260cc-0888-4da5-b352-8ac236384cd5","uuid:6c4260cc-0888-4da5-b352-8ac236384cd5/survey_grp/offfarm_income_grp/SECTION_Off_Farm_Income/offfarm_income_repeat[1]"
1,"ownbusiness","Auto-entrepreneur (boutique, commerçant, chauffeur)",NA,NA,"N","jan feb mar apr may jun oct nov dec",1,0,1,1,1,0,1,1,1,0,1,1,0,NA,"Male_adult",0,0,0,1,0,0,0,"uuid:a4a21609-07d9-487e-b6be-615c34101536","uuid:a4a21609-07d9-487e-b6be-615c34101536/survey_grp/offfarm_income_grp/SECTION_Off_Farm_Income/offfarm_income_repeat[1]"
1,"otherlabour","Travaille, pas dans une exploitation",NA,NA,"Y","jan feb mar apr oct nov dec sep",1,0,1,1,1,0,0,1,0,0,1,1,1,NA,"Male_adult",0,0,0,1,0,0,0,"uuid:6357e9ae-d930-4462-8d1b-42f33f131014","uuid:6357e9ae-d930-4462-8d1b-42f33f131014/survey_grp/offfarm_income_grp/SECTION_Off_Farm_Income/offfarm_income_repeat[1]"
1,"otherlabour","Travaille, pas dans une exploitation",NA,NA,"N","jan feb mar apr may oct nov dec",1,0,1,1,1,0,0,1,1,0,1,1,0,NA,"Male_Youth",0,0,0,0,0,1,0,"uuid:4089a024-80b9-4a06-84d8-5dd84e5fd917","uuid:4089a024-80b9-4a06-84d8-5dd84e5fd917/survey_grp/offfarm_income_grp/SECTION_Off_Farm_Income/offfarm_income_repeat[1]"
1,"ownbusiness","Auto-entrepreneur (boutique, commerçant, chauffeur)",NA,NA,"Y","jan feb mar apr may jun nov oct dec",1,0,1,1,1,0,1,1,1,0,1,1,0,NA,"no_answer",0,0,0,0,0,0,1,"uuid:40810bbe-a3e0-428e-9251-41d3225fed47","uuid:40810bbe-a3e0-428e-9251-41d3225fed47/survey_grp/offfarm_income_grp/SECTION_Off_Farm_Income/offfarm_income_repeat[1]"
1,"ownbusiness","Auto-entrepreneur (boutique, commerçant, chauffeur)",NA,NA,"Y","jan feb mar apr may jun jul nov dec",1,0,1,1,1,1,1,1,1,0,1,0,0,NA,"Male_adult",0,0,0,1,0,0,0,"uuid:6e0c083f-9bf2-4a2e-8416-ddfd4d92e7ec","uuid:6e0c083f-9bf2-4a2e-8416-ddfd4d92e7ec/survey_grp/offfarm_income_grp/SECTION_Off_Farm_Income/offfarm_income_repeat[1]"
1,"ownbusiness","Auto-entrepreneur (boutique, commerçant, chauffeur)",NA,NA,"Y","jan feb mar apr may jun nov dec oct",1,0,1,1,1,0,1,1,1,0,1,1,0,NA,"Male_adult Female_adult",1,0,0,1,0,0,0,"uuid:38f935e9-bd81-4e06-959e-f0e030c3ed3a","uuid:38f935e9-bd81-4e06-959e-f0e030c3ed3a/survey_grp/offfarm_income_grp/SECTION_Off_Farm_Income/offfarm_income_repeat[1]"
1,"ownbusiness","Auto-entrepreneur (boutique, commerçant, chauffeur)",NA,NA,"N","feb nov apr jun",1,0,0,1,0,0,1,0,0,0,1,0,0,NA,"Male_adult",0,0,0,1,0,0,0,"uuid:3d7bc151-1a21-441c-9fda-7c658243f389","uuid:3d7bc151-1a21-441c-9fda-7c658243f389/survey_grp/offfarm_income_grp/SECTION_Off_Farm_Income/offfarm_income_repeat[1]"
1,"other","Autre",NA,NA,"Y","jan feb mar apr may jul jun aug sep oct nov dec",1,1,1,1,1,1,1,1,1,0,1,1,1,NA,"Female_Youth",0,0,1,0,0,0,0,"uuid:7c578d57-a341-443c-b42a-f900df8dd806","uuid:7c578d57-a341-443c-b42a-f900df8dd806/survey_grp/offfarm_income_grp/SECTION_Off_Farm_Income/offfarm_income_repeat[1]"
1,"otherlabour","Travaille, pas dans une exploitation",NA,NA,"N","feb jan mar apr may jun oct nov dec",1,0,1,1,1,0,1,1,1,0,1,1,0,NA,"Male_adult",0,0,0,1,0,0,0,"uuid:72206dfd-365a-46fd-83ad-50d21d09dcc4","uuid:72206dfd-365a-46fd-83ad-50d21d09dcc4/survey_grp/offfarm_income_grp/SECTION_Off_Farm_Income/offfarm_income_repeat[1]"
1,"otherlabour","Travaille, pas dans une exploitation",NA,NA,"N","jun may jan feb mar apr jul aug sep oct nov dec",1,1,1,1,1,1,1,1,1,0,1,1,1,NA,"Male_adult",0,0,0,1,0,0,0,"uuid:b1e2661d-efc0-4fc4-862b-d864d5414872","uuid:b1e2661d-efc0-4fc4-862b-d864d5414872/survey_grp/offfarm_income_grp/SECTION_Off_Farm_Income/offfarm_income_repeat[1]"
2,"ownbusiness","Auto-entrepreneur (boutique, commerçant, chauffeur)",NA,NA,"Y","jan feb mar may apr jun aug jul sep oct nov dec",1,1,1,1,1,1,1,1,1,0,1,1,1,NA,"Female_adult",1,0,0,0,0,0,0,"uuid:b1e2661d-efc0-4fc4-862b-d864d5414872","uuid:b1e2661d-efc0-4fc4-862b-d864d5414872/survey_grp/offfarm_income_grp/SECTION_Off_Farm_Income/offfarm_income_repeat[2]"
1,"otherlabour","Travaille, pas dans une exploitation",NA,NA,"Y","jan feb mar apr may jun jul aug sep oct nov dec",1,1,1,1,1,1,1,1,1,0,1,1,1,NA,"Male_adult",0,0,0,1,0,0,0,"uuid:7195dbec-a86d-4d16-bc70-9478d5fe5868","uuid:7195dbec-a86d-4d16-bc70-9478d5fe5868/survey_grp/offfarm_income_grp/SECTION_Off_Farm_Income/offfarm_income_repeat[1]"
1,"ownbusiness","Auto-entrepreneur (boutique, commerçant, chauffeur)",NA,NA,"N","mar feb jan apr may",1,0,0,1,1,0,0,1,1,0,0,0,0,NA,"Male_adult",0,0,0,1,0,0,0,"uuid:cb55b244-93f7-4cfd-b390-85ed4e6e72d6","uuid:cb55b244-93f7-4cfd-b390-85ed4e6e72d6/survey_grp/offfarm_income_grp/SECTION_Off_Farm_Income/offfarm_income_repeat[1]"
1,"otherlabour","Travaille, pas dans une exploitation",NA,NA,"N","jul jun may apr",1,0,0,0,0,1,1,0,1,0,0,0,0,NA,"Male_adult",0,0,0,1,0,0,0,"uuid:245dc15f-d35a-4858-9ac2-350e7383ba20","uuid:245dc15f-d35a-4858-9ac2-350e7383ba20/survey_grp/offfarm_income_grp/SECTION_Off_Farm_Income/offfarm_income_repeat[1]"
1,"localbusiness","Travaille dans une entreprise locale",NA,NA,"Y","jan feb mar apr may jun jul aug sep oct nov dec",1,1,1,1,1,1,1,1,1,0,1,1,1,NA,"Male_adult Female_adult",1,0,0,1,0,0,0,"uuid:4a6679e9-b92e-4d1a-87bf-33bacb7ff4a0","uuid:4a6679e9-b92e-4d1a-87bf-33bacb7ff4a0/survey_grp/offfarm_income_grp/SECTION_Off_Farm_Income/offfarm_income_repeat[1]"
1,"otherlabour","Travaille, pas dans une exploitation",NA,NA,"Y","jan feb mar apr may jun jul aug sep oct nov dec",1,1,1,1,1,1,1,1,1,0,1,1,1,NA,"Male_adult",0,0,0,1,0,0,0,"uuid:4809354e-f9cc-4e5a-94b9-91321181e3d0","uuid:4809354e-f9cc-4e5a-94b9-91321181e3d0/survey_grp/offfarm_income_grp/SECTION_Off_Farm_Income/offfarm_income_repeat[1]"
1,"remittances","Versements (envoi d'argent)",NA,NA,"Y","jan feb mar apr may jun jul aug oct nov sep dec",1,1,1,1,1,1,1,1,1,0,1,1,1,NA,"Female_adult Female_Youth Male_adult",1,0,1,1,0,0,0,"uuid:46c8b22f-78fb-44ba-af0c-bd6a67dfcfd1","uuid:46c8b22f-78fb-44ba-af0c-bd6a67dfcfd1/survey_grp/offfarm_income_grp/SECTION_Off_Farm_Income/offfarm_income_repeat[1]"
1,"gov_institution","Travaille pour le gouvernement ou une institution publique",NA,NA,"Y","dec nov oct sep aug jul jun may apr mar feb jan",1,1,1,1,1,1,1,1,1,0,1,1,1,NA,"Male_adult",0,0,0,1,0,0,0,"uuid:df137828-628c-4e2f-8b3c-f06d26a4a891","uuid:df137828-628c-4e2f-8b3c-f06d26a4a891/survey_grp/offfarm_income_grp/SECTION_Off_Farm_Income/offfarm_income_repeat[1]"
1,"ownbusiness","Auto-entrepreneur (boutique, commerçant, chauffeur)",NA,NA,"N","dec oct apr jul jun",1,0,1,0,0,1,1,0,0,0,0,1,0,NA,"Female_adult",1,0,0,0,0,0,0,"uuid:0d872834-7868-438a-87ab-99f433f32181","uuid:0d872834-7868-438a-87ab-99f433f32181/survey_grp/offfarm_income_grp/SECTION_Off_Farm_Income/offfarm_income_repeat[1]"
1,"ownbusiness","Auto-entrepreneur (boutique, commerçant, chauffeur)",NA,NA,"Y","dec oct sep feb apr jun",1,0,1,1,0,0,1,0,0,0,0,1,1,NA,"Male_adult Female_adult",1,0,0,1,0,0,0,"uuid:8780af7e-220b-4b5b-9ef5-276362f5960b","uuid:8780af7e-220b-4b5b-9ef5-276362f5960b/survey_grp/offfarm_income_grp/SECTION_Off_Farm_Income/offfarm_income_repeat[1]"
1,"gov_institution","Travaille pour le gouvernement ou une institution publique",NA,NA,"Y","jan feb mar apr may jun jul aug nov sep oct dec",1,1,1,1,1,1,1,1,1,0,1,1,1,NA,"Male_adult",0,0,0,1,0,0,0,"uuid:2abc0d92-6850-40ed-b330-290c81057b98","uuid:2abc0d92-6850-40ed-b330-290c81057b98/survey_grp/offfarm_income_grp/SECTION_Off_Farm_Income/offfarm_income_repeat[1]"
1,"other","Autre",NA,NA,"Y","dec nov oct aug jul sep may jun apr mar feb jan",1,1,1,1,1,1,1,1,1,0,1,1,1,NA,"Male_adult",0,0,0,1,0,0,0,"uuid:f889653f-1312-4d5c-bb7c-c602cce25e95","uuid:f889653f-1312-4d5c-bb7c-c602cce25e95/survey_grp/offfarm_income_grp/SECTION_Off_Farm_Income/offfarm_income_repeat[1]"
1,"ownbusiness","Auto-entrepreneur (boutique, commerçant, chauffeur)",NA,NA,"Y","jan feb mar apr may jun jul aug sep oct nov dec",1,1,1,1,1,1,1,1,1,0,1,1,1,NA,"no_answer",0,0,0,0,0,0,1,"uuid:aa399a74-b8b0-4ff3-9f73-5ffbb5cbc6bd","uuid:aa399a74-b8b0-4ff3-9f73-5ffbb5cbc6bd/survey_grp/offfarm_income_grp/SECTION_Off_Farm_Income/offfarm_income_repeat[1]"
1,"other","Autre",NA,NA,"N","jul jun may apr mar feb jan dec",1,0,1,1,1,1,1,1,1,0,0,0,0,NA,"Male_Youth",0,0,0,0,0,1,0,"uuid:f261283a-c632-4f37-b8a2-9c3984549b77","uuid:f261283a-c632-4f37-b8a2-9c3984549b77/survey_grp/offfarm_income_grp/SECTION_Off_Farm_Income/offfarm_income_repeat[1]"
1,"gov_institution","Travaille pour le gouvernement ou une institution publique",NA,NA,"Y","jan feb mar apr may jun jul aug sep oct nov dec",1,1,1,1,1,1,1,1,1,0,1,1,1,NA,"Male_Youth",0,0,0,0,0,1,0,"uuid:b38cc01a-c3a3-4f6d-ac35-54fd2bfba033","uuid:b38cc01a-c3a3-4f6d-ac35-54fd2bfba033/survey_grp/offfarm_income_grp/SECTION_Off_Farm_Income/offfarm_income_repeat[1]"
1,"other","Autre",NA,NA,"Y","jan feb mar apr may jun jul aug sep oct nov dec",1,1,1,1,1,1,1,1,1,0,1,1,1,NA,"Female_adult",1,0,0,0,0,0,0,"uuid:5c015694-e876-4131-9c9d-4dde061ea6ee","uuid:5c015694-e876-4131-9c9d-4dde061ea6ee/survey_grp/offfarm_income_grp/SECTION_Off_Farm_Income/offfarm_income_repeat[1]"
1,"ownbusiness","Auto-entrepreneur (boutique, commerçant, chauffeur)",NA,NA,"Y","jan feb mar apr may jun jul aug sep dec nov oct",1,1,1,1,1,1,1,1,1,0,1,1,1,NA,"Male_Youth",0,0,0,0,0,1,0,"uuid:82ae8db9-86a7-40f4-aa6b-6c228929dd4b","uuid:82ae8db9-86a7-40f4-aa6b-6c228929dd4b/survey_grp/offfarm_income_grp/SECTION_Off_Farm_Income/offfarm_income_repeat[1]"
1,"other","Autre",NA,NA,"N","jan feb mar nov dec",0,0,1,1,1,0,0,1,0,0,1,0,0,NA,"Male_adult",0,0,0,1,0,0,0,"uuid:89e04ba3-f93d-4ad3-9c1f-aa735acb2c67","uuid:89e04ba3-f93d-4ad3-9c1f-aa735acb2c67/survey_grp/offfarm_income_grp/SECTION_Off_Farm_Income/offfarm_income_repeat[1]"
1,"other","Autre",NA,NA,"Y","jan feb mar apr may jun nov dec",1,0,1,1,1,0,1,1,1,0,1,0,0,NA,"Male_Youth",0,0,0,0,0,1,0,"uuid:c8457af5-b785-4bbf-97d7-309c97c6ad33","uuid:c8457af5-b785-4bbf-97d7-309c97c6ad33/survey_grp/offfarm_income_grp/SECTION_Off_Farm_Income/offfarm_income_repeat[1]"
1,"gov_institution","Travaille pour le gouvernement ou une institution publique",NA,NA,"Y","jan feb mar apr may jun jul aug sep oct nov dec",1,1,1,1,1,1,1,1,1,0,1,1,1,NA,"Male_adult",0,0,0,1,0,0,0,"uuid:ef840d37-34e9-4c01-9de3-460f9f179ba9","uuid:ef840d37-34e9-4c01-9de3-460f9f179ba9/survey_grp/offfarm_income_grp/SECTION_Off_Farm_Income/offfarm_income_repeat[1]"
1,"other","Autre",NA,NA,"Y","feb jan mar apr may jun jul aug sep oct nov dec",1,1,1,1,1,1,1,1,1,0,1,1,1,NA,"Female_adult",1,0,0,0,0,0,0,"uuid:034a7c9e-0ddc-4304-aca8-c40c026a8d34","uuid:034a7c9e-0ddc-4304-aca8-c40c026a8d34/survey_grp/offfarm_income_grp/SECTION_Off_Farm_Income/offfarm_income_repeat[1]"
1,"ownbusiness","Auto-entrepreneur (boutique, commerçant, chauffeur)",NA,NA,"Y","jan feb mar apr may jun jul aug sep oct nov dec",1,1,1,1,1,1,1,1,1,0,1,1,1,NA,"Male_adult",0,0,0,1,0,0,0,"uuid:452af23e-177a-4bf5-8896-f4bcb57ad707","uuid:452af23e-177a-4bf5-8896-f4bcb57ad707/survey_grp/offfarm_income_grp/SECTION_Off_Farm_Income/offfarm_income_repeat[1]"
1,"other","Autre",NA,NA,"Y","jan feb mar apr may jun jul aug sep oct nov dec",1,1,1,1,1,1,1,1,1,0,1,1,1,NA,"Female_adult",1,0,0,0,0,0,0,"uuid:58a82746-7a3e-460e-bde4-38c3e31f8c47","uuid:58a82746-7a3e-460e-bde4-38c3e31f8c47/survey_grp/offfarm_income_grp/SECTION_Off_Farm_Income/offfarm_income_repeat[1]"
1,"localbusiness","Travaille dans une entreprise locale",NA,NA,"Y","jan feb mar apr may jun jul aug sep oct nov dec",1,1,1,1,1,1,1,1,1,0,1,1,1,NA,"Male_adult",0,0,0,1,0,0,0,"uuid:4534e316-3887-4456-92e7-8f42f3b4b99c","uuid:4534e316-3887-4456-92e7-8f42f3b4b99c/survey_grp/offfarm_income_grp/SECTION_Off_Farm_Income/offfarm_income_repeat[1]"
2,"other","Autre",NA,NA,"Y","jan feb mar apr may jun jul aug sep oct nov dec",1,1,1,1,1,1,1,1,1,0,1,1,1,NA,"Female_adult",1,0,0,0,0,0,0,"uuid:4534e316-3887-4456-92e7-8f42f3b4b99c","uuid:4534e316-3887-4456-92e7-8f42f3b4b99c/survey_grp/offfarm_income_grp/SECTION_Off_Farm_Income/offfarm_income_repeat[2]"
1,"other","Autre",NA,NA,"Y","jan feb apr mar may jun jul aug sep oct nov dec",1,1,1,1,1,1,1,1,1,0,1,1,1,NA,"Male_adult",0,0,0,1,0,0,0,"uuid:9545905f-691c-46e5-b467-3b7eb5e86390","uuid:9545905f-691c-46e5-b467-3b7eb5e86390/survey_grp/offfarm_income_grp/SECTION_Off_Farm_Income/offfarm_income_repeat[1]"
1,"ownbusiness","Auto-entrepreneur (boutique, commerçant, chauffeur)",NA,NA,"Y","dec nov oct sep aug jun may apr mar feb jan jul",1,1,1,1,1,1,1,1,1,0,1,1,1,NA,"Male_Youth",0,0,0,0,0,1,0,"uuid:77579a03-bf07-47ca-b1f3-76f7235136fd","uuid:77579a03-bf07-47ca-b1f3-76f7235136fd/survey_grp/offfarm_income_grp/SECTION_Off_Farm_Income/offfarm_income_repeat[1]"
1,"ownbusiness","Auto-entrepreneur (boutique, commerçant, chauffeur)",NA,NA,"Y","jan feb mar apr may jun dec oct nov sep aug jul",1,1,1,1,1,1,1,1,1,0,1,1,1,NA,"Male_adult",0,0,0,1,0,0,0,"uuid:8e62109b-18ea-48c7-943f-a9f1d1ab9c36","uuid:8e62109b-18ea-48c7-943f-a9f1d1ab9c36/survey_grp/offfarm_income_grp/SECTION_Off_Farm_Income/offfarm_income_repeat[1]"
1,"ownbusiness","Auto-entrepreneur (boutique, commerçant, chauffeur)",NA,NA,"Y","jan feb mar apr may jun jul aug sep oct nov dec",1,1,1,1,1,1,1,1,1,0,1,1,1,NA,"Male_adult",0,0,0,1,0,0,0,"uuid:67fad01e-dc9c-4ce9-aa44-a40fa6af3df0","uuid:67fad01e-dc9c-4ce9-aa44-a40fa6af3df0/survey_grp/offfarm_income_grp/SECTION_Off_Farm_Income/offfarm_income_repeat[1]"
1,"otherfarms","Travaille dans d'autres exploitations",NA,NA,"Y","jan feb mar apr may jun jul aug sep oct nov dec",1,1,1,1,1,1,1,1,1,0,1,1,1,NA,"Male_adult",0,0,0,1,0,0,0,"uuid:52ba1c2d-dccf-45ae-9653-3be1075f9b09","uuid:52ba1c2d-dccf-45ae-9653-3be1075f9b09/survey_grp/offfarm_income_grp/SECTION_Off_Farm_Income/offfarm_income_repeat[1]"
1,"otherfarms","Travaille dans d'autres exploitations",NA,NA,"Y","jan feb mar apr may jun jul aug sep oct nov dec",1,1,1,1,1,1,1,1,1,0,1,1,1,NA,"Male_adult",0,0,0,1,0,0,0,"uuid:3b9ea81a-91d4-4c80-988c-63162c3ac129","uuid:3b9ea81a-91d4-4c80-988c-63162c3ac129/survey_grp/offfarm_income_grp/SECTION_Off_Farm_Income/offfarm_income_repeat[1]"
1,"ownbusiness","Auto-entrepreneur (boutique, commerçant, chauffeur)",NA,NA,"Y","jan feb mar apr jun may jul sep aug oct nov dec",1,1,1,1,1,1,1,1,1,0,1,1,1,NA,"Male_adult",0,0,0,1,0,0,0,"uuid:ab7c3775-a55c-4707-9a4c-acd24ccdd644","uuid:ab7c3775-a55c-4707-9a4c-acd24ccdd644/survey_grp/offfarm_income_grp/SECTION_Off_Farm_Income/offfarm_income_repeat[1]"
1,"otherlabour","Travaille, pas dans une exploitation",NA,NA,"N","jan feb mar apr may oct nov dec",1,0,1,1,1,0,0,1,1,0,1,1,0,NA,"Female_adult",1,0,0,0,0,0,0,"uuid:da72e23f-e176-4d52-b34b-99af4bead26a","uuid:da72e23f-e176-4d52-b34b-99af4bead26a/survey_grp/offfarm_income_grp/SECTION_Off_Farm_Income/offfarm_income_repeat[1]"
1,"ownbusiness","Auto-entrepreneur (boutique, commerçant, chauffeur)",NA,NA,"Y","jan feb mar apr may jun jul aug sep oct dec nov",1,1,1,1,1,1,1,1,1,0,1,1,1,NA,"Male_adult Female_adult",1,0,0,1,0,0,0,"uuid:3e421d93-3f2a-4b2e-9a88-74f30633cceb","uuid:3e421d93-3f2a-4b2e-9a88-74f30633cceb/survey_grp/offfarm_income_grp/SECTION_Off_Farm_Income/offfarm_income_repeat[1]"
2,"localbusiness","Travaille dans une entreprise locale",NA,NA,"Y","jan feb mar apr may jun jul aug sep oct nov dec",1,1,1,1,1,1,1,1,1,0,1,1,1,NA,"Male_adult Female_adult",1,0,0,1,0,0,0,"uuid:3e421d93-3f2a-4b2e-9a88-74f30633cceb","uuid:3e421d93-3f2a-4b2e-9a88-74f30633cceb/survey_grp/offfarm_income_grp/SECTION_Off_Farm_Income/offfarm_income_repeat[2]"
1,"ownbusiness","Auto-entrepreneur (boutique, commerçant, chauffeur)",NA,NA,"Y","jan feb mar apr may jun jul aug sep oct nov dec",1,1,1,1,1,1,1,1,1,0,1,1,1,NA,"Male_adult",0,0,0,1,0,0,0,"uuid:4ad3e248-8a4e-4aea-9887-1a29d9f77dc8","uuid:4ad3e248-8a4e-4aea-9887-1a29d9f77dc8/survey_grp/offfarm_income_grp/SECTION_Off_Farm_Income/offfarm_income_repeat[1]"
1,"localbusiness","Travaille dans une entreprise locale",NA,NA,"Y","jan feb mar may apr jun jul aug sep oct nov dec",1,1,1,1,1,1,1,1,1,0,1,1,1,NA,"Female_adult",1,0,0,0,0,0,0,"uuid:ca48a0f6-6d80-4bdb-b7ca-e0699145288b","uuid:ca48a0f6-6d80-4bdb-b7ca-e0699145288b/survey_grp/offfarm_income_grp/SECTION_Off_Farm_Income/offfarm_income_repeat[1]"
1,"localbusiness","Travaille dans une entreprise locale",NA,NA,"Y","jan mar feb may apr dec nov",1,0,1,1,1,0,0,1,1,0,1,0,0,NA,"Male_adult",0,0,0,1,0,0,0,"uuid:9018d07b-fe60-46de-8b92-93d16646e6be","uuid:9018d07b-fe60-46de-8b92-93d16646e6be/survey_grp/offfarm_income_grp/SECTION_Off_Farm_Income/offfarm_income_repeat[1]"
1,"localbusiness","Travaille dans une entreprise locale",NA,NA,"Y","feb jan apr mar may jun jul aug sep oct nov dec",1,1,1,1,1,1,1,1,1,0,1,1,1,NA,"Male_adult",0,0,0,1,0,0,0,"uuid:c8ffbcdd-b643-482d-99d9-10bd561774fe","uuid:c8ffbcdd-b643-482d-99d9-10bd561774fe/survey_grp/offfarm_income_grp/SECTION_Off_Farm_Income/offfarm_income_repeat[1]"
1,"otherfarms","Travaille dans d'autres exploitations",NA,NA,"Y","jan feb mar apr may jun jul aug sep oct nov dec",1,1,1,1,1,1,1,1,1,0,1,1,1,NA,"Female_adult",1,0,0,0,0,0,0,"uuid:e96bc7c0-141e-486e-a08a-3e7cf802db64","uuid:e96bc7c0-141e-486e-a08a-3e7cf802db64/survey_grp/offfarm_income_grp/SECTION_Off_Farm_Income/offfarm_income_repeat[1]"
1,"gov_institution","Travaille pour le gouvernement ou une institution publique",NA,NA,"Y","jan feb mar apr may jun aug jul oct nov sep dec",1,1,1,1,1,1,1,1,1,0,1,1,1,NA,"Female_adult",1,0,0,0,0,0,0,"uuid:d8ccc04c-d920-4ec8-92b9-ccdc8248586f","uuid:d8ccc04c-d920-4ec8-92b9-ccdc8248586f/survey_grp/offfarm_income_grp/SECTION_Off_Farm_Income/offfarm_income_repeat[1]"
1,"ownbusiness","Auto-entrepreneur (boutique, commerçant, chauffeur)",NA,NA,"Y","jan feb mar apr may jun jul aug sep oct dec nov",1,1,1,1,1,1,1,1,1,0,1,1,1,NA,"Male_adult Female_adult",1,0,0,1,0,0,0,"uuid:5a8d972d-c195-42e4-9e64-fbf586d702d6","uuid:5a8d972d-c195-42e4-9e64-fbf586d702d6/survey_grp/offfarm_income_grp/SECTION_Off_Farm_Income/offfarm_income_repeat[1]"
1,"gov_institution","Travaille pour le gouvernement ou une institution publique",NA,NA,"Y","jan feb mar apr may jun jul aug oct sep nov dec",1,1,1,1,1,1,1,1,1,0,1,1,1,NA,"Male_adult",0,0,0,1,0,0,0,"uuid:bf859ccc-0964-4895-9227-0e96f6aa0c3f","uuid:bf859ccc-0964-4895-9227-0e96f6aa0c3f/survey_grp/offfarm_income_grp/SECTION_Off_Farm_Income/offfarm_income_repeat[1]"
1,"localbusiness","Travaille dans une entreprise locale",NA,NA,"Y","jan feb mar apr may jun jul aug sep oct nov dec",1,1,1,1,1,1,1,1,1,0,1,1,1,NA,"Female_adult",1,0,0,0,0,0,0,"uuid:8e3463af-883a-4a33-91f5-e2c9103226db","uuid:8e3463af-883a-4a33-91f5-e2c9103226db/survey_grp/offfarm_income_grp/SECTION_Off_Farm_Income/offfarm_income_repeat[1]"
1,"gov_institution","Travaille pour le gouvernement ou une institution publique",NA,NA,"Y","jan feb mar apr may jun jul aug sep oct nov dec",1,1,1,1,1,1,1,1,1,0,1,1,1,NA,"Male_adult Female_adult",1,0,0,1,0,0,0,"uuid:e4a93e46-a45d-4303-8313-169199fe8312","uuid:e4a93e46-a45d-4303-8313-169199fe8312/survey_grp/offfarm_income_grp/SECTION_Off_Farm_Income/offfarm_income_repeat[1]"
1,"ownbusiness","Auto-entrepreneur (boutique, commerçant, chauffeur)",NA,NA,"Y","jan feb mar jul apr may jun aug sep oct nov dec",1,1,1,1,1,1,1,1,1,0,1,1,1,NA,"Male_adult Female_adult",1,0,0,1,0,0,0,"uuid:0587810d-27d9-4292-a1aa-2d56b5556ed1","uuid:0587810d-27d9-4292-a1aa-2d56b5556ed1/survey_grp/offfarm_income_grp/SECTION_Off_Farm_Income/offfarm_income_repeat[1]"
1,"gov_institution","Travaille pour le gouvernement ou une institution publique",NA,NA,"Y","jan feb mar apr may jun jul aug sep oct nov dec",1,1,1,1,1,1,1,1,1,0,1,1,1,NA,"Male_adult",0,0,0,1,0,0,0,"uuid:69b55128-d0a1-4095-904d-8db4718219fc","uuid:69b55128-d0a1-4095-904d-8db4718219fc/survey_grp/offfarm_income_grp/SECTION_Off_Farm_Income/offfarm_income_repeat[1]"
1,"gov_institution","Travaille pour le gouvernement ou une institution publique",NA,NA,"Y","jan feb mar apr may jun jul aug sep oct nov dec",1,1,1,1,1,1,1,1,1,0,1,1,1,NA,"Male_adult",0,0,0,1,0,0,0,"uuid:d7810ce1-49d6-4a21-adf7-cf5707e21b8a","uuid:d7810ce1-49d6-4a21-adf7-cf5707e21b8a/survey_grp/offfarm_income_grp/SECTION_Off_Farm_Income/offfarm_income_repeat[1]"
1,"gov_institution","Travaille pour le gouvernement ou une institution publique",NA,NA,"Y","jan feb mar apr may jun jul aug sep oct nov dec",1,1,1,1,1,1,1,1,1,0,1,1,1,NA,"Male_adult Female_adult",1,0,0,1,0,0,0,"uuid:eed890dc-43db-4ae1-a279-8ee7ee452d9f","uuid:eed890dc-43db-4ae1-a279-8ee7ee452d9f/survey_grp/offfarm_income_grp/SECTION_Off_Farm_Income/offfarm_income_repeat[1]"
1,"localbusiness","Travaille dans une entreprise locale",NA,NA,"Y","aug jul sep oct jun may dec nov",0,1,1,0,0,1,1,0,1,0,1,1,1,NA,"no_answer",0,0,0,0,0,0,1,"uuid:07302408-a800-4487-900b-3f77ecf5e73f","uuid:07302408-a800-4487-900b-3f77ecf5e73f/survey_grp/offfarm_income_grp/SECTION_Off_Farm_Income/offfarm_income_repeat[1]"
2,"other","Autre",NA,NA,"Y","feb mar may jul apr jun",1,0,0,1,0,1,1,1,1,0,0,0,0,NA,"no_answer",0,0,0,0,0,0,1,"uuid:07302408-a800-4487-900b-3f77ecf5e73f","uuid:07302408-a800-4487-900b-3f77ecf5e73f/survey_grp/offfarm_income_grp/SECTION_Off_Farm_Income/offfarm_income_repeat[2]"
1,"ownbusiness","Auto-entrepreneur (boutique, commerçant, chauffeur)",NA,NA,"Y","mar apr jul",1,0,0,0,0,1,0,1,0,0,0,0,0,NA,"Male_adult",0,0,0,1,0,0,0,"uuid:44ac2392-5e73-4a94-a402-2a99d20adc48","uuid:44ac2392-5e73-4a94-a402-2a99d20adc48/survey_grp/offfarm_income_grp/SECTION_Off_Farm_Income/offfarm_income_repeat[1]"
1,"other","Autre",NA,NA,"Y","jan feb apr mar may jun jul aug sep oct nov dec",1,1,1,1,1,1,1,1,1,0,1,1,1,NA,"Male_adult",0,0,0,1,0,0,0,"uuid:f9435f07-69e6-4d2d-a127-ff68341e43de","uuid:f9435f07-69e6-4d2d-a127-ff68341e43de/survey_grp/offfarm_income_grp/SECTION_Off_Farm_Income/offfarm_income_repeat[1]"
1,"other","Autre",NA,NA,"Y","jan feb mar apr may jun jul aug sep oct nov dec",1,1,1,1,1,1,1,1,1,0,1,1,1,NA,"Male_adult",0,0,0,1,0,0,0,"uuid:cc71a224-20a3-4a15-a449-6db085269e04","uuid:cc71a224-20a3-4a15-a449-6db085269e04/survey_grp/offfarm_income_grp/SECTION_Off_Farm_Income/offfarm_income_repeat[1]"
1,"ownbusiness","Auto-entrepreneur (boutique, commerçant, chauffeur)",NA,NA,"Y","jan mar feb apr may jun oct nov dec",1,0,1,1,1,0,1,1,1,0,1,1,0,NA,"Female_adult",1,0,0,0,0,0,0,"uuid:c8a28f64-b381-4133-b7bb-10c9c45c4fc7","uuid:c8a28f64-b381-4133-b7bb-10c9c45c4fc7/survey_grp/offfarm_income_grp/SECTION_Off_Farm_Income/offfarm_income_repeat[1]"
1,"ownbusiness","Auto-entrepreneur (boutique, commerçant, chauffeur)",NA,NA,"Y","jan feb mar apr may jun oct nov dec",1,0,1,1,1,0,1,1,1,0,1,1,0,NA,"Female_adult",1,0,0,0,0,0,0,"uuid:52edf170-632d-4832-a6bf-f323b570ca94","uuid:52edf170-632d-4832-a6bf-f323b570ca94/survey_grp/offfarm_income_grp/SECTION_Off_Farm_Income/offfarm_income_repeat[1]"
1,"localbusiness","Travaille dans une entreprise locale",NA,NA,"Y","jan feb mar apr may jun jul aug sep nov oct dec",1,1,1,1,1,1,1,1,1,0,1,1,1,NA,"Male_adult",0,0,0,1,0,0,0,"uuid:cd264ab4-db66-4444-ba2c-5bedad70ebc7","uuid:cd264ab4-db66-4444-ba2c-5bedad70ebc7/survey_grp/offfarm_income_grp/SECTION_Off_Farm_Income/offfarm_income_repeat[1]"
1,"ownbusiness","Auto-entrepreneur (boutique, commerçant, chauffeur)",NA,NA,"Y","jan feb mar apr may jun jul aug sep oct nov dec",1,1,1,1,1,1,1,1,1,0,1,1,1,NA,"Male_adult Female_adult",1,0,0,1,0,0,0,"uuid:3cfdb317-6aad-46e3-acc6-9be0fb4afc30","uuid:3cfdb317-6aad-46e3-acc6-9be0fb4afc30/survey_grp/offfarm_income_grp/SECTION_Off_Farm_Income/offfarm_income_repeat[1]"
1,"gov_institution","Travaille pour le gouvernement ou une institution publique",NA,NA,"Y","jan feb mar apr may jun jul aug sep oct nov dec",1,1,1,1,1,1,1,1,1,0,1,1,1,NA,"Female_adult",1,0,0,0,0,0,0,"uuid:7bd69b24-0c7c-490e-9a6b-a259cf19b0b9","uuid:7bd69b24-0c7c-490e-9a6b-a259cf19b0b9/survey_grp/offfarm_income_grp/SECTION_Off_Farm_Income/offfarm_income_repeat[1]"
1,"ownbusiness","Auto-entrepreneur (boutique, commerçant, chauffeur)",NA,NA,"Y","jan feb mar apr dec nov oct may",1,0,1,1,1,0,0,1,1,0,1,1,0,NA,"Male_adult",0,0,0,1,0,0,0,"uuid:7917b63e-fc1b-4b64-bdba-7d837f9173d5","uuid:7917b63e-fc1b-4b64-bdba-7d837f9173d5/survey_grp/offfarm_income_grp/SECTION_Off_Farm_Income/offfarm_income_repeat[1]"
1,"ownbusiness","Auto-entrepreneur (boutique, commerçant, chauffeur)",NA,NA,"Y","jan feb mar apr may jun jul aug sep oct nov dec",1,1,1,1,1,1,1,1,1,0,1,1,1,NA,"Male_Youth",0,0,0,0,0,1,0,"uuid:85c81231-65af-4118-a8ef-0c36f866522d","uuid:85c81231-65af-4118-a8ef-0c36f866522d/survey_grp/offfarm_income_grp/SECTION_Off_Farm_Income/offfarm_income_repeat[1]"
1,"localbusiness","Travaille dans une entreprise locale",NA,NA,"Y","nov jun may apr mar feb jan dec",1,0,1,1,1,0,1,1,1,0,1,0,0,NA,"Male_adult",0,0,0,1,0,0,0,"uuid:ce595681-cb70-4615-924e-766f88a5236d","uuid:ce595681-cb70-4615-924e-766f88a5236d/survey_grp/offfarm_income_grp/SECTION_Off_Farm_Income/offfarm_income_repeat[1]"
1,"otherfarms","Travaille dans d'autres exploitations",NA,NA,"Y","jan feb mar apr may jun oct nov dec",1,0,1,1,1,0,1,1,1,0,1,1,0,NA,"Female_Youth",0,0,1,0,0,0,0,"uuid:557c7ecb-609c-4086-bc92-4d0ba6a15200","uuid:557c7ecb-609c-4086-bc92-4d0ba6a15200/survey_grp/offfarm_income_grp/SECTION_Off_Farm_Income/offfarm_income_repeat[1]"
1,"ownbusiness","Auto-entrepreneur (boutique, commerçant, chauffeur)",NA,NA,"Y","jan feb mar apr may jun jul aug sep oct nov dec",1,1,1,1,1,1,1,1,1,0,1,1,1,NA,"Male_adult",0,0,0,1,0,0,0,"uuid:c571716a-d87f-49d3-861f-35d4872ca2ee","uuid:c571716a-d87f-49d3-861f-35d4872ca2ee/survey_grp/offfarm_income_grp/SECTION_Off_Farm_Income/offfarm_income_repeat[1]"
1,"ownbusiness","Auto-entrepreneur (boutique, commerçant, chauffeur)",NA,NA,"Y","jan feb mar dec nov oct apr",1,0,1,1,1,0,0,1,0,0,1,1,0,NA,"Male_Youth Female_Youth",0,0,1,0,0,1,0,"uuid:a83de8ed-9374-466c-ad36-d2e83e5fd764","uuid:a83de8ed-9374-466c-ad36-d2e83e5fd764/survey_grp/offfarm_income_grp/SECTION_Off_Farm_Income/offfarm_income_repeat[1]"
1,"ownbusiness","Auto-entrepreneur (boutique, commerçant, chauffeur)",NA,NA,"Y","jan feb mar apr dec",1,0,1,1,1,0,0,1,0,0,0,0,0,NA,"Male_adult",0,0,0,1,0,0,0,"uuid:d6302793-73b9-4410-9434-f28613f883f0","uuid:d6302793-73b9-4410-9434-f28613f883f0/survey_grp/offfarm_income_grp/SECTION_Off_Farm_Income/offfarm_income_repeat[1]"
1,"other","Autre",NA,NA,"N","feb mar jan sep may dec",0,0,1,1,1,0,0,1,1,0,0,0,1,NA,"Male_adult",0,0,0,1,0,0,0,"uuid:76e859f2-dd47-44e2-9fef-a77317af0bb4","uuid:76e859f2-dd47-44e2-9fef-a77317af0bb4/survey_grp/offfarm_income_grp/SECTION_Off_Farm_Income/offfarm_income_repeat[1]"
1,"gov_institution","Travaille pour le gouvernement ou une institution publique",NA,NA,"Y","jan feb mar apr may jun jul aug sep oct nov dec",1,1,1,1,1,1,1,1,1,0,1,1,1,NA,"Male_adult",0,0,0,1,0,0,0,"uuid:b50bcfee-dbb5-456b-8e2f-3c54053c9abf","uuid:b50bcfee-dbb5-456b-8e2f-3c54053c9abf/survey_grp/offfarm_income_grp/SECTION_Off_Farm_Income/offfarm_income_repeat[1]"
2,"ownbusiness","Auto-entrepreneur (boutique, commerçant, chauffeur)",NA,NA,"Y","jan feb mar apr may jun jul aug sep oct nov dec",1,1,1,1,1,1,1,1,1,0,1,1,1,NA,"Male_adult",0,0,0,1,0,0,0,"uuid:b50bcfee-dbb5-456b-8e2f-3c54053c9abf","uuid:b50bcfee-dbb5-456b-8e2f-3c54053c9abf/survey_grp/offfarm_income_grp/SECTION_Off_Farm_Income/offfarm_income_repeat[2]"
1,"ownbusiness","Auto-entrepreneur (boutique, commerçant, chauffeur)",NA,NA,"Y","may jun apr mar feb jan oct nov dec",1,0,1,1,1,0,1,1,1,0,1,1,0,NA,"Female_adult",1,0,0,0,0,0,0,"uuid:d50c7d9f-8fdc-4629-966a-3835c0f22572","uuid:d50c7d9f-8fdc-4629-966a-3835c0f22572/survey_grp/offfarm_income_grp/SECTION_Off_Farm_Income/offfarm_income_repeat[1]"
1,"ownbusiness","Auto-entrepreneur (boutique, commerçant, chauffeur)",NA,NA,"Y","jan feb mar apr jun may jul aug sep oct nov dec",1,1,1,1,1,1,1,1,1,0,1,1,1,NA,"Female_adult",1,0,0,0,0,0,0,"uuid:4fecf208-d11c-45d3-80b1-5f8bb980621f","uuid:4fecf208-d11c-45d3-80b1-5f8bb980621f/survey_grp/offfarm_income_grp/SECTION_Off_Farm_Income/offfarm_income_repeat[1]"
1,"gov_institution","Travaille pour le gouvernement ou une institution publique",NA,NA,"N","jan feb mar apr may dec nov",1,0,1,1,1,0,0,1,1,0,1,0,0,NA,"Male_adult Female_Youth",0,0,1,1,0,0,0,"uuid:f0cf1608-55df-4bab-a8ae-477944359d1a","uuid:f0cf1608-55df-4bab-a8ae-477944359d1a/survey_grp/offfarm_income_grp/SECTION_Off_Farm_Income/offfarm_income_repeat[1]"
2,"ownbusiness","Auto-entrepreneur (boutique, commerçant, chauffeur)",NA,NA,"Y","jan feb mar apr may jun jul aug sep oct nov dec",1,1,1,1,1,1,1,1,1,0,1,1,1,NA,"Female_Youth",0,0,1,0,0,0,0,"uuid:f0cf1608-55df-4bab-a8ae-477944359d1a","uuid:f0cf1608-55df-4bab-a8ae-477944359d1a/survey_grp/offfarm_income_grp/SECTION_Off_Farm_Income/offfarm_income_repeat[2]"
1,"ownbusiness","Auto-entrepreneur (boutique, commerçant, chauffeur)",NA,NA,"N","jun jul aug",0,1,0,0,0,1,1,0,0,0,0,0,0,NA,"Male_adult",0,0,0,1,0,0,0,"uuid:792365b8-2c5b-4397-8e89-2a9422d18f8e","uuid:792365b8-2c5b-4397-8e89-2a9422d18f8e/survey_grp/offfarm_income_grp/SECTION_Off_Farm_Income/offfarm_income_repeat[1]"
1,"gov_institution","Travaille pour le gouvernement ou une institution publique",NA,NA,"Y","jan feb mar apr may jun jul aug sep oct nov dec",1,1,1,1,1,1,1,1,1,0,1,1,1,NA,"Male_adult",0,0,0,1,0,0,0,"uuid:76fd8c11-5d74-4d30-8d16-8eacfafca4e1","uuid:76fd8c11-5d74-4d30-8d16-8eacfafca4e1/survey_grp/offfarm_income_grp/SECTION_Off_Farm_Income/offfarm_income_repeat[1]"
2,"ownbusiness","Auto-entrepreneur (boutique, commerçant, chauffeur)",NA,NA,"Y","jan feb mar apr may jun jul aug sep oct nov dec",1,1,1,1,1,1,1,1,1,0,1,1,1,NA,"Male_adult",0,0,0,1,0,0,0,"uuid:76fd8c11-5d74-4d30-8d16-8eacfafca4e1","uuid:76fd8c11-5d74-4d30-8d16-8eacfafca4e1/survey_grp/offfarm_income_grp/SECTION_Off_Farm_Income/offfarm_income_repeat[2]"
3,"other","Autre",NA,NA,"Y","jan feb mar apr may jun jul aug sep oct nov dec",1,1,1,1,1,1,1,1,1,0,1,1,1,NA,"Female_adult Male_adult",1,0,0,1,0,0,0,"uuid:76fd8c11-5d74-4d30-8d16-8eacfafca4e1","uuid:76fd8c11-5d74-4d30-8d16-8eacfafca4e1/survey_grp/offfarm_income_grp/SECTION_Off_Farm_Income/offfarm_income_repeat[3]"
1,"other","Autre",NA,NA,"Y","jan feb mar apr may jun jul aug sep oct nov dec",1,1,1,1,1,1,1,1,1,0,1,1,1,NA,"Male_adult Female_adult",1,0,0,1,0,0,0,"uuid:ec1a1790-d894-4d15-ac83-bb6c4ad04edf","uuid:ec1a1790-d894-4d15-ac83-bb6c4ad04edf/survey_grp/offfarm_income_grp/SECTION_Off_Farm_Income/offfarm_income_repeat[1]"
1,"other","Autre",NA,NA,"Y","jan feb mar apr may jun jul aug sep oct nov dec",1,1,1,1,1,1,1,1,1,0,1,1,1,NA,"Female_adult Male_adult",1,0,0,1,0,0,0,"uuid:a361b0ca-a585-45bd-80f2-64763ae5f7e0","uuid:a361b0ca-a585-45bd-80f2-64763ae5f7e0/survey_grp/offfarm_income_grp/SECTION_Off_Farm_Income/offfarm_income_repeat[1]"
2,"gov_institution","Travaille pour le gouvernement ou une institution publique",NA,NA,"Y","jan feb mar apr jun may jul aug sep oct nov dec",1,1,1,1,1,1,1,1,1,0,1,1,1,NA,"Male_adult Female_adult",1,0,0,1,0,0,0,"uuid:a361b0ca-a585-45bd-80f2-64763ae5f7e0","uuid:a361b0ca-a585-45bd-80f2-64763ae5f7e0/survey_grp/offfarm_income_grp/SECTION_Off_Farm_Income/offfarm_income_repeat[2]"
1,"other","Autre",NA,NA,"Y","jan feb mar jun jul aug sep oct nov dec",0,1,1,1,1,1,1,1,0,0,1,1,1,NA,"Male_adult",0,0,0,1,0,0,0,"uuid:284404af-3dc2-44ec-af35-964b25ecc66c","uuid:284404af-3dc2-44ec-af35-964b25ecc66c/survey_grp/offfarm_income_grp/SECTION_Off_Farm_Income/offfarm_income_repeat[1]"
1,"other","Autre",NA,NA,"Y","jan feb mar apr may jun nov dec",1,0,1,1,1,0,1,1,1,0,1,0,0,NA,"Male_adult",0,0,0,1,0,0,0,"uuid:434ffdae-4523-4b33-a5c0-8d73a5f05352","uuid:434ffdae-4523-4b33-a5c0-8d73a5f05352/survey_grp/offfarm_income_grp/SECTION_Off_Farm_Income/offfarm_income_repeat[1]"
1,"ownbusiness","Auto-entrepreneur (boutique, commerçant, chauffeur)",NA,NA,"N","jul aug sep",0,1,0,0,0,1,0,0,0,0,0,0,1,NA,"Female_adult",1,0,0,0,0,0,0,"uuid:751fe271-3fd4-433c-97ab-7349f49f3e3b","uuid:751fe271-3fd4-433c-97ab-7349f49f3e3b/survey_grp/offfarm_income_grp/SECTION_Off_Farm_Income/offfarm_income_repeat[1]"
1,"localbusiness","Travaille dans une entreprise locale",NA,NA,"N","jan feb mar apr may jun jul aug sep oct nov dec",1,1,1,1,1,1,1,1,1,0,1,1,1,NA,"Female_Youth",0,0,1,0,0,0,0,"uuid:4307a348-d5e3-464f-9027-f4003e1948da","uuid:4307a348-d5e3-464f-9027-f4003e1948da/survey_grp/offfarm_income_grp/SECTION_Off_Farm_Income/offfarm_income_repeat[1]"
1,"other","Autre",NA,NA,"Y","dec nov jun may apr mar jan feb",1,0,1,1,1,0,1,1,1,0,1,0,0,NA,"Male_adult",0,0,0,1,0,0,0,"uuid:92ba4398-9aad-4c72-98ba-a58cba3fb42b","uuid:92ba4398-9aad-4c72-98ba-a58cba3fb42b/survey_grp/offfarm_income_grp/SECTION_Off_Farm_Income/offfarm_income_repeat[1]"
1,"other","Autre",NA,NA,"N","jan feb mar apr may jun jul nov dec",1,0,1,1,1,1,1,1,1,0,1,0,0,NA,"Male_adult",0,0,0,1,0,0,0,"uuid:e64c9764-0335-4372-a472-513dea244140","uuid:e64c9764-0335-4372-a472-513dea244140/survey_grp/offfarm_income_grp/SECTION_Off_Farm_Income/offfarm_income_repeat[1]"
1,"gov_institution","Travaille pour le gouvernement ou une institution publique",NA,NA,"N","jan feb mar apr may dec",1,0,1,1,1,0,0,1,1,0,0,0,0,NA,"Male_adult",0,0,0,1,0,0,0,"uuid:ab77b9f1-9fe0-44f4-9ad1-b8fd7d4f136c","uuid:ab77b9f1-9fe0-44f4-9ad1-b8fd7d4f136c/survey_grp/offfarm_income_grp/SECTION_Off_Farm_Income/offfarm_income_repeat[1]"
1,"other","Autre",NA,NA,"N","jan feb dec",0,0,1,1,1,0,0,0,0,0,0,0,0,NA,"Male_adult",0,0,0,1,0,0,0,"uuid:95de5f8a-ec5e-4402-8e7e-fb11a021eec1","uuid:95de5f8a-ec5e-4402-8e7e-fb11a021eec1/survey_grp/offfarm_income_grp/SECTION_Off_Farm_Income/offfarm_income_repeat[1]"
1,"ownbusiness","Auto-entrepreneur (boutique, commerçant, chauffeur)",NA,NA,"N","jan feb dec",0,0,1,1,1,0,0,0,0,0,0,0,0,NA,"Male_adult",0,0,0,1,0,0,0,"uuid:92d099ac-ea61-4926-8056-ffeade8fd1b4","uuid:92d099ac-ea61-4926-8056-ffeade8fd1b4/survey_grp/offfarm_income_grp/SECTION_Off_Farm_Income/offfarm_income_repeat[1]"
1,"localbusiness","Travaille dans une entreprise locale",NA,NA,"Y","feb jan mar apr may jun oct nov dec jul aug sep",1,1,1,1,1,1,1,1,1,0,1,1,1,NA,"Male_Youth",0,0,0,0,0,1,0,"uuid:c9266ac9-c7b4-4482-b211-7fbf4b212512","uuid:c9266ac9-c7b4-4482-b211-7fbf4b212512/survey_grp/offfarm_income_grp/SECTION_Off_Farm_Income/offfarm_income_repeat[1]"
1,"localbusiness","Travaille dans une entreprise locale",NA,NA,"Y","jan feb apr mar may jun jul aug sep oct nov dec",1,1,1,1,1,1,1,1,1,0,1,1,1,NA,"Male_adult",0,0,0,1,0,0,0,"uuid:bfa8188e-aa24-410a-bc0a-0c1f219fe406","uuid:bfa8188e-aa24-410a-bc0a-0c1f219fe406/survey_grp/offfarm_income_grp/SECTION_Off_Farm_Income/offfarm_income_repeat[1]"
1,"gov_institution","Travaille pour le gouvernement ou une institution publique",NA,NA,"Y","jan feb mar apr jun jul aug sep oct nov dec may",1,1,1,1,1,1,1,1,1,0,1,1,1,NA,"Male_adult",0,0,0,1,0,0,0,"uuid:e92a59a9-1129-429b-ae4b-09eca6e4ca72","uuid:e92a59a9-1129-429b-ae4b-09eca6e4ca72/survey_grp/offfarm_income_grp/SECTION_Off_Farm_Income/offfarm_income_repeat[1]"
1,"gov_institution","Travaille pour le gouvernement ou une institution publique",NA,NA,"Y","nov dec oct sep aug jul jun may apr feb jan",1,1,1,1,1,1,1,0,1,0,1,1,1,NA,"Male_adult Female_adult",1,0,0,1,0,0,0,"uuid:4adec367-c786-475e-b40f-4f748028af21","uuid:4adec367-c786-475e-b40f-4f748028af21/survey_grp/offfarm_income_grp/SECTION_Off_Farm_Income/offfarm_income_repeat[1]"
1,"localbusiness","Travaille dans une entreprise locale",NA,NA,"Y","jan feb mar apr may jun jul aug sep oct nov",1,1,0,1,1,1,1,1,1,0,1,1,1,NA,"no_answer",0,0,0,0,0,0,1,"uuid:1e3c35d6-33b3-4282-9295-dc46df271ec5","uuid:1e3c35d6-33b3-4282-9295-dc46df271ec5/survey_grp/offfarm_income_grp/SECTION_Off_Farm_Income/offfarm_income_repeat[1]"
1,"ownbusiness","Auto-entrepreneur (boutique, commerçant, chauffeur)",NA,NA,"Y","jan feb apr mar may jun jul sep oct aug nov dec",1,1,1,1,1,1,1,1,1,0,1,1,1,NA,"Male_adult",0,0,0,1,0,0,0,"uuid:2f2da079-7033-4ff2-af8b-715e7883bdde","uuid:2f2da079-7033-4ff2-af8b-715e7883bdde/survey_grp/offfarm_income_grp/SECTION_Off_Farm_Income/offfarm_income_repeat[1]"
1,"ownbusiness","Auto-entrepreneur (boutique, commerçant, chauffeur)",NA,NA,"Y","jan feb mar apr may jun jul aug sep oct nov dec",1,1,1,1,1,1,1,1,1,0,1,1,1,NA,"Male_adult",0,0,0,1,0,0,0,"uuid:82091b05-6e9b-4095-b20e-42fdda397dbb","uuid:82091b05-6e9b-4095-b20e-42fdda397dbb/survey_grp/offfarm_income_grp/SECTION_Off_Farm_Income/offfarm_income_repeat[1]"
1,"otherfarms","Travaille dans d'autres exploitations",NA,NA,"Y","oct nov dec jan feb mar apr",1,0,1,1,1,0,0,1,0,0,1,1,0,NA,"no_answer",0,0,0,0,0,0,1,"uuid:d1a61c5f-dcbf-4298-9cff-6aa730ce200c","uuid:d1a61c5f-dcbf-4298-9cff-6aa730ce200c/survey_grp/offfarm_income_grp/SECTION_Off_Farm_Income/offfarm_income_repeat[1]"
1,"ownbusiness","Auto-entrepreneur (boutique, commerçant, chauffeur)",NA,NA,"Y","jan feb mar apr may jun jul aug sep nov oct dec",1,1,1,1,1,1,1,1,1,0,1,1,1,NA,"Female_Youth",0,0,1,0,0,0,0,"uuid:c215d096-0e9b-4dd2-8a4d-ca5949f260eb","uuid:c215d096-0e9b-4dd2-8a4d-ca5949f260eb/survey_grp/offfarm_income_grp/SECTION_Off_Farm_Income/offfarm_income_repeat[1]"
1,"ownbusiness","Auto-entrepreneur (boutique, commerçant, chauffeur)",NA,NA,"Y","jan feb mar apr may jun jul aug sep oct nov dec",1,1,1,1,1,1,1,1,1,0,1,1,1,NA,"Male_adult",0,0,0,1,0,0,0,"uuid:174d02fb-ffec-4cb7-803d-154c1e4c6c9e","uuid:174d02fb-ffec-4cb7-803d-154c1e4c6c9e/survey_grp/offfarm_income_grp/SECTION_Off_Farm_Income/offfarm_income_repeat[1]"
1,"otherfarms","Travaille dans d'autres exploitations",NA,NA,"Y","oct nov dec jan feb mar apr",1,0,1,1,1,0,0,1,0,0,1,1,0,NA,"no_answer",0,0,0,0,0,0,1,"uuid:a1b4a8db-c7f6-4558-a9de-0c24f264d637","uuid:a1b4a8db-c7f6-4558-a9de-0c24f264d637/survey_grp/offfarm_income_grp/SECTION_Off_Farm_Income/offfarm_income_repeat[1]"
1,"gov_institution","Travaille pour le gouvernement ou une institution publique",NA,NA,"Y","jan mar feb apr may jun jul aug sep oct nov dec",1,1,1,1,1,1,1,1,1,0,1,1,1,NA,"Male_adult",0,0,0,1,0,0,0,"uuid:31b092a5-ccab-43cb-8f1c-3c8f916501e7","uuid:31b092a5-ccab-43cb-8f1c-3c8f916501e7/survey_grp/offfarm_income_grp/SECTION_Off_Farm_Income/offfarm_income_repeat[1]"
1,"ownbusiness","Auto-entrepreneur (boutique, commerçant, chauffeur)",NA,NA,"Y","jan mar feb apr may dec nov oct",1,0,1,1,1,0,0,1,1,0,1,1,0,NA,"Male_Child",0,0,0,0,1,0,0,"uuid:ef2438e4-9190-4d1f-b3a3-fa4cbc776181","uuid:ef2438e4-9190-4d1f-b3a3-fa4cbc776181/survey_grp/offfarm_income_grp/SECTION_Off_Farm_Income/offfarm_income_repeat[1]"
1,"localbusiness","Travaille dans une entreprise locale",NA,NA,"Y","dec nov oct sep aug jul jun may apr mar feb jan",1,1,1,1,1,1,1,1,1,0,1,1,1,NA,"Male_Child",0,0,0,0,1,0,0,"uuid:5ba1a777-d63b-4d8a-8f08-c2c68f621f58","uuid:5ba1a777-d63b-4d8a-8f08-c2c68f621f58/survey_grp/offfarm_income_grp/SECTION_Off_Farm_Income/offfarm_income_repeat[1]"
1,"other","Autre",NA,NA,"Y","dec nov oct may feb",0,0,1,1,0,0,0,0,1,0,1,1,0,NA,"Male_adult",0,0,0,1,0,0,0,"uuid:9324a6e6-b810-4972-aee1-dc70af3f4e2f","uuid:9324a6e6-b810-4972-aee1-dc70af3f4e2f/survey_grp/offfarm_income_grp/SECTION_Off_Farm_Income/offfarm_income_repeat[1]"
1,"gov_institution","Travaille pour le gouvernement ou une institution publique",NA,NA,"Y","jan feb mar apr may jun jul aug sep oct nov dec",1,1,1,1,1,1,1,1,1,0,1,1,1,NA,"Female_Youth",0,0,1,0,0,0,0,"uuid:cc05c495-e597-43fa-a96c-4ae7ca1041a0","uuid:cc05c495-e597-43fa-a96c-4ae7ca1041a0/survey_grp/offfarm_income_grp/SECTION_Off_Farm_Income/offfarm_income_repeat[1]"
1,"gov_institution","Travaille pour le gouvernement ou une institution publique",NA,NA,"Y","jan feb mar apr may jun jul aug sep oct nov dec",1,1,1,1,1,1,1,1,1,0,1,1,1,NA,"Female_Youth",0,0,1,0,0,0,0,"uuid:7e040a08-0f78-48ff-a295-d9c192bc1ed5","uuid:7e040a08-0f78-48ff-a295-d9c192bc1ed5/survey_grp/offfarm_income_grp/SECTION_Off_Farm_Income/offfarm_income_repeat[1]"
1,"otherfarms","Travaille dans d'autres exploitations",NA,NA,"Y","jan feb mar apr may jun jul aug sep oct nov dec",1,1,1,1,1,1,1,1,1,0,1,1,1,NA,"Female_Youth",0,0,1,0,0,0,0,"uuid:6bdc2802-60b5-4254-b2c7-9fa1f95cc145","uuid:6bdc2802-60b5-4254-b2c7-9fa1f95cc145/survey_grp/offfarm_income_grp/SECTION_Off_Farm_Income/offfarm_income_repeat[1]"
1,"otherfarms","Travaille dans d'autres exploitations",NA,NA,"Y","jan feb mar apr may jun jul aug sep oct nov dec",1,1,1,1,1,1,1,1,1,0,1,1,1,NA,"Male_Youth",0,0,0,0,0,1,0,"uuid:07b20aed-87ea-4150-9f3b-80ee0601f271","uuid:07b20aed-87ea-4150-9f3b-80ee0601f271/survey_grp/offfarm_income_grp/SECTION_Off_Farm_Income/offfarm_income_repeat[1]"
1,"ownbusiness","Auto-entrepreneur (boutique, commerçant, chauffeur)",NA,NA,"Y","dec oct jun aug",0,1,1,0,0,0,1,0,0,0,0,1,0,NA,"no_answer",0,0,0,0,0,0,1,"uuid:28a41229-94d9-4fd8-b4d0-608c38cec3c4","uuid:28a41229-94d9-4fd8-b4d0-608c38cec3c4/survey_grp/offfarm_income_grp/SECTION_Off_Farm_Income/offfarm_income_repeat[1]"
1,"other","Autre",NA,NA,"Y","jan feb mar apr may jun jul aug sep oct nov dec",1,1,1,1,1,1,1,1,1,0,1,1,1,NA,"Male_adult",0,0,0,1,0,0,0,"uuid:2ab2e190-3fb7-4581-8599-c1d658f8220f","uuid:2ab2e190-3fb7-4581-8599-c1d658f8220f/survey_grp/offfarm_income_grp/SECTION_Off_Farm_Income/offfarm_income_repeat[1]"
1,"other","Autre",NA,NA,"N","jan feb mar apr may jun dec",1,0,1,1,1,0,1,1,1,0,0,0,0,NA,"Male_adult",0,0,0,1,0,0,0,"uuid:e191edc0-a4af-459c-a6ff-bfd4d37738cb","uuid:e191edc0-a4af-459c-a6ff-bfd4d37738cb/survey_grp/offfarm_income_grp/SECTION_Off_Farm_Income/offfarm_income_repeat[1]"
1,"gov_institution","Travaille pour le gouvernement ou une institution publique",NA,NA,"Y","jan feb mar may jun jul aug sep oct nov dec",0,1,1,1,1,1,1,1,1,0,1,1,1,NA,"Male_adult",0,0,0,1,0,0,0,"uuid:2d5d5f07-3568-43fc-8728-c21af320de25","uuid:2d5d5f07-3568-43fc-8728-c21af320de25/survey_grp/offfarm_income_grp/SECTION_Off_Farm_Income/offfarm_income_repeat[1]"
1,"localbusiness","Travaille dans une entreprise locale",NA,NA,"Y","jan feb mar apr may jun jul aug sep oct nov dec",1,1,1,1,1,1,1,1,1,0,1,1,1,NA,"no_answer",0,0,0,0,0,0,1,"uuid:885b9f24-b4c2-4869-b503-81152a9fc54c","uuid:885b9f24-b4c2-4869-b503-81152a9fc54c/survey_grp/offfarm_income_grp/SECTION_Off_Farm_Income/offfarm_income_repeat[1]"
1,"ownbusiness","Auto-entrepreneur (boutique, commerçant, chauffeur)",NA,NA,"Y","jan mar feb apr may jun jul aug sep oct nov dec",1,1,1,1,1,1,1,1,1,0,1,1,1,NA,"Male_adult",0,0,0,1,0,0,0,"uuid:f688f5cc-e4a7-4a86-967f-e68fd2f34b61","uuid:f688f5cc-e4a7-4a86-967f-e68fd2f34b61/survey_grp/offfarm_income_grp/SECTION_Off_Farm_Income/offfarm_income_repeat[1]"
1,"otherlabour","Travaille, pas dans une exploitation",NA,NA,"N","nov dec jan feb",0,0,1,1,1,0,0,0,0,0,1,0,0,NA,"Female_adult",1,0,0,0,0,0,0,"uuid:30852675-d633-46a2-89e7-4d2a643763fa","uuid:30852675-d633-46a2-89e7-4d2a643763fa/survey_grp/offfarm_income_grp/SECTION_Off_Farm_Income/offfarm_income_repeat[1]"
1,"ownbusiness","Auto-entrepreneur (boutique, commerçant, chauffeur)",NA,NA,"Y","oct nov jan feb",0,0,0,1,1,0,0,0,0,0,1,1,0,NA,"Female_adult",1,0,0,0,0,0,0,"uuid:083ede75-0526-477b-ab10-0ef8f72589f0","uuid:083ede75-0526-477b-ab10-0ef8f72589f0/survey_grp/offfarm_income_grp/SECTION_Off_Farm_Income/offfarm_income_repeat[1]"
1,"other","Autre",NA,NA,"Y","jan feb mar apr may jun jul sep aug oct nov dec",1,1,1,1,1,1,1,1,1,0,1,1,1,NA,"Male_adult",0,0,0,1,0,0,0,"uuid:33e2a6fa-7908-454c-bb7b-eee9ef6f471a","uuid:33e2a6fa-7908-454c-bb7b-eee9ef6f471a/survey_grp/offfarm_income_grp/SECTION_Off_Farm_Income/offfarm_income_repeat[1]"
1,"other","Autre",NA,NA,"N","jan feb mar apr may jun nov dec",1,0,1,1,1,0,1,1,1,0,1,0,0,NA,"Male_adult",0,0,0,1,0,0,0,"uuid:64fff025-2391-4548-9526-54ccae0c7045","uuid:64fff025-2391-4548-9526-54ccae0c7045/survey_grp/offfarm_income_grp/SECTION_Off_Farm_Income/offfarm_income_repeat[1]"
1,"other","Autre",NA,NA,"Y","jan mar feb apr may jun jul aug nov dec oct sep",1,1,1,1,1,1,1,1,1,0,1,1,1,NA,"Male_adult",0,0,0,1,0,0,0,"uuid:914021ac-c2a0-4c0c-bc6e-eb072fd9b871","uuid:914021ac-c2a0-4c0c-bc6e-eb072fd9b871/survey_grp/offfarm_income_grp/SECTION_Off_Farm_Income/offfarm_income_repeat[1]"
1,"localbusiness","Travaille dans une entreprise locale",NA,NA,"Y","jan feb mar apr may nov dec oct",1,0,1,1,1,0,0,1,1,0,1,1,0,NA,"Male_Child",0,0,0,0,1,0,0,"uuid:7da57c3e-3951-4e9b-ab9a-cc134cbc422f","uuid:7da57c3e-3951-4e9b-ab9a-cc134cbc422f/survey_grp/offfarm_income_grp/SECTION_Off_Farm_Income/offfarm_income_repeat[1]"
1,"localbusiness","Travaille dans une entreprise locale",NA,NA,"Y","jan feb mar apr may jun jul aug sep oct nov dec",1,1,1,1,1,1,1,1,1,0,1,1,1,NA,"Male_adult",0,0,0,1,0,0,0,"uuid:fb508533-2bbc-4302-bf9e-2504bc86f14e","uuid:fb508533-2bbc-4302-bf9e-2504bc86f14e/survey_grp/offfarm_income_grp/SECTION_Off_Farm_Income/offfarm_income_repeat[1]"
1,"ownbusiness","Auto-entrepreneur (boutique, commerçant, chauffeur)",NA,NA,"Y","jan dec nov oct feb mar apr may",1,0,1,1,1,0,0,1,1,0,1,1,0,NA,"Male_Child",0,0,0,0,1,0,0,"uuid:a0ed3753-af4c-4066-8a3b-63143fc903d3","uuid:a0ed3753-af4c-4066-8a3b-63143fc903d3/survey_grp/offfarm_income_grp/SECTION_Off_Farm_Income/offfarm_income_repeat[1]"
1,"ownbusiness","Auto-entrepreneur (boutique, commerçant, chauffeur)",NA,NA,"Y","jan feb mar apr may jun jul aug sep oct nov dec",1,1,1,1,1,1,1,1,1,0,1,1,1,NA,"Female_adult",1,0,0,0,0,0,0,"uuid:ae619372-09d9-484d-8b6d-30c3bfec4eb1","uuid:ae619372-09d9-484d-8b6d-30c3bfec4eb1/survey_grp/offfarm_income_grp/SECTION_Off_Farm_Income/offfarm_income_repeat[1]"
1,"ownbusiness","Auto-entrepreneur (boutique, commerçant, chauffeur)",NA,NA,"Y","jan feb mar apr may",1,0,0,1,1,0,0,1,1,0,0,0,0,NA,"Female_Youth",0,0,1,0,0,0,0,"uuid:57c6aabb-a0c4-48ec-a64e-1ad071ae043b","uuid:57c6aabb-a0c4-48ec-a64e-1ad071ae043b/survey_grp/offfarm_income_grp/SECTION_Off_Farm_Income/offfarm_income_repeat[1]"
1,"otherfarms","Travaille dans d'autres exploitations",NA,NA,"N","jan feb mar",0,0,0,1,1,0,0,1,0,0,0,0,0,NA,"Female_adult",1,0,0,0,0,0,0,"uuid:97020b68-2ded-4895-ba4c-003d9cfb22a3","uuid:97020b68-2ded-4895-ba4c-003d9cfb22a3/survey_grp/offfarm_income_grp/SECTION_Off_Farm_Income/offfarm_income_repeat[1]"
1,"other","Autre",NA,NA,"Y","jan feb mar apr may jun aug sep jul dec nov oct",1,1,1,1,1,1,1,1,1,0,1,1,1,NA,"Male_adult",0,0,0,1,0,0,0,"uuid:ff1d26f6-79f8-455e-811c-281f2ac56a9a","uuid:ff1d26f6-79f8-455e-811c-281f2ac56a9a/survey_grp/offfarm_income_grp/SECTION_Off_Farm_Income/offfarm_income_repeat[1]"
1,"other","Autre",NA,NA,"Y","sep aug jul oct",0,1,0,0,0,1,0,0,0,0,0,1,1,NA,"Male_adult",0,0,0,1,0,0,0,"uuid:91444178-6186-49b3-9068-56b84dea7e5c","uuid:91444178-6186-49b3-9068-56b84dea7e5c/survey_grp/offfarm_income_grp/SECTION_Off_Farm_Income/offfarm_income_repeat[1]"
1,"otherfarms","Travaille dans d'autres exploitations",NA,NA,"N","jan feb mar jun jul aug apr may",1,1,0,1,1,1,1,1,1,0,0,0,0,NA,"Male_adult",0,0,0,1,0,0,0,"uuid:84c90284-7ccf-42dc-8462-390a6cb3f0a1","uuid:84c90284-7ccf-42dc-8462-390a6cb3f0a1/survey_grp/offfarm_income_grp/SECTION_Off_Farm_Income/offfarm_income_repeat[1]"
1,"other","Autre",NA,NA,"N","no_answer",0,0,0,0,0,0,0,0,0,1,0,0,0,NA,"Male_adult",0,0,0,1,0,0,0,"uuid:9854aae9-d447-458a-b972-0430ba023262","uuid:9854aae9-d447-458a-b972-0430ba023262/survey_grp/offfarm_income_grp/SECTION_Off_Farm_Income/offfarm_income_repeat[1]"
1,"remittances","Versements (envoi d'argent)",NA,NA,"Y","nov dec",0,0,1,0,0,0,0,0,0,0,1,0,0,NA,"Male_adult",0,0,0,1,0,0,0,"uuid:ae00d902-097c-42e0-9f9f-d0c1f9970906","uuid:ae00d902-097c-42e0-9f9f-d0c1f9970906/survey_grp/offfarm_income_grp/SECTION_Off_Farm_Income/offfarm_income_repeat[1]"
2,"localbusiness","Travaille dans une entreprise locale",NA,NA,"N","nov dec",0,0,1,0,0,0,0,0,0,0,1,0,0,NA,"Male_adult",0,0,0,1,0,0,0,"uuid:ae00d902-097c-42e0-9f9f-d0c1f9970906","uuid:ae00d902-097c-42e0-9f9f-d0c1f9970906/survey_grp/offfarm_income_grp/SECTION_Off_Farm_Income/offfarm_income_repeat[2]"
3,"other","Autre",NA,NA,"Y","jan feb mar",0,0,0,1,1,0,0,1,0,0,0,0,0,NA,"Male_adult",0,0,0,1,0,0,0,"uuid:ae00d902-097c-42e0-9f9f-d0c1f9970906","uuid:ae00d902-097c-42e0-9f9f-d0c1f9970906/survey_grp/offfarm_income_grp/SECTION_Off_Farm_Income/offfarm_income_repeat[3]"
1,"ownbusiness","Auto-entrepreneur (boutique, commerçant, chauffeur)",NA,NA,"Y","jan feb mar apr may jun jul aug sep oct nov dec",1,1,1,1,1,1,1,1,1,0,1,1,1,NA,"Male_adult",0,0,0,1,0,0,0,"uuid:b34c4d21-f11e-418b-bac8-0cbc49bae2c3","uuid:b34c4d21-f11e-418b-bac8-0cbc49bae2c3/survey_grp/offfarm_income_grp/SECTION_Off_Farm_Income/offfarm_income_repeat[1]"
1,"otherlabour","Travaille, pas dans une exploitation",NA,NA,"N","jan feb mar apr may",1,0,0,1,1,0,0,1,1,0,0,0,0,NA,"Male_adult",0,0,0,1,0,0,0,"uuid:9788ef4c-a6a8-4a2d-96c8-35effbceec6c","uuid:9788ef4c-a6a8-4a2d-96c8-35effbceec6c/survey_grp/offfarm_income_grp/SECTION_Off_Farm_Income/offfarm_income_repeat[1]"
2,"localbusiness","Travaille dans une entreprise locale",NA,NA,"N","jan feb mar apr may",1,0,0,1,1,0,0,1,1,0,0,0,0,NA,"Female_adult",1,0,0,0,0,0,0,"uuid:9788ef4c-a6a8-4a2d-96c8-35effbceec6c","uuid:9788ef4c-a6a8-4a2d-96c8-35effbceec6c/survey_grp/offfarm_income_grp/SECTION_Off_Farm_Income/offfarm_income_repeat[2]"
1,"ownbusiness","Auto-entrepreneur (boutique, commerçant, chauffeur)",NA,NA,"Y","dec sep oct nov aug jul jun may apr mar feb jan",1,1,1,1,1,1,1,1,1,0,1,1,1,NA,"Female_adult",1,0,0,0,0,0,0,"uuid:5f51894e-1e45-49d5-8552-bfd44fed8412","uuid:5f51894e-1e45-49d5-8552-bfd44fed8412/survey_grp/offfarm_income_grp/SECTION_Off_Farm_Income/offfarm_income_repeat[1]"
1,"ownbusiness","Auto-entrepreneur (boutique, commerçant, chauffeur)",NA,NA,"Y","jul aug sep may",0,1,0,0,0,1,0,0,1,0,0,0,1,NA,"Male_Child",0,0,0,0,1,0,0,"uuid:c0d49d98-4727-4d1a-bfb6-497e0e69f815","uuid:c0d49d98-4727-4d1a-bfb6-497e0e69f815/survey_grp/offfarm_income_grp/SECTION_Off_Farm_Income/offfarm_income_repeat[1]"
1,"ownbusiness","Auto-entrepreneur (boutique, commerçant, chauffeur)",NA,NA,"Y","no_answer",0,0,0,0,0,0,0,0,0,1,0,0,0,NA,"Male_adult",0,0,0,1,0,0,0,"uuid:9998ad3e-247b-4946-a922-ded0ecb4ecbc","uuid:9998ad3e-247b-4946-a922-ded0ecb4ecbc/survey_grp/offfarm_income_grp/SECTION_Off_Farm_Income/offfarm_income_repeat[1]"
1,"ownbusiness","Auto-entrepreneur (boutique, commerçant, chauffeur)",NA,NA,"Y","no_answer",0,0,0,0,0,0,0,0,0,1,0,0,0,NA,"Female_adult",1,0,0,0,0,0,0,"uuid:78eb0ac5-4a99-40e8-8c45-4512b1642920","uuid:78eb0ac5-4a99-40e8-8c45-4512b1642920/survey_grp/offfarm_income_grp/SECTION_Off_Farm_Income/offfarm_income_repeat[1]"
2,"gov_institution","Travaille pour le gouvernement ou une institution publique",NA,NA,"Y","jul aug sep",0,1,0,0,0,1,0,0,0,0,0,0,1,NA,"Female_adult",1,0,0,0,0,0,0,"uuid:78eb0ac5-4a99-40e8-8c45-4512b1642920","uuid:78eb0ac5-4a99-40e8-8c45-4512b1642920/survey_grp/offfarm_income_grp/SECTION_Off_Farm_Income/offfarm_income_repeat[2]"
1,"other","Autre",NA,NA,"N","jan feb",0,0,0,1,1,0,0,0,0,0,0,0,0,NA,"Male_adult",0,0,0,1,0,0,0,"uuid:a477d2f8-de29-4c84-adc8-4530f75d71c8","uuid:a477d2f8-de29-4c84-adc8-4530f75d71c8/survey_grp/offfarm_income_grp/SECTION_Off_Farm_Income/offfarm_income_repeat[1]"
1,"ownbusiness","Auto-entrepreneur (boutique, commerçant, chauffeur)",NA,NA,"Y","jan feb",0,0,0,1,1,0,0,0,0,0,0,0,0,NA,"Male_adult",0,0,0,1,0,0,0,"uuid:69e4ef35-fca9-44fe-a7d7-ccde9bc08bff","uuid:69e4ef35-fca9-44fe-a7d7-ccde9bc08bff/survey_grp/offfarm_income_grp/SECTION_Off_Farm_Income/offfarm_income_repeat[1]"
2,"localbusiness","Travaille dans une entreprise locale",NA,NA,"Y","jan feb",0,0,0,1,1,0,0,0,0,0,0,0,0,NA,"Male_adult",0,0,0,1,0,0,0,"uuid:69e4ef35-fca9-44fe-a7d7-ccde9bc08bff","uuid:69e4ef35-fca9-44fe-a7d7-ccde9bc08bff/survey_grp/offfarm_income_grp/SECTION_Off_Farm_Income/offfarm_income_repeat[2]"
